Date,Location ISO Code,Location,New Cases,New Deaths,New Recovered,New Active Cases,Total Cases,Total Deaths,Total Recovered,Total Active Cases,Location Level,City or Regency,Province,Country,Continent,Island,Time Zone,Special Status,Total Regencies,Total Cities,Total Districts,Total Urban Villages,Total Rural Villages,Area (km2),Population,Population Density,Longitude,Latitude,New Cases per Million,Total Cases per Million,New Deaths per Million,Total Deaths per Million,Case Fatality Rate,Case Recovered Rate,Growth Factor of New Cases,Growth Factor of New Deaths
3/1/2020,ID-JK,DKI Jakarta,3,0,0,3,3,0,0,3,Province,,DKI Jakarta,Indonesia,Asia,Jawa,UTC+07:00,Daerah Khusus Ibu Kota,1,5,44,267,,664,10846145,16334.31,106.8361183,-6.204698991,0.28,0.28,0.00,0.00,0.00%,0.00%,,
3/1/2020,ID-JB,Jawa Barat,3,0,0,3,3,0,0,3,Province,,Jawa Barat,Indonesia,Asia,Jawa,UTC+07:00,,18,9,627,645,5312,35378,45161325,1276.55,107.6037083,-6.920432083,0.07,0.07,0.00,0.00,0.00%,0.00%,,
3/2/2020,ID-JK,DKI Jakarta,2,0,0,2,5,0,0,5,Province,,DKI Jakarta,Indonesia,Asia,Jawa,UTC+07:00,Daerah Khusus Ibu Kota,1,5,44,267,,664,10846145,16334.31,106.8361183,-6.204698991,0.18,0.46,0.00,0.00,0.00%,0.00%,0.67,1.00
3/2/2020,ID-JB,Jawa Barat,0,0,0,0,3,0,0,3,Province,,Jawa Barat,Indonesia,Asia,Jawa,UTC+07:00,,18,9,627,645,5312,35378,45161325,1276.55,107.6037083,-6.920432083,0.00,0.07,0.00,0.00,0.00%,0.00%,0.00,1.00
3/2/2020,IDN,Indonesia,2,0,0,2,2,0,0,2,Country,,,Indonesia,Asia,,,,416,98,7230,8488,74953,1916907,265185520,138.34,113.921327,-0.789275,0.01,0.01,0.00,0.00,0.00%,0.00%,,
3/3/2020,ID-JK,DKI Jakarta,2,0,0,2,7,0,0,7,Province,,DKI Jakarta,Indonesia,Asia,Jawa,UTC+07:00,Daerah Khusus Ibu Kota,1,5,44,267,,664,10846145,16334.31,106.8361183,-6.204698991,0.18,0.65,0.00,0.00,0.00%,0.00%,1.00,1.00
3/3/2020,ID-JB,Jawa Barat,0,1,0,-1,3,1,0,2,Province,,Jawa Barat,Indonesia,Asia,Jawa,UTC+07:00,,18,9,627,645,5312,35378,45161325,1276.55,107.6037083,-6.920432083,0.00,0.07,0.02,0.02,33.33%,0.00%,1.00,
3/3/2020,IDN,Indonesia,0,0,0,0,2,0,0,2,Country,,,Indonesia,Asia,,,,416,98,7230,8488,74953,1916907,265185520,138.34,113.921327,-0.789275,0.00,0.01,0.00,0.00,0.00%,0.00%,0.00,1.00
3/4/2020,ID-JK,DKI Jakarta,2,0,0,2,9,0,0,9,Province,,DKI Jakarta,Indonesia,Asia,Jawa,UTC+07:00,Daerah Khusus Ibu Kota,1,5,44,267,,664,10846145,16334.31,106.8361183,-6.204698991,0.18,0.83,0.00,0.00,0.00%,0.00%,1.00,1.00
3/4/2020,ID-JB,Jawa Barat,1,0,0,1,4,1,0,3,Province,,Jawa Barat,Indonesia,Asia,Jawa,UTC+07:00,,18,9,627,645,5312,35378,45161325,1276.55,107.6037083,-6.920432083,0.02,0.09,0.00,0.02,25.00%,0.00%,,0.00
3/4/2020,IDN,Indonesia,0,0,0,0,2,0,0,2,Country,,,Indonesia,Asia,,,,416,98,7230,8488,74953,1916907,265185520,138.34,113.921327,-0.789275,0.00,0.01,0.00,0.00,0.00%,0.00%,1.00,1.00
3/5/2020,ID-JK,DKI Jakarta,0,2,0,-2,9,2,0,7,Province,,DKI Jakarta,Indonesia,Asia,Jawa,UTC+07:00,Daerah Khusus Ibu Kota,1,5,44,267,,664,10846145,16334.31,106.8361183,-6.204698991,0.00,0.83,0.18,0.18,22.22%,0.00%,0.00,
3/5/2020,ID-JB,Jawa Barat,0,1,0,-1,4,2,0,2,Province,,Jawa Barat,Indonesia,Asia,Jawa,UTC+07:00,,18,9,627,645,5312,35378,45161325,1276.55,107.6037083,-6.920432083,0.00,0.09,0.02,0.04,50.00%,0.00%,0.00,
3/5/2020,IDN,Indonesia,0,0,0,0,2,0,0,2,Country,,,Indonesia,Asia,,,,416,98,7230,8488,74953,1916907,265185520,138.34,113.921327,-0.789275,0.00,0.01,0.00,0.00,0.00%,0.00%,1.00,1.00
3/6/2020,ID-BT,Banten,1,0,0,1,1,0,0,1,Province,,Banten,Indonesia,Asia,Jawa,UTC+07:00,,4,4,155,313,1238,9663,10722374,1109.64,106.1090043,-6.456736388,0.09,0.09,0.00,0.00,0.00%,0.00%,,
3/6/2020,ID-JK,DKI Jakarta,0,0,0,0,9,2,0,7,Province,,DKI Jakarta,Indonesia,Asia,Jawa,UTC+07:00,Daerah Khusus Ibu Kota,1,5,44,267,,664,10846145,16334.31,106.8361183,-6.204698991,0.00,0.83,0.00,0.18,22.22%,0.00%,1.00,0.00
3/6/2020,ID-JB,Jawa Barat,0,0,0,0,4,2,0,2,Province,,Jawa Barat,Indonesia,Asia,Jawa,UTC+07:00,,18,9,627,645,5312,35378,45161325,1276.55,107.6037083,-6.920432083,0.00,0.09,0.00,0.04,50.00%,0.00%,1.00,0.00
3/6/2020,IDN,Indonesia,2,0,0,2,4,0,0,4,Country,,,Indonesia,Asia,,,,416,98,7230,8488,74953,1916907,265185520,138.34,113.921327,-0.789275,0.01,0.02,0.00,0.00,0.00%,0.00%,,1.00
3/7/2020,ID-BT,Banten,0,0,0,0,1,0,0,1,Province,,Banten,Indonesia,Asia,Jawa,UTC+07:00,,4,4,155,313,1238,9663,10722374,1109.64,106.1090043,-6.456736388,0.00,0.09,0.00,0.00,0.00%,0.00%,0.00,1.00
3/7/2020,ID-JK,DKI Jakarta,0,2,0,-2,9,4,0,5,Province,,DKI Jakarta,Indonesia,Asia,Jawa,UTC+07:00,Daerah Khusus Ibu Kota,1,5,44,267,,664,10846145,16334.31,106.8361183,-6.204698991,0.00,0.83,0.18,0.37,44.44%,0.00%,1.00,
3/7/2020,ID-JB,Jawa Barat,0,0,0,0,4,2,0,2,Province,,Jawa Barat,Indonesia,Asia,Jawa,UTC+07:00,,18,9,627,645,5312,35378,45161325,1276.55,107.6037083,-6.920432083,0.00,0.09,0.00,0.04,50.00%,0.00%,1.00,1.00
3/7/2020,IDN,Indonesia,0,0,0,0,4,0,0,4,Country,,,Indonesia,Asia,,,,416,98,7230,8488,74953,1916907,265185520,138.34,113.921327,-0.789275,0.00,0.02,0.00,0.00,0.00%,0.00%,0.00,1.00
3/8/2020,ID-BT,Banten,1,0,0,1,2,0,0,2,Province,,Banten,Indonesia,Asia,Jawa,UTC+07:00,,4,4,155,313,1238,9663,10722374,1109.64,106.1090043,-6.456736388,0.09,0.19,0.00,0.00,0.00%,0.00%,,1.00
3/8/2020,ID-JK,DKI Jakarta,0,0,0,0,9,4,0,5,Province,,DKI Jakarta,Indonesia,Asia,Jawa,UTC+07:00,Daerah Khusus Ibu Kota,1,5,44,267,,664,10846145,16334.31,106.8361183,-6.204698991,0.00,0.83,0.00,0.37,44.44%,0.00%,1.00,0.00
3/8/2020,ID-JB,Jawa Barat,0,0,0,0,4,2,0,2,Province,,Jawa Barat,Indonesia,Asia,Jawa,UTC+07:00,,18,9,627,645,5312,35378,45161325,1276.55,107.6037083,-6.920432083,0.00,0.09,0.00,0.04,50.00%,0.00%,1.00,1.00
3/8/2020,IDN,Indonesia,2,0,0,2,6,0,0,6,Country,,,Indonesia,Asia,,,,416,98,7230,8488,74953,1916907,265185520,138.34,113.921327,-0.789275,0.01,0.02,0.00,0.00,0.00%,0.00%,,1.00
3/9/2020,ID-BT,Banten,0,0,0,0,2,0,0,2,Province,,Banten,Indonesia,Asia,Jawa,UTC+07:00,,4,4,155,313,1238,9663,10722374,1109.64,106.1090043,-6.456736388,0.00,0.19,0.00,0.00,0.00%,0.00%,0.00,1.00
3/9/2020,ID-JK,DKI Jakarta,0,1,0,-1,9,5,0,4,Province,,DKI Jakarta,Indonesia,Asia,Jawa,UTC+07:00,Daerah Khusus Ibu Kota,1,5,44,267,,664,10846145,16334.31,106.8361183,-6.204698991,0.00,0.83,0.09,0.46,55.56%,0.00%,1.00,
3/9/2020,ID-JB,Jawa Barat,0,0,0,0,4,2,0,2,Province,,Jawa Barat,Indonesia,Asia,Jawa,UTC+07:00,,18,9,627,645,5312,35378,45161325,1276.55,107.6037083,-6.920432083,0.00,0.09,0.00,0.04,50.00%,0.00%,1.00,1.00
3/9/2020,IDN,Indonesia,13,0,0,13,19,0,0,19,Country,,,Indonesia,Asia,,,,416,98,7230,8488,74953,1916907,265185520,138.34,113.921327,-0.789275,0.05,0.07,0.00,0.00,0.00%,0.00%,6.50,1.00
3/10/2020,ID-BT,Banten,0,0,0,0,2,0,0,2,Province,,Banten,Indonesia,Asia,Jawa,UTC+07:00,,4,4,155,313,1238,9663,10722374,1109.64,106.1090043,-6.456736388,0.00,0.19,0.00,0.00,0.00%,0.00%,1.00,1.00
3/10/2020,ID-JK,DKI Jakarta,0,0,0,0,9,5,0,4,Province,,DKI Jakarta,Indonesia,Asia,Jawa,UTC+07:00,Daerah Khusus Ibu Kota,1,5,44,267,,664,10846145,16334.31,106.8361183,-6.204698991,0.00,0.83,0.00,0.46,55.56%,0.00%,1.00,0.00
3/10/2020,ID-JB,Jawa Barat,0,0,0,0,4,2,0,2,Province,,Jawa Barat,Indonesia,Asia,Jawa,UTC+07:00,,18,9,627,645,5312,35378,45161325,1276.55,107.6037083,-6.920432083,0.00,0.09,0.00,0.04,50.00%,0.00%,1.00,1.00
3/10/2020,IDN,Indonesia,8,0,2,6,27,0,2,25,Country,,,Indonesia,Asia,,,,416,98,7230,8488,74953,1916907,265185520,138.34,113.921327,-0.789275,0.03,0.10,0.00,0.00,0.00%,7.41%,0.62,1.00
3/11/2020,ID-BT,Banten,0,0,0,0,2,0,0,2,Province,,Banten,Indonesia,Asia,Jawa,UTC+07:00,,4,4,155,313,1238,9663,10722374,1109.64,106.1090043,-6.456736388,0.00,0.19,0.00,0.00,0.00%,0.00%,1.00,1.00
3/11/2020,ID-JK,DKI Jakarta,0,0,0,0,9,5,0,4,Province,,DKI Jakarta,Indonesia,Asia,Jawa,UTC+07:00,Daerah Khusus Ibu Kota,1,5,44,267,,664,10846145,16334.31,106.8361183,-6.204698991,0.00,0.83,0.00,0.46,55.56%,0.00%,1.00,1.00
3/11/2020,ID-JB,Jawa Barat,0,1,0,-1,4,3,0,1,Province,,Jawa Barat,Indonesia,Asia,Jawa,UTC+07:00,,18,9,627,645,5312,35378,45161325,1276.55,107.6037083,-6.920432083,0.00,0.09,0.02,0.07,75.00%,0.00%,1.00,
3/11/2020,IDN,Indonesia,7,1,0,6,34,1,2,31,Country,,,Indonesia,Asia,,,,416,98,7230,8488,74953,1916907,265185520,138.34,113.921327,-0.789275,0.03,0.13,0.00,0.00,2.94%,5.88%,0.88,
3/12/2020,ID-BT,Banten,0,1,0,-1,2,1,0,1,Province,,Banten,Indonesia,Asia,Jawa,UTC+07:00,,4,4,155,313,1238,9663,10722374,1109.64,106.1090043,-6.456736388,0.00,0.19,0.09,0.09,50.00%,0.00%,1.00,
3/12/2020,ID-JK,DKI Jakarta,0,1,4,-5,9,6,4,-1,Province,,DKI Jakarta,Indonesia,Asia,Jawa,UTC+07:00,Daerah Khusus Ibu Kota,1,5,44,267,,664,10846145,16334.31,106.8361183,-6.204698991,0.00,0.83,0.09,0.55,66.67%,44.44%,1.00,
3/12/2020,ID-JB,Jawa Barat,0,0,0,0,4,3,0,1,Province,,Jawa Barat,Indonesia,Asia,Jawa,UTC+07:00,,18,9,627,645,5312,35378,45161325,1276.55,107.6037083,-6.920432083,0.00,0.09,0.00,0.07,75.00%,0.00%,1.00,0.00
3/12/2020,IDN,Indonesia,0,0,0,0,34,1,2,31,Country,,,Indonesia,Asia,,,,416,98,7230,8488,74953,1916907,265185520,138.34,113.921327,-0.789275,0.00,0.13,0.00,0.00,2.94%,5.88%,0.00,0.00
3/13/2020,ID-BT,Banten,1,0,0,1,3,1,0,2,Province,,Banten,Indonesia,Asia,Jawa,UTC+07:00,,4,4,155,313,1238,9663,10722374,1109.64,106.1090043,-6.456736388,0.09,0.28,0.00,0.09,33.33%,0.00%,,0.00
3/13/2020,ID-JK,DKI Jakarta,0,1,3,-4,9,7,7,-5,Province,,DKI Jakarta,Indonesia,Asia,Jawa,UTC+07:00,Daerah Khusus Ibu Kota,1,5,44,267,,664,10846145,16334.31,106.8361183,-6.204698991,0.00,0.83,0.09,0.65,77.78%,77.78%,1.00,1.00
3/13/2020,ID-JB,Jawa Barat,3,0,4,-1,7,3,4,0,Province,,Jawa Barat,Indonesia,Asia,Jawa,UTC+07:00,,18,9,627,645,5312,35378,45161325,1276.55,107.6037083,-6.920432083,0.07,0.15,0.00,0.07,42.86%,57.14%,,1.00
3/13/2020,IDN,Indonesia,35,3,0,32,69,4,2,63,Country,,,Indonesia,Asia,,,,416,98,7230,8488,74953,1916907,265185520,138.34,113.921327,-0.789275,0.13,0.26,0.01,0.02,5.80%,2.90%,,
3/14/2020,ID-KI,Kalimantan Timur,3,0,0,3,3,0,0,3,Province,,Kalimantan Timur,Indonesia,Asia,Kalimantan,UTC+08:00,,7,3,103,197,841,129067,3552191,27.52,116.4684405,0.45385803,0.84,0.84,0.00,0.00,0.00%,0.00%,,
3/14/2020,ID-BT,Banten,1,0,0,1,4,1,0,3,Province,,Banten,Indonesia,Asia,Jawa,UTC+07:00,,4,4,155,313,1238,9663,10722374,1109.64,106.1090043,-6.456736388,0.09,0.37,0.00,0.09,25.00%,0.00%,1.00,1.00
3/14/2020,ID-JK,DKI Jakarta,1,1,1,-1,10,8,8,-6,Province,,DKI Jakarta,Indonesia,Asia,Jawa,UTC+07:00,Daerah Khusus Ibu Kota,1,5,44,267,,664,10846145,16334.31,106.8361183,-6.204698991,0.09,0.92,0.09,0.74,80.00%,80.00%,,1.00
3/14/2020,ID-JB,Jawa Barat,0,0,0,0,7,3,4,0,Province,,Jawa Barat,Indonesia,Asia,Jawa,UTC+07:00,,18,9,627,645,5312,35378,45161325,1276.55,107.6037083,-6.920432083,0.00,0.15,0.00,0.07,42.86%,57.14%,0.00,1.00
3/14/2020,IDN,Indonesia,27,1,6,20,96,5,8,83,Country,,,Indonesia,Asia,,,,416,98,7230,8488,74953,1916907,265185520,138.34,113.921327,-0.789275,0.10,0.36,0.00,0.02,5.21%,8.33%,0.77,0.33
3/15/2020,ID-KI,Kalimantan Timur,2,0,0,2,5,0,0,5,Province,,Kalimantan Timur,Indonesia,Asia,Kalimantan,UTC+08:00,,7,3,103,197,841,129067,3552191,27.52,116.4684405,0.45385803,0.56,1.41,0.00,0.00,0.00%,0.00%,0.67,1.00
3/15/2020,ID-BT,Banten,1,0,0,1,5,1,0,4,Province,,Banten,Indonesia,Asia,Jawa,UTC+07:00,,4,4,155,313,1238,9663,10722374,1109.64,106.1090043,-6.456736388,0.09,0.47,0.00,0.09,20.00%,0.00%,1.00,1.00
3/15/2020,ID-JK,DKI Jakarta,6,3,0,3,16,11,8,-3,Province,,DKI Jakarta,Indonesia,Asia,Jawa,UTC+07:00,Daerah Khusus Ibu Kota,1,5,44,267,,664,10846145,16334.31,106.8361183,-6.204698991,0.55,1.48,0.28,1.01,68.75%,50.00%,6.00,3.00
3/15/2020,ID-JB,Jawa Barat,0,0,0,0,7,3,4,0,Province,,Jawa Barat,Indonesia,Asia,Jawa,UTC+07:00,,18,9,627,645,5312,35378,45161325,1276.55,107.6037083,-6.920432083,0.00,0.15,0.00,0.07,42.86%,57.14%,1.00,1.00
3/15/2020,IDN,Indonesia,21,0,0,21,117,5,8,104,Country,,,Indonesia,Asia,,,,416,98,7230,8488,74953,1916907,265185520,138.34,113.921327,-0.789275,0.08,0.44,0.00,0.02,4.27%,6.84%,0.78,0.00
3/16/2020,ID-KI,Kalimantan Timur,1,0,0,1,6,0,0,6,Province,,Kalimantan Timur,Indonesia,Asia,Kalimantan,UTC+08:00,,7,3,103,197,841,129067,3552191,27.52,116.4684405,0.45385803,0.28,1.69,0.00,0.00,0.00%,0.00%,0.50,1.00
3/16/2020,ID-BT,Banten,1,0,0,1,6,1,0,5,Province,,Banten,Indonesia,Asia,Jawa,UTC+07:00,,4,4,155,313,1238,9663,10722374,1109.64,106.1090043,-6.456736388,0.09,0.56,0.00,0.09,16.67%,0.00%,1.00,1.00
3/16/2020,ID-JK,DKI Jakarta,1,3,0,-2,17,14,8,-5,Province,,DKI Jakarta,Indonesia,Asia,Jawa,UTC+07:00,Daerah Khusus Ibu Kota,1,5,44,267,,664,10846145,16334.31,106.8361183,-6.204698991,0.09,1.57,0.28,1.29,82.35%,47.06%,0.17,1.00
3/16/2020,ID-JB,Jawa Barat,0,0,0,0,7,3,4,0,Province,,Jawa Barat,Indonesia,Asia,Jawa,UTC+07:00,,18,9,627,645,5312,35378,45161325,1276.55,107.6037083,-6.920432083,0.00,0.15,0.00,0.07,42.86%,57.14%,1.00,1.00
3/16/2020,IDN,Indonesia,17,0,0,17,134,5,8,121,Country,,,Indonesia,Asia,,,,416,98,7230,8488,74953,1916907,265185520,138.34,113.921327,-0.789275,0.06,0.51,0.00,0.02,3.73%,5.97%,0.81,1.00
3/16/2020,ID-YO,Daerah Istimewa Yogyakarta,1,0,0,1,1,0,0,1,Province,,Daerah Istimewa Yogyakarta,Indonesia,Asia,Jawa,UTC+07:00,Daerah Istimewa,4,1,78,46,392,3133,3631015,1158.90,110.4448783,-7.89450185,0.28,0.28,0.00,0.00,0.00%,0.00%,,
3/17/2020,ID-SU,Sumatera Utara,1,1,0,0,1,1,0,0,Province,,Sumatera Utara,Indonesia,Asia,Sumatera,UTC+07:00,,25,8,450,693,5417,72981,14874889,203.82,99.05196442,2.191894453,0.07,0.07,0.07,0.07,100.00%,0.00%,,
3/17/2020,ID-KI,Kalimantan Timur,1,0,0,1,7,0,0,7,Province,,Kalimantan Timur,Indonesia,Asia,Kalimantan,UTC+08:00,,7,3,103,197,841,129067,3552191,27.52,116.4684405,0.45385803,0.28,1.97,0.00,0.00,0.00%,0.00%,1.00,1.00
3/17/2020,ID-BT,Banten,0,1,0,-1,6,2,0,4,Province,,Banten,Indonesia,Asia,Jawa,UTC+07:00,,4,4,155,313,1238,9663,10722374,1109.64,106.1090043,-6.456736388,0.00,0.56,0.09,0.19,33.33%,0.00%,0.00,
3/17/2020,ID-JK,DKI Jakarta,1,1,0,0,18,15,8,-5,Province,,DKI Jakarta,Indonesia,Asia,Jawa,UTC+07:00,Daerah Khusus Ibu Kota,1,5,44,267,,664,10846145,16334.31,106.8361183,-6.204698991,0.09,1.66,0.09,1.38,83.33%,44.44%,1.00,0.33
3/17/2020,IDN,Indonesia,38,0,1,37,172,5,9,158,Country,,,Indonesia,Asia,,,,416,98,7230,8488,74953,1916907,265185520,138.34,113.921327,-0.789275,0.14,0.65,0.00,0.02,2.91%,5.23%,2.24,1.00
3/17/2020,ID-YO,Daerah Istimewa Yogyakarta,0,0,0,0,1,0,0,1,Province,,Daerah Istimewa Yogyakarta,Indonesia,Asia,Jawa,UTC+07:00,Daerah Istimewa,4,1,78,46,392,3133,3631015,1158.90,110.4448783,-7.89450185,0.00,0.28,0.00,0.00,0.00%,0.00%,0.00,1.00
3/17/2020,ID-JB,Jawa Barat,1,0,0,1,8,3,4,1,Province,,Jawa Barat,Indonesia,Asia,Jawa,UTC+07:00,,18,9,627,645,5312,35378,45161325,1276.55,107.6037083,-6.920432083,0.02,0.18,0.00,0.07,37.50%,50.00%,,1.00
3/18/2020,ID-SU,Sumatera Utara,0,0,0,0,1,1,0,0,Province,,Sumatera Utara,Indonesia,Asia,Sumatera,UTC+07:00,,25,8,450,693,5417,72981,14874889,203.82,99.05196442,2.191894453,0.00,0.07,0.00,0.07,100.00%,0.00%,0.00,0.00
3/18/2020,ID-KI,Kalimantan Timur,0,0,0,0,7,0,0,7,Province,,Kalimantan Timur,Indonesia,Asia,Kalimantan,UTC+08:00,,7,3,103,197,841,129067,3552191,27.52,116.4684405,0.45385803,0.00,1.97,0.00,0.00,0.00%,0.00%,0.00,1.00
3/18/2020,ID-BT,Banten,0,0,0,0,6,2,0,4,Province,,Banten,Indonesia,Asia,Jawa,UTC+07:00,,4,4,155,313,1238,9663,10722374,1109.64,106.1090043,-6.456736388,0.00,0.56,0.00,0.19,33.33%,0.00%,1.00,0.00
3/18/2020,ID-JK,DKI Jakarta,0,1,0,-1,18,16,8,-6,Province,,DKI Jakarta,Indonesia,Asia,Jawa,UTC+07:00,Daerah Khusus Ibu Kota,1,5,44,267,,664,10846145,16334.31,106.8361183,-6.204698991,0.00,1.66,0.09,1.48,88.89%,44.44%,0.00,1.00
3/18/2020,ID-YO,Daerah Istimewa Yogyakarta,0,0,0,0,1,0,0,1,Province,,Daerah Istimewa Yogyakarta,Indonesia,Asia,Jawa,UTC+07:00,Daerah Istimewa,4,1,78,46,392,3133,3631015,1158.90,110.4448783,-7.89450185,0.00,0.28,0.00,0.00,0.00%,0.00%,1.00,1.00
3/18/2020,ID-JB,Jawa Barat,0,1,1,-2,8,4,5,-1,Province,,Jawa Barat,Indonesia,Asia,Jawa,UTC+07:00,,18,9,627,645,5312,35378,45161325,1276.55,107.6037083,-6.920432083,0.00,0.18,0.02,0.09,50.00%,62.50%,0.00,
3/18/2020,ID-JT,Jawa Tengah,1,1,0,0,1,1,0,0,Province,,Jawa Tengah,Indonesia,Asia,Jawa,UTC+07:00,,29,6,576,753,7809,32801,36364072,1108.64,110.2011149,-7.259097177,0.03,0.03,0.03,0.03,100.00%,0.00%,,
3/18/2020,ID-JI,Jawa Timur,2,0,0,2,2,0,0,2,Province,,Jawa Timur,Indonesia,Asia,Jawa,UTC+07:00,,29,9,666,777,7724,47803,40479023,846.78,112.7329414,-7.723345579,0.05,0.05,0.00,0.00,0.00%,0.00%,,
3/18/2020,IDN,Indonesia,55,14,2,39,227,19,11,197,Country,,,Indonesia,Asia,,,,416,98,7230,8488,74953,1916907,265185520,138.34,113.921327,-0.789275,0.21,0.86,0.05,0.07,8.37%,4.85%,1.45,
3/19/2020,ID-SU,Sumatera Utara,0,0,0,0,1,1,0,0,Province,,Sumatera Utara,Indonesia,Asia,Sumatera,UTC+07:00,,25,8,450,693,5417,72981,14874889,203.82,99.05196442,2.191894453,0.00,0.07,0.00,0.07,100.00%,0.00%,1.00,1.00
3/19/2020,ID-KI,Kalimantan Timur,0,0,0,0,7,0,0,7,Province,,Kalimantan Timur,Indonesia,Asia,Kalimantan,UTC+08:00,,7,3,103,197,841,129067,3552191,27.52,116.4684405,0.45385803,0.00,1.97,0.00,0.00,0.00%,0.00%,1.00,1.00
3/19/2020,ID-BT,Banten,0,1,0,-1,6,3,0,3,Province,,Banten,Indonesia,Asia,Jawa,UTC+07:00,,4,4,155,313,1238,9663,10722374,1109.64,106.1090043,-6.456736388,0.00,0.56,0.09,0.28,50.00%,0.00%,1.00,
3/19/2020,ID-YO,Daerah Istimewa Yogyakarta,0,0,0,0,1,0,0,1,Province,,Daerah Istimewa Yogyakarta,Indonesia,Asia,Jawa,UTC+07:00,Daerah Istimewa,4,1,78,46,392,3133,3631015,1158.90,110.4448783,-7.89450185,0.00,0.28,0.00,0.00,0.00%,0.00%,1.00,1.00
3/19/2020,ID-JI,Jawa Timur,0,0,1,-1,2,0,1,1,Province,,Jawa Timur,Indonesia,Asia,Jawa,UTC+07:00,,29,9,666,777,7724,47803,40479023,846.78,112.7329414,-7.723345579,0.00,0.05,0.00,0.00,0.00%,50.00%,0.00,1.00
3/19/2020,IDN,Indonesia,82,6,4,72,309,25,15,269,Country,,,Indonesia,Asia,,,,416,98,7230,8488,74953,1916907,265185520,138.34,113.921327,-0.789275,0.31,1.17,0.02,0.09,8.09%,4.85%,1.49,0.43
3/19/2020,ID-JK,DKI Jakarta,1,0,1,0,19,16,9,-6,Province,,DKI Jakarta,Indonesia,Asia,Jawa,UTC+07:00,Daerah Khusus Ibu Kota,1,5,44,267,,664,10846145,16334.31,106.8361183,-6.204698991,0.09,1.75,0.00,1.48,84.21%,47.37%,,0.00
3/19/2020,ID-JB,Jawa Barat,0,1,0,-1,8,5,5,-2,Province,,Jawa Barat,Indonesia,Asia,Jawa,UTC+07:00,,18,9,627,645,5312,35378,45161325,1276.55,107.6037083,-6.920432083,0.00,0.18,0.02,0.11,62.50%,62.50%,1.00,1.00
3/19/2020,ID-JT,Jawa Tengah,1,0,0,1,2,1,0,1,Province,,Jawa Tengah,Indonesia,Asia,Jawa,UTC+07:00,,29,6,576,753,7809,32801,36364072,1108.64,110.2011149,-7.259097177,0.03,0.05,0.00,0.03,50.00%,0.00%,1.00,0.00
3/20/2020,ID-SU,Sumatera Utara,0,0,0,0,1,1,0,0,Province,,Sumatera Utara,Indonesia,Asia,Sumatera,UTC+07:00,,25,8,450,693,5417,72981,14874889,203.82,99.05196442,2.191894453,0.00,0.07,0.00,0.07,100.00%,0.00%,1.00,1.00
3/20/2020,ID-KI,Kalimantan Timur,0,0,0,0,7,0,0,7,Province,,Kalimantan Timur,Indonesia,Asia,Kalimantan,UTC+08:00,,7,3,103,197,841,129067,3552191,27.52,116.4684405,0.45385803,0.00,1.97,0.00,0.00,0.00%,0.00%,1.00,1.00
3/20/2020,ID-BT,Banten,0,1,0,-1,6,4,0,2,Province,,Banten,Indonesia,Asia,Jawa,UTC+07:00,,4,4,155,313,1238,9663,10722374,1109.64,106.1090043,-6.456736388,0.00,0.56,0.09,0.37,66.67%,0.00%,1.00,1.00
3/20/2020,ID-JI,Jawa Timur,0,0,0,0,2,0,1,1,Province,,Jawa Timur,Indonesia,Asia,Jawa,UTC+07:00,,29,9,666,777,7724,47803,40479023,846.78,112.7329414,-7.723345579,0.00,0.05,0.00,0.00,0.00%,50.00%,1.00,1.00
3/20/2020,ID-JB,Jawa Barat,2,2,0,0,10,7,5,-2,Province,,Jawa Barat,Indonesia,Asia,Jawa,UTC+07:00,,18,9,627,645,5312,35378,45161325,1276.55,107.6037083,-6.920432083,0.04,0.22,0.04,0.15,70.00%,50.00%,,2.00
3/20/2020,ID-JT,Jawa Tengah,2,0,0,2,4,1,0,3,Province,,Jawa Tengah,Indonesia,Asia,Jawa,UTC+07:00,,29,6,576,753,7809,32801,36364072,1108.64,110.2011149,-7.259097177,0.05,0.11,0.00,0.03,25.00%,0.00%,2.00,1.00
3/20/2020,ID-YO,Daerah Istimewa Yogyakarta,0,0,1,-1,1,0,1,0,Province,,Daerah Istimewa Yogyakarta,Indonesia,Asia,Jawa,UTC+07:00,Daerah Istimewa,4,1,78,46,392,3133,3631015,1158.90,110.4448783,-7.89450185,0.00,0.28,0.00,0.00,0.00%,100.00%,1.00,1.00
3/20/2020,IDN,Indonesia,60,7,2,51,369,32,17,320,Country,,,Indonesia,Asia,,,,416,98,7230,8488,74953,1916907,265185520,138.34,113.921327,-0.789275,0.23,1.39,0.03,0.12,8.67%,4.61%,0.73,1.17
3/20/2020,ID-JK,DKI Jakarta,1,3,1,-3,20,19,10,-9,Province,,DKI Jakarta,Indonesia,Asia,Jawa,UTC+07:00,Daerah Khusus Ibu Kota,1,5,44,267,,664,10846145,16334.31,106.8361183,-6.204698991,0.09,1.84,0.28,1.75,95.00%,50.00%,1.00,
3/21/2020,ID-SU,Sumatera Utara,0,0,0,0,1,1,0,0,Province,,Sumatera Utara,Indonesia,Asia,Sumatera,UTC+07:00,,25,8,450,693,5417,72981,14874889,203.82,99.05196442,2.191894453,0.00,0.07,0.00,0.07,100.00%,0.00%,1.00,1.00
3/21/2020,ID-KI,Kalimantan Timur,0,0,0,0,7,0,0,7,Province,,Kalimantan Timur,Indonesia,Asia,Kalimantan,UTC+08:00,,7,3,103,197,841,129067,3552191,27.52,116.4684405,0.45385803,0.00,1.97,0.00,0.00,0.00%,0.00%,1.00,1.00
3/21/2020,ID-BT,Banten,0,0,0,0,6,4,0,2,Province,,Banten,Indonesia,Asia,Jawa,UTC+07:00,,4,4,155,313,1238,9663,10722374,1109.64,106.1090043,-6.456736388,0.00,0.56,0.00,0.37,66.67%,0.00%,1.00,0.00
3/21/2020,ID-JB,Jawa Barat,0,0,0,0,10,7,5,-2,Province,,Jawa Barat,Indonesia,Asia,Jawa,UTC+07:00,,18,9,627,645,5312,35378,45161325,1276.55,107.6037083,-6.920432083,0.00,0.22,0.00,0.15,70.00%,50.00%,0.00,0.00
3/21/2020,IDN,Indonesia,81,6,3,72,450,38,20,392,Country,,,Indonesia,Asia,,,,416,98,7230,8488,74953,1916907,265185520,138.34,113.921327,-0.789275,0.31,1.70,0.02,0.14,8.44%,4.44%,1.35,0.86
3/21/2020,ID-JK,DKI Jakarta,0,3,6,-9,20,22,16,-18,Province,,DKI Jakarta,Indonesia,Asia,Jawa,UTC+07:00,Daerah Khusus Ibu Kota,1,5,44,267,,664,10846145,16334.31,106.8361183,-6.204698991,0.00,1.84,0.28,2.03,110.00%,80.00%,0.00,1.00
3/21/2020,ID-JI,Jawa Timur,0,0,0,0,2,0,1,1,Province,,Jawa Timur,Indonesia,Asia,Jawa,UTC+07:00,,29,9,666,777,7724,47803,40479023,846.78,112.7329414,-7.723345579,0.00,0.05,0.00,0.00,0.00%,50.00%,1.00,1.00
3/21/2020,ID-JT,Jawa Tengah,1,1,0,0,5,2,0,3,Province,,Jawa Tengah,Indonesia,Asia,Jawa,UTC+07:00,,29,6,576,753,7809,32801,36364072,1108.64,110.2011149,-7.259097177,0.03,0.14,0.03,0.05,40.00%,0.00%,0.50,
3/21/2020,ID-YO,Daerah Istimewa Yogyakarta,0,0,0,0,1,0,1,0,Province,,Daerah Istimewa Yogyakarta,Indonesia,Asia,Jawa,UTC+07:00,Daerah Istimewa,4,1,78,46,392,3133,3631015,1158.90,110.4448783,-7.89450185,0.00,0.28,0.00,0.00,0.00%,100.00%,1.00,1.00
3/21/2020,ID-SN,Sulawesi Selatan,2,0,0,2,2,0,0,2,Province,,Sulawesi Selatan,Indonesia,Asia,Sulawesi,UTC+08:00,,21,3,311,792,2255,46717,9426885,201.78,120.1620559,-3.731080714,0.21,0.21,0.00,0.00,0.00%,0.00%,,
3/22/2020,ID-SU,Sumatera Utara,0,0,0,0,1,1,0,0,Province,,Sumatera Utara,Indonesia,Asia,Sumatera,UTC+07:00,,25,8,450,693,5417,72981,14874889,203.82,99.05196442,2.191894453,0.00,0.07,0.00,0.07,100.00%,0.00%,1.00,1.00
3/22/2020,ID-KI,Kalimantan Timur,0,0,0,0,7,0,0,7,Province,,Kalimantan Timur,Indonesia,Asia,Kalimantan,UTC+08:00,,7,3,103,197,841,129067,3552191,27.52,116.4684405,0.45385803,0.00,1.97,0.00,0.00,0.00%,0.00%,1.00,1.00
3/22/2020,ID-BT,Banten,0,0,0,0,6,4,0,2,Province,,Banten,Indonesia,Asia,Jawa,UTC+07:00,,4,4,155,313,1238,9663,10722374,1109.64,106.1090043,-6.456736388,0.00,0.56,0.00,0.37,66.67%,0.00%,1.00,1.00
3/22/2020,IDN,Indonesia,64,10,9,45,514,48,29,437,Country,,,Indonesia,Asia,,,,416,98,7230,8488,74953,1916907,265185520,138.34,113.921327,-0.789275,0.24,1.94,0.04,0.18,9.34%,5.64%,0.79,1.67
3/22/2020,ID-YO,Daerah Istimewa Yogyakarta,0,0,0,0,1,0,1,0,Province,,Daerah Istimewa Yogyakarta,Indonesia,Asia,Jawa,UTC+07:00,Daerah Istimewa,4,1,78,46,392,3133,3631015,1158.90,110.4448783,-7.89450185,0.00,0.28,0.00,0.00,0.00%,100.00%,1.00,1.00
3/22/2020,ID-SN,Sulawesi Selatan,2,0,0,2,4,0,0,4,Province,,Sulawesi Selatan,Indonesia,Asia,Sulawesi,UTC+08:00,,21,3,311,792,2255,46717,9426885,201.78,120.1620559,-3.731080714,0.21,0.42,0.00,0.00,0.00%,0.00%,1.00,1.00
3/22/2020,ID-MA,Maluku,1,0,0,1,1,0,0,1,Province,,Maluku,Indonesia,Asia,Maluku,UTC+09:00,,9,2,118,35,1198,46914,1847097,39.37,129.576792,-3.192572,0.54,0.54,0.00,0.00,0.00%,0.00%,,
3/22/2020,ID-JB,Jawa Barat,0,3,0,-3,10,10,5,-5,Province,,Jawa Barat,Indonesia,Asia,Jawa,UTC+07:00,,18,9,627,645,5312,35378,45161325,1276.55,107.6037083,-6.920432083,0.00,0.22,0.07,0.22,100.00%,50.00%,1.00,
3/22/2020,ID-PA,Papua,2,0,0,2,2,0,0,2,Province,,Papua,Indonesia,Asia,Papua,UTC+09:00,Daerah Khusus,28,1,560,110,5411,319036,4340348,13.60,138.69603,-4.66620953,0.46,0.46,0.00,0.00,0.00%,0.00%,,
3/22/2020,ID-JK,DKI Jakarta,0,0,3,-3,20,22,19,-21,Province,,DKI Jakarta,Indonesia,Asia,Jawa,UTC+07:00,Daerah Khusus Ibu Kota,1,5,44,267,,664,10846145,16334.31,106.8361183,-6.204698991,0.00,1.84,0.00,2.03,110.00%,95.00%,1.00,0.00
3/22/2020,ID-JT,Jawa Tengah,0,0,0,0,5,2,0,3,Province,,Jawa Tengah,Indonesia,Asia,Jawa,UTC+07:00,,29,6,576,753,7809,32801,36364072,1108.64,110.2011149,-7.259097177,0.00,0.14,0.00,0.05,40.00%,0.00%,0.00,0.00
3/22/2020,ID-JI,Jawa Timur,0,0,0,0,2,0,1,1,Province,,Jawa Timur,Indonesia,Asia,Jawa,UTC+07:00,,29,9,666,777,7724,47803,40479023,846.78,112.7329414,-7.723345579,0.00,0.05,0.00,0.00,0.00%,50.00%,1.00,1.00
3/23/2020,ID-SU,Sumatera Utara,0,0,0,0,1,1,0,0,Province,,Sumatera Utara,Indonesia,Asia,Sumatera,UTC+07:00,,25,8,450,693,5417,72981,14874889,203.82,99.05196442,2.191894453,0.00,0.07,0.00,0.07,100.00%,0.00%,1.00,1.00
3/23/2020,ID-KI,Kalimantan Timur,1,0,0,1,8,0,0,8,Province,,Kalimantan Timur,Indonesia,Asia,Kalimantan,UTC+08:00,,7,3,103,197,841,129067,3552191,27.52,116.4684405,0.45385803,0.28,2.25,0.00,0.00,0.00%,0.00%,,1.00
3/23/2020,ID-BT,Banten,0,0,0,0,6,4,0,2,Province,,Banten,Indonesia,Asia,Jawa,UTC+07:00,,4,4,155,313,1238,9663,10722374,1109.64,106.1090043,-6.456736388,0.00,0.56,0.00,0.37,66.67%,0.00%,1.00,1.00
3/23/2020,ID-SN,Sulawesi Selatan,0,1,0,-1,4,1,0,3,Province,,Sulawesi Selatan,Indonesia,Asia,Sulawesi,UTC+08:00,,21,3,311,792,2255,46717,9426885,201.78,120.1620559,-3.731080714,0.00,0.42,0.11,0.11,25.00%,0.00%,0.00,
3/23/2020,ID-JT,Jawa Tengah,3,0,0,3,8,2,0,6,Province,,Jawa Tengah,Indonesia,Asia,Jawa,UTC+07:00,,29,6,576,753,7809,32801,36364072,1108.64,110.2011149,-7.259097177,0.08,0.22,0.00,0.05,25.00%,0.00%,,1.00
3/23/2020,ID-JI,Jawa Timur,0,0,0,0,2,0,1,1,Province,,Jawa Timur,Indonesia,Asia,Jawa,UTC+07:00,,29,9,666,777,7724,47803,40479023,846.78,112.7329414,-7.723345579,0.00,0.05,0.00,0.00,0.00%,50.00%,1.00,1.00
3/23/2020,IDN,Indonesia,65,1,1,63,579,49,30,500,Country,,,Indonesia,Asia,,,,416,98,7230,8488,74953,1916907,265185520,138.34,113.921327,-0.789275,0.25,2.18,0.00,0.18,8.46%,5.18%,1.02,0.10
3/23/2020,ID-YO,Daerah Istimewa Yogyakarta,0,1,0,-1,1,1,1,-1,Province,,Daerah Istimewa Yogyakarta,Indonesia,Asia,Jawa,UTC+07:00,Daerah Istimewa,4,1,78,46,392,3133,3631015,1158.90,110.4448783,-7.89450185,0.00,0.28,0.28,0.28,100.00%,100.00%,1.00,
3/23/2020,ID-MU,Maluku Utara,1,0,0,1,1,0,0,1,Province,,Maluku Utara,Indonesia,Asia,Maluku,UTC+09:00,,8,2,116,118,1063,31983,1307803,40.89,127.5391072,0.212036949,0.76,0.76,0.00,0.00,0.00%,0.00%,,
3/23/2020,ID-MA,Maluku,0,0,0,0,1,0,0,1,Province,,Maluku,Indonesia,Asia,Maluku,UTC+09:00,,9,2,118,35,1198,46914,1847097,39.37,129.576792,-3.192572,0.00,0.54,0.00,0.00,0.00%,0.00%,0.00,1.00
3/23/2020,ID-JB,Jawa Barat,0,2,0,-2,10,12,5,-7,Province,,Jawa Barat,Indonesia,Asia,Jawa,UTC+07:00,,18,9,627,645,5312,35378,45161325,1276.55,107.6037083,-6.920432083,0.00,0.22,0.04,0.27,120.00%,50.00%,1.00,0.67
3/23/2020,ID-JK,DKI Jakarta,0,0,0,0,20,22,19,-21,Province,,DKI Jakarta,Indonesia,Asia,Jawa,UTC+07:00,Daerah Khusus Ibu Kota,1,5,44,267,,664,10846145,16334.31,106.8361183,-6.204698991,0.00,1.84,0.00,2.03,110.00%,95.00%,1.00,1.00
3/23/2020,ID-PA,Papua,0,0,0,0,2,0,0,2,Province,,Papua,Indonesia,Asia,Papua,UTC+09:00,Daerah Khusus,28,1,560,110,5411,319036,4340348,13.60,138.69603,-4.66620953,0.00,0.46,0.00,0.00,0.00%,0.00%,0.00,1.00
3/24/2020,ID-SU,Sumatera Utara,0,0,0,0,1,1,0,0,Province,,Sumatera Utara,Indonesia,Asia,Sumatera,UTC+07:00,,25,8,450,693,5417,72981,14874889,203.82,99.05196442,2.191894453,0.00,0.07,0.00,0.07,100.00%,0.00%,1.00,1.00
3/24/2020,ID-KI,Kalimantan Timur,0,0,0,0,8,0,0,8,Province,,Kalimantan Timur,Indonesia,Asia,Kalimantan,UTC+08:00,,7,3,103,197,841,129067,3552191,27.52,116.4684405,0.45385803,0.00,2.25,0.00,0.00,0.00%,0.00%,0.00,1.00
3/24/2020,ID-BT,Banten,0,0,1,-1,6,4,1,1,Province,,Banten,Indonesia,Asia,Jawa,UTC+07:00,,4,4,155,313,1238,9663,10722374,1109.64,106.1090043,-6.456736388,0.00,0.56,0.00,0.37,66.67%,16.67%,1.00,1.00
3/24/2020,IDN,Indonesia,106,6,0,100,685,55,30,600,Country,,,Indonesia,Asia,,,,416,98,7230,8488,74953,1916907,265185520,138.34,113.921327,-0.789275,0.40,2.58,0.02,0.21,8.03%,4.38%,1.63,6.00
3/24/2020,ID-JK,DKI Jakarta,0,20,3,-23,20,42,22,-44,Province,,DKI Jakarta,Indonesia,Asia,Jawa,UTC+07:00,Daerah Khusus Ibu Kota,1,5,44,267,,664,10846145,16334.31,106.8361183,-6.204698991,0.00,1.84,1.84,3.87,210.00%,110.00%,1.00,
3/24/2020,ID-PA,Papua,0,0,0,0,2,0,0,2,Province,,Papua,Indonesia,Asia,Papua,UTC+09:00,Daerah Khusus,28,1,560,110,5411,319036,4340348,13.60,138.69603,-4.66620953,0.00,0.46,0.00,0.00,0.00%,0.00%,1.00,1.00
3/24/2020,ID-SN,Sulawesi Selatan,0,0,0,0,4,1,0,3,Province,,Sulawesi Selatan,Indonesia,Asia,Sulawesi,UTC+08:00,,21,3,311,792,2255,46717,9426885,201.78,120.1620559,-3.731080714,0.00,0.42,0.00,0.11,25.00%,0.00%,1.00,0.00
3/24/2020,ID-JI,Jawa Timur,0,1,0,-1,2,1,1,0,Province,,Jawa Timur,Indonesia,Asia,Jawa,UTC+07:00,,29,9,666,777,7724,47803,40479023,846.78,112.7329414,-7.723345579,0.00,0.05,0.02,0.02,50.00%,50.00%,1.00,
3/24/2020,ID-JT,Jawa Tengah,1,1,0,0,9,3,0,6,Province,,Jawa Tengah,Indonesia,Asia,Jawa,UTC+07:00,,29,6,576,753,7809,32801,36364072,1108.64,110.2011149,-7.259097177,0.03,0.25,0.03,0.08,33.33%,0.00%,0.33,
3/24/2020,ID-YO,Daerah Istimewa Yogyakarta,0,0,0,0,1,1,1,-1,Province,,Daerah Istimewa Yogyakarta,Indonesia,Asia,Jawa,UTC+07:00,Daerah Istimewa,4,1,78,46,392,3133,3631015,1158.90,110.4448783,-7.89450185,0.00,0.28,0.00,0.28,100.00%,100.00%,1.00,0.00
3/24/2020,ID-MU,Maluku Utara,0,0,0,0,1,0,0,1,Province,,Maluku Utara,Indonesia,Asia,Maluku,UTC+09:00,,8,2,116,118,1063,31983,1307803,40.89,127.5391072,0.212036949,0.00,0.76,0.00,0.00,0.00%,0.00%,0.00,1.00
3/24/2020,ID-JB,Jawa Barat,0,0,1,-1,10,12,6,-8,Province,,Jawa Barat,Indonesia,Asia,Jawa,UTC+07:00,,18,9,627,645,5312,35378,45161325,1276.55,107.6037083,-6.920432083,0.00,0.22,0.00,0.27,120.00%,60.00%,1.00,0.00
3/24/2020,ID-MA,Maluku,0,0,0,0,1,0,0,1,Province,,Maluku,Indonesia,Asia,Maluku,UTC+09:00,,9,2,118,35,1198,46914,1847097,39.37,129.576792,-3.192572,0.00,0.54,0.00,0.00,0.00%,0.00%,1.00,1.00
3/25/2020,ID-SU,Sumatera Utara,0,0,0,0,1,1,0,0,Province,,Sumatera Utara,Indonesia,Asia,Sumatera,UTC+07:00,,25,8,450,693,5417,72981,14874889,203.82,99.05196442,2.191894453,0.00,0.07,0.00,0.07,100.00%,0.00%,1.00,1.00
3/25/2020,ID-KI,Kalimantan Timur,0,0,0,0,8,0,0,8,Province,,Kalimantan Timur,Indonesia,Asia,Kalimantan,UTC+08:00,,7,3,103,197,841,129067,3552191,27.52,116.4684405,0.45385803,0.00,2.25,0.00,0.00,0.00%,0.00%,1.00,1.00
3/25/2020,ID-BT,Banten,0,0,0,0,6,4,1,1,Province,,Banten,Indonesia,Asia,Jawa,UTC+07:00,,4,4,155,313,1238,9663,10722374,1109.64,106.1090043,-6.456736388,0.00,0.56,0.00,0.37,66.67%,16.67%,1.00,1.00
3/25/2020,ID-SN,Sulawesi Selatan,0,0,0,0,4,1,0,3,Province,,Sulawesi Selatan,Indonesia,Asia,Sulawesi,UTC+08:00,,21,3,311,792,2255,46717,9426885,201.78,120.1620559,-3.731080714,0.00,0.42,0.00,0.11,25.00%,0.00%,1.00,1.00
3/25/2020,ID-JB,Jawa Barat,0,0,0,0,10,12,6,-8,Province,,Jawa Barat,Indonesia,Asia,Jawa,UTC+07:00,,18,9,627,645,5312,35378,45161325,1276.55,107.6037083,-6.920432083,0.00,0.22,0.00,0.27,120.00%,60.00%,1.00,1.00
3/25/2020,ID-MA,Maluku,0,0,0,0,1,0,0,1,Province,,Maluku,Indonesia,Asia,Maluku,UTC+09:00,,9,2,118,35,1198,46914,1847097,39.37,129.576792,-3.192572,0.00,0.54,0.00,0.00,0.00%,0.00%,1.00,1.00
3/25/2020,IDN,Indonesia,105,3,1,101,790,58,31,701,Country,,,Indonesia,Asia,,,,416,98,7230,8488,74953,1916907,265185520,138.34,113.921327,-0.789275,0.40,2.98,0.01,0.22,7.34%,3.92%,0.99,0.50
3/25/2020,ID-PA,Papua,0,0,0,0,2,0,0,2,Province,,Papua,Indonesia,Asia,Papua,UTC+09:00,Daerah Khusus,28,1,560,110,5411,319036,4340348,13.60,138.69603,-4.66620953,0.00,0.46,0.00,0.00,0.00%,0.00%,1.00,1.00
3/25/2020,ID-JK,DKI Jakarta,0,1,0,-1,20,43,22,-45,Province,,DKI Jakarta,Indonesia,Asia,Jawa,UTC+07:00,Daerah Khusus Ibu Kota,1,5,44,267,,664,10846145,16334.31,106.8361183,-6.204698991,0.00,1.84,0.09,3.96,215.00%,110.00%,1.00,0.05
3/25/2020,ID-JI,Jawa Timur,0,2,2,-4,2,3,3,-4,Province,,Jawa Timur,Indonesia,Asia,Jawa,UTC+07:00,,29,9,666,777,7724,47803,40479023,846.78,112.7329414,-7.723345579,0.00,0.05,0.05,0.07,150.00%,150.00%,1.00,2.00
3/25/2020,ID-JT,Jawa Tengah,18,1,0,17,27,4,0,23,Province,,Jawa Tengah,Indonesia,Asia,Jawa,UTC+07:00,,29,6,576,753,7809,32801,36364072,1108.64,110.2011149,-7.259097177,0.49,0.74,0.03,0.11,14.81%,0.00%,18.00,1.00
3/25/2020,ID-MU,Maluku Utara,0,0,0,0,1,0,0,1,Province,,Maluku Utara,Indonesia,Asia,Maluku,UTC+09:00,,8,2,116,118,1063,31983,1307803,40.89,127.5391072,0.212036949,0.00,0.76,0.00,0.00,0.00%,0.00%,1.00,1.00
3/25/2020,ID-YO,Daerah Istimewa Yogyakarta,0,1,0,-1,1,2,1,-2,Province,,Daerah Istimewa Yogyakarta,Indonesia,Asia,Jawa,UTC+07:00,Daerah Istimewa,4,1,78,46,392,3133,3631015,1158.90,110.4448783,-7.89450185,0.00,0.28,0.28,0.55,200.00%,100.00%,1.00,
3/26/2020,ID-SB,Sumatera Barat,3,0,0,3,3,0,0,3,Province,,Sumatera Barat,Indonesia,Asia,Sumatera,UTC+07:00,,12,7,179,230,928,42013,5519245,131.37,100.4650624,-0.850253225,0.54,0.54,0.00,0.00,0.00%,0.00%,,
3/26/2020,ID-KI,Kalimantan Timur,0,0,0,0,8,0,0,8,Province,,Kalimantan Timur,Indonesia,Asia,Kalimantan,UTC+08:00,,7,3,103,197,841,129067,3552191,27.52,116.4684405,0.45385803,0.00,2.25,0.00,0.00,0.00%,0.00%,1.00,1.00
3/26/2020,ID-BT,Banten,0,0,1,-1,6,4,2,0,Province,,Banten,Indonesia,Asia,Jawa,UTC+07:00,,4,4,155,313,1238,9663,10722374,1109.64,106.1090043,-6.456736388,0.00,0.56,0.00,0.37,66.67%,33.33%,1.00,1.00
3/26/2020,IDN,Indonesia,103,20,4,79,893,78,35,780,Country,,,Indonesia,Asia,,,,416,98,7230,8488,74953,1916907,265185520,138.34,113.921327,-0.789275,0.39,3.37,0.08,0.29,8.73%,3.92%,0.98,6.67
3/26/2020,ID-MU,Maluku Utara,0,0,0,0,1,0,0,1,Province,,Maluku Utara,Indonesia,Asia,Maluku,UTC+09:00,,8,2,116,118,1063,31983,1307803,40.89,127.5391072,0.212036949,0.00,0.76,0.00,0.00,0.00%,0.00%,1.00,1.00
3/26/2020,ID-YO,Daerah Istimewa Yogyakarta,0,0,0,0,1,2,1,-2,Province,,Daerah Istimewa Yogyakarta,Indonesia,Asia,Jawa,UTC+07:00,Daerah Istimewa,4,1,78,46,392,3133,3631015,1158.90,110.4448783,-7.89450185,0.00,0.28,0.00,0.55,200.00%,100.00%,1.00,0.00
3/26/2020,ID-SU,Sumatera Utara,0,0,0,0,1,1,0,0,Province,,Sumatera Utara,Indonesia,Asia,Sumatera,UTC+07:00,,25,8,450,693,5417,72981,14874889,203.82,99.05196442,2.191894453,0.00,0.07,0.00,0.07,100.00%,0.00%,1.00,1.00
3/26/2020,ID-LA,Lampung,2,0,0,2,2,0,0,2,Province,,Lampung,Indonesia,Asia,Sumatera,UTC+07:00,,13,2,228,205,2435,34624,9095591,262.70,105.0214366,-4.916792975,0.22,0.22,0.00,0.00,0.00%,0.00%,,
3/26/2020,ID-SN,Sulawesi Selatan,14,0,0,14,18,1,0,17,Province,,Sulawesi Selatan,Indonesia,Asia,Sulawesi,UTC+08:00,,21,3,311,792,2255,46717,9426885,201.78,120.1620559,-3.731080714,1.49,1.91,0.00,0.11,5.56%,0.00%,,1.00
3/26/2020,ID-MA,Maluku,0,0,0,0,1,0,0,1,Province,,Maluku,Indonesia,Asia,Maluku,UTC+09:00,,9,2,118,35,1198,46914,1847097,39.37,129.576792,-3.192572,0.00,0.54,0.00,0.00,0.00%,0.00%,1.00,1.00
3/26/2020,ID-JB,Jawa Barat,7,0,0,7,17,12,6,-1,Province,,Jawa Barat,Indonesia,Asia,Jawa,UTC+07:00,,18,9,627,645,5312,35378,45161325,1276.55,107.6037083,-6.920432083,0.15,0.38,0.00,0.27,70.59%,35.29%,,1.00
3/26/2020,ID-PA,Papua,4,0,0,4,6,0,0,6,Province,,Papua,Indonesia,Asia,Papua,UTC+09:00,Daerah Khusus,28,1,560,110,5411,319036,4340348,13.60,138.69603,-4.66620953,0.92,1.38,0.00,0.00,0.00%,0.00%,,1.00
3/26/2020,ID-JK,DKI Jakarta,50,2,0,48,70,45,22,3,Province,,DKI Jakarta,Indonesia,Asia,Jawa,UTC+07:00,Daerah Khusus Ibu Kota,1,5,44,267,,664,10846145,16334.31,106.8361183,-6.204698991,4.61,6.45,0.18,4.15,64.29%,31.43%,,2.00
3/26/2020,ID-JT,Jawa Tengah,2,0,1,1,29,4,1,24,Province,,Jawa Tengah,Indonesia,Asia,Jawa,UTC+07:00,,29,6,576,753,7809,32801,36364072,1108.64,110.2011149,-7.259097177,0.05,0.80,0.00,0.11,13.79%,3.45%,0.11,0.00
3/26/2020,ID-AC,Aceh,1,0,0,1,1,0,0,1,Province,,Aceh,Indonesia,Asia,Sumatera,UTC+07:00,Daerah Khusus,18,5,289,,6497,57956,5247257,90.54,96.91052174,4.225614628,0.19,0.19,0.00,0.00,0.00%,0.00%,,
3/26/2020,ID-JI,Jawa Timur,8,0,2,6,10,3,5,2,Province,,Jawa Timur,Indonesia,Asia,Jawa,UTC+07:00,,29,9,666,777,7724,47803,40479023,846.78,112.7329414,-7.723345579,0.20,0.25,0.00,0.07,30.00%,50.00%,,0.00
3/26/2020,ID-KT,Kalimantan Tengah,2,0,0,2,2,0,0,2,Province,,Kalimantan Tengah,Indonesia,Asia,Kalimantan,UTC+07:00,,13,1,136,139,1432,153565,2570289,16.74,113.4176536,-1.602484653,0.78,0.78,0.00,0.00,0.00%,0.00%,,
3/26/2020,ID-ST,Sulawesi Tengah,1,0,0,1,1,0,0,1,Province,,Sulawesi Tengah,Indonesia,Asia,Sulawesi,UTC+08:00,,12,1,175,175,1842,61841,2955567,47.79,121.2010927,-1.00413668,0.34,0.34,0.00,0.00,0.00%,0.00%,,
3/27/2020,ID-SB,Sumatera Barat,2,0,0,2,5,0,0,5,Province,,Sumatera Barat,Indonesia,Asia,Sumatera,UTC+07:00,,12,7,179,230,928,42013,5519245,131.37,100.4650624,-0.850253225,0.36,0.91,0.00,0.00,0.00%,0.00%,0.67,1.00
3/27/2020,ID-BT,Banten,25,0,0,25,31,4,2,25,Province,,Banten,Indonesia,Asia,Jawa,UTC+07:00,,4,4,155,313,1238,9663,10722374,1109.64,106.1090043,-6.456736388,2.33,2.89,0.00,0.37,12.90%,6.45%,,1.00
3/27/2020,IDN,Indonesia,153,9,11,133,1046,87,46,913,Country,,,Indonesia,Asia,,,,416,98,7230,8488,74953,1916907,265185520,138.34,113.921327,-0.789275,0.58,3.94,0.03,0.33,8.32%,4.40%,1.49,0.45
3/27/2020,ID-SN,Sulawesi Selatan,2,0,0,2,20,1,0,19,Province,,Sulawesi Selatan,Indonesia,Asia,Sulawesi,UTC+08:00,,21,3,311,792,2255,46717,9426885,201.78,120.1620559,-3.731080714,0.21,2.12,0.00,0.11,5.00%,0.00%,0.14,1.00
3/27/2020,ID-KT,Kalimantan Tengah,0,0,0,0,2,0,0,2,Province,,Kalimantan Tengah,Indonesia,Asia,Kalimantan,UTC+07:00,,13,1,136,139,1432,153565,2570289,16.74,113.4176536,-1.602484653,0.00,0.78,0.00,0.00,0.00%,0.00%,0.00,1.00
3/27/2020,ID-ST,Sulawesi Tengah,0,0,0,0,1,0,0,1,Province,,Sulawesi Tengah,Indonesia,Asia,Sulawesi,UTC+08:00,,12,1,175,175,1842,61841,2955567,47.79,121.2010927,-1.00413668,0.00,0.34,0.00,0.00,0.00%,0.00%,0.00,1.00
3/27/2020,ID-KI,Kalimantan Timur,0,0,0,0,8,0,0,8,Province,,Kalimantan Timur,Indonesia,Asia,Kalimantan,UTC+08:00,,7,3,103,197,841,129067,3552191,27.52,116.4684405,0.45385803,0.00,2.25,0.00,0.00,0.00%,0.00%,1.00,1.00
3/27/2020,ID-MU,Maluku Utara,0,0,0,0,1,0,0,1,Province,,Maluku Utara,Indonesia,Asia,Maluku,UTC+09:00,,8,2,116,118,1063,31983,1307803,40.89,127.5391072,0.212036949,0.00,0.76,0.00,0.00,0.00%,0.00%,1.00,1.00
3/27/2020,ID-YO,Daerah Istimewa Yogyakarta,1,0,0,1,2,2,1,-1,Province,,Daerah Istimewa Yogyakarta,Indonesia,Asia,Jawa,UTC+07:00,Daerah Istimewa,4,1,78,46,392,3133,3631015,1158.90,110.4448783,-7.89450185,0.28,0.55,0.00,0.55,100.00%,50.00%,,1.00
3/27/2020,ID-LA,Lampung,1,0,0,1,3,0,0,3,Province,,Lampung,Indonesia,Asia,Sumatera,UTC+07:00,,13,2,228,205,2435,34624,9095591,262.70,105.0214366,-4.916792975,0.11,0.33,0.00,0.00,0.00%,0.00%,0.50,1.00
3/27/2020,ID-SU,Sumatera Utara,0,1,0,-1,1,2,0,-1,Province,,Sumatera Utara,Indonesia,Asia,Sumatera,UTC+07:00,,25,8,450,693,5417,72981,14874889,203.82,99.05196442,2.191894453,0.00,0.07,0.07,0.13,200.00%,0.00%,1.00,
3/27/2020,ID-MA,Maluku,0,0,0,0,1,0,0,1,Province,,Maluku,Indonesia,Asia,Maluku,UTC+09:00,,9,2,118,35,1198,46914,1847097,39.37,129.576792,-3.192572,0.00,0.54,0.00,0.00,0.00%,0.00%,1.00,1.00
3/27/2020,ID-JB,Jawa Barat,26,3,0,23,43,15,6,22,Province,,Jawa Barat,Indonesia,Asia,Jawa,UTC+07:00,,18,9,627,645,5312,35378,45161325,1276.55,107.6037083,-6.920432083,0.58,0.95,0.07,0.33,34.88%,13.95%,3.71,
3/27/2020,ID-JI,Jawa Timur,7,0,0,7,17,3,5,9,Province,,Jawa Timur,Indonesia,Asia,Jawa,UTC+07:00,,29,9,666,777,7724,47803,40479023,846.78,112.7329414,-7.723345579,0.17,0.42,0.00,0.07,17.65%,29.41%,0.88,1.00
3/27/2020,ID-PB,Papua Barat,2,0,0,2,2,0,0,2,Province,,Papua Barat,Indonesia,Asia,Papua,UTC+09:00,Daerah Khusus,12,1,218,95,1742,102955,1140701,11.08,132.9762624,-2.045160182,1.75,1.75,0.00,0.00,0.00%,0.00%,,
3/27/2020,ID-PA,Papua,0,0,0,0,6,0,0,6,Province,,Papua,Indonesia,Asia,Papua,UTC+09:00,Daerah Khusus,28,1,560,110,5411,319036,4340348,13.60,138.69603,-4.66620953,0.00,1.38,0.00,0.00,0.00%,0.00%,0.00,1.00
3/27/2020,ID-AC,Aceh,3,0,0,3,4,0,0,4,Province,,Aceh,Indonesia,Asia,Sumatera,UTC+07:00,Daerah Khusus,18,5,289,,6497,57956,5247257,90.54,96.91052174,4.225614628,0.57,0.76,0.00,0.00,0.00%,0.00%,3.00,1.00
3/27/2020,ID-JK,DKI Jakarta,68,8,6,54,138,53,28,57,Province,,DKI Jakarta,Indonesia,Asia,Jawa,UTC+07:00,Daerah Khusus Ibu Kota,1,5,44,267,,664,10846145,16334.31,106.8361183,-6.204698991,6.27,12.72,0.74,4.89,38.41%,20.29%,1.36,4.00
3/27/2020,ID-JT,Jawa Tengah,4,0,0,4,33,4,1,28,Province,,Jawa Tengah,Indonesia,Asia,Jawa,UTC+07:00,,29,6,576,753,7809,32801,36364072,1108.64,110.2011149,-7.259097177,0.11,0.91,0.00,0.11,12.12%,3.03%,2.00,1.00
3/28/2020,ID-SB,Sumatera Barat,0,0,0,0,5,0,0,5,Province,,Sumatera Barat,Indonesia,Asia,Sumatera,UTC+07:00,,12,7,179,230,928,42013,5519245,131.37,100.4650624,-0.850253225,0.00,0.91,0.00,0.00,0.00%,0.00%,0.00,1.00
3/28/2020,IDN,Indonesia,109,15,13,81,1155,102,59,994,Country,,,Indonesia,Asia,,,,416,98,7230,8488,74953,1916907,265185520,138.34,113.921327,-0.789275,0.41,4.36,0.06,0.38,8.83%,5.11%,0.71,1.67
3/28/2020,ID-SN,Sulawesi Selatan,3,0,0,3,23,1,0,22,Province,,Sulawesi Selatan,Indonesia,Asia,Sulawesi,UTC+08:00,,21,3,311,792,2255,46717,9426885,201.78,120.1620559,-3.731080714,0.32,2.44,0.00,0.11,4.35%,0.00%,1.50,1.00
3/28/2020,ID-YO,Daerah Istimewa Yogyakarta,0,0,0,0,2,2,1,-1,Province,,Daerah Istimewa Yogyakarta,Indonesia,Asia,Jawa,UTC+07:00,Daerah Istimewa,4,1,78,46,392,3133,3631015,1158.90,110.4448783,-7.89450185,0.00,0.55,0.00,0.55,100.00%,50.00%,0.00,1.00
3/28/2020,ID-JK,DKI Jakarta,43,9,9,25,181,62,37,82,Province,,DKI Jakarta,Indonesia,Asia,Jawa,UTC+07:00,Daerah Khusus Ibu Kota,1,5,44,267,,664,10846145,16334.31,106.8361183,-6.204698991,3.96,16.69,0.83,5.72,34.25%,20.44%,0.63,1.13
3/28/2020,ID-JT,Jawa Tengah,12,1,2,9,45,5,3,37,Province,,Jawa Tengah,Indonesia,Asia,Jawa,UTC+07:00,,29,6,576,753,7809,32801,36364072,1108.64,110.2011149,-7.259097177,0.33,1.24,0.03,0.14,11.11%,6.67%,3.00,
3/28/2020,ID-SS,Sumatera Selatan,1,0,0,1,1,0,0,1,Province,,Sumatera Selatan,Indonesia,Asia,Sumatera,UTC+07:00,,13,4,241,387,2853,91592,8217551,89.72,104.1694647,-3.216211808,0.12,0.12,0.00,0.00,0.00%,0.00%,,
3/28/2020,ID-BT,Banten,10,0,1,9,41,4,3,34,Province,,Banten,Indonesia,Asia,Jawa,UTC+07:00,,4,4,155,313,1238,9663,10722374,1109.64,106.1090043,-6.456736388,0.93,3.82,0.00,0.37,9.76%,7.32%,0.40,1.00
3/28/2020,ID-KT,Kalimantan Tengah,1,0,0,1,3,0,0,3,Province,,Kalimantan Tengah,Indonesia,Asia,Kalimantan,UTC+07:00,,13,1,136,139,1432,153565,2570289,16.74,113.4176536,-1.602484653,0.39,1.17,0.00,0.00,0.00%,0.00%,,1.00
3/28/2020,ID-ST,Sulawesi Tengah,1,0,0,1,2,0,0,2,Province,,Sulawesi Tengah,Indonesia,Asia,Sulawesi,UTC+08:00,,12,1,175,175,1842,61841,2955567,47.79,121.2010927,-1.00413668,0.34,0.68,0.00,0.00,0.00%,0.00%,,1.00
3/28/2020,ID-MU,Maluku Utara,0,0,0,0,1,0,0,1,Province,,Maluku Utara,Indonesia,Asia,Maluku,UTC+09:00,,8,2,116,118,1063,31983,1307803,40.89,127.5391072,0.212036949,0.00,0.76,0.00,0.00,0.00%,0.00%,1.00,1.00
3/28/2020,ID-KU,Kalimantan Utara,2,0,0,2,2,0,0,2,Province,,Kalimantan Utara,Indonesia,Asia,Kalimantan,UTC+08:00,,4,1,53,35,447,75468,648407,8.59,116.2188791,2.891012621,3.08,3.08,0.00,0.00,0.00%,0.00%,,
3/28/2020,ID-KI,Kalimantan Timur,5,0,0,5,13,0,0,13,Province,,Kalimantan Timur,Indonesia,Asia,Kalimantan,UTC+08:00,,7,3,103,197,841,129067,3552191,27.52,116.4684405,0.45385803,1.41,3.66,0.00,0.00,0.00%,0.00%,,1.00
3/28/2020,ID-LA,Lampung,0,0,0,0,3,0,0,3,Province,,Lampung,Indonesia,Asia,Sumatera,UTC+07:00,,13,2,228,205,2435,34624,9095591,262.70,105.0214366,-4.916792975,0.00,0.33,0.00,0.00,0.00%,0.00%,0.00,1.00
3/28/2020,ID-MA,Maluku,0,0,0,0,1,0,0,1,Province,,Maluku,Indonesia,Asia,Maluku,UTC+09:00,,9,2,118,35,1198,46914,1847097,39.37,129.576792,-3.192572,0.00,0.54,0.00,0.00,0.00%,0.00%,1.00,1.00
3/28/2020,ID-AC,Aceh,1,0,0,1,5,0,0,5,Province,,Aceh,Indonesia,Asia,Sumatera,UTC+07:00,Daerah Khusus,18,5,289,,6497,57956,5247257,90.54,96.91052174,4.225614628,0.19,0.95,0.00,0.00,0.00%,0.00%,0.33,1.00
3/28/2020,ID-SU,Sumatera Utara,0,0,0,0,1,2,0,-1,Province,,Sumatera Utara,Indonesia,Asia,Sumatera,UTC+07:00,,25,8,450,693,5417,72981,14874889,203.82,99.05196442,2.191894453,0.00,0.07,0.00,0.13,200.00%,0.00%,1.00,0.00
3/28/2020,ID-SR,Sulawesi Barat,1,0,0,1,1,0,0,1,Province,,Sulawesi Barat,Indonesia,Asia,Sulawesi,UTC+08:00,,6,,69,73,575,16787,1559984,92.93,119.3450194,-2.461746053,0.64,0.64,0.00,0.00,0.00%,0.00%,,
3/28/2020,ID-JB,Jawa Barat,20,2,1,17,63,17,7,39,Province,,Jawa Barat,Indonesia,Asia,Jawa,UTC+07:00,,18,9,627,645,5312,35378,45161325,1276.55,107.6037083,-6.920432083,0.44,1.39,0.04,0.38,26.98%,11.11%,0.77,0.67
3/28/2020,ID-PA,Papua,0,0,0,0,6,0,0,6,Province,,Papua,Indonesia,Asia,Papua,UTC+09:00,Daerah Khusus,28,1,560,110,5411,319036,4340348,13.60,138.69603,-4.66620953,0.00,1.38,0.00,0.00,0.00%,0.00%,1.00,1.00
3/28/2020,ID-JI,Jawa Timur,11,0,0,11,28,3,5,20,Province,,Jawa Timur,Indonesia,Asia,Jawa,UTC+07:00,,29,9,666,777,7724,47803,40479023,846.78,112.7329414,-7.723345579,0.27,0.69,0.00,0.07,10.71%,17.86%,1.57,1.00
3/28/2020,ID-PB,Papua Barat,0,0,0,0,2,0,0,2,Province,,Papua Barat,Indonesia,Asia,Papua,UTC+09:00,Daerah Khusus,12,1,218,95,1742,102955,1140701,11.08,132.9762624,-2.045160182,0.00,1.75,0.00,0.00,0.00%,0.00%,0.00,1.00
3/29/2020,ID-SB,Sumatera Barat,0,0,0,0,5,0,0,5,Province,,Sumatera Barat,Indonesia,Asia,Sumatera,UTC+07:00,,12,7,179,230,928,42013,5519245,131.37,100.4650624,-0.850253225,0.00,0.91,0.00,0.00,0.00%,0.00%,1.00,1.00
3/29/2020,ID-YO,Daerah Istimewa Yogyakarta,0,0,0,0,2,2,1,-1,Province,,Daerah Istimewa Yogyakarta,Indonesia,Asia,Jawa,UTC+07:00,Daerah Istimewa,4,1,78,46,392,3133,3631015,1158.90,110.4448783,-7.89450185,0.00,0.55,0.00,0.55,100.00%,50.00%,1.00,1.00
3/29/2020,ID-JK,DKI Jakarta,47,10,0,37,228,72,37,119,Province,,DKI Jakarta,Indonesia,Asia,Jawa,UTC+07:00,Daerah Khusus Ibu Kota,1,5,44,267,,664,10846145,16334.31,106.8361183,-6.204698991,4.33,21.02,0.92,6.64,31.58%,16.23%,1.09,1.11
3/29/2020,ID-MU,Maluku Utara,0,0,0,0,1,0,0,1,Province,,Maluku Utara,Indonesia,Asia,Maluku,UTC+09:00,,8,2,116,118,1063,31983,1307803,40.89,127.5391072,0.212036949,0.00,0.76,0.00,0.00,0.00%,0.00%,1.00,1.00
3/29/2020,ID-JI,Jawa Timur,12,3,0,9,40,6,5,29,Province,,Jawa Timur,Indonesia,Asia,Jawa,UTC+07:00,,29,9,666,777,7724,47803,40479023,846.78,112.7329414,-7.723345579,0.30,0.99,0.07,0.15,15.00%,12.50%,1.09,
3/29/2020,ID-PB,Papua Barat,0,0,0,0,2,0,0,2,Province,,Papua Barat,Indonesia,Asia,Papua,UTC+09:00,Daerah Khusus,12,1,218,95,1742,102955,1140701,11.08,132.9762624,-2.045160182,0.00,1.75,0.00,0.00,0.00%,0.00%,1.00,1.00
3/29/2020,IDN,Indonesia,130,12,5,113,1285,114,64,1107,Country,,,Indonesia,Asia,,,,416,98,7230,8488,74953,1916907,265185520,138.34,113.921327,-0.789275,0.49,4.85,0.05,0.43,8.87%,4.98%,1.19,0.80
3/29/2020,ID-SN,Sulawesi Selatan,15,0,0,15,38,1,0,37,Province,,Sulawesi Selatan,Indonesia,Asia,Sulawesi,UTC+08:00,,21,3,311,792,2255,46717,9426885,201.78,120.1620559,-3.731080714,1.59,4.03,0.00,0.11,2.63%,0.00%,5.00,1.00
3/29/2020,ID-JT,Jawa Tengah,7,2,0,5,52,7,3,42,Province,,Jawa Tengah,Indonesia,Asia,Jawa,UTC+07:00,,29,6,576,753,7809,32801,36364072,1108.64,110.2011149,-7.259097177,0.19,1.43,0.05,0.19,13.46%,5.77%,0.58,2.00
3/29/2020,ID-SS,Sumatera Selatan,0,0,0,0,1,0,0,1,Province,,Sumatera Selatan,Indonesia,Asia,Sumatera,UTC+07:00,,13,4,241,387,2853,91592,8217551,89.72,104.1694647,-3.216211808,0.00,0.12,0.00,0.00,0.00%,0.00%,0.00,1.00
3/29/2020,ID-ST,Sulawesi Tengah,0,0,0,0,2,0,0,2,Province,,Sulawesi Tengah,Indonesia,Asia,Sulawesi,UTC+08:00,,12,1,175,175,1842,61841,2955567,47.79,121.2010927,-1.00413668,0.00,0.68,0.00,0.00,0.00%,0.00%,0.00,1.00
3/29/2020,ID-BT,Banten,2,2,0,0,43,6,3,34,Province,,Banten,Indonesia,Asia,Jawa,UTC+07:00,,4,4,155,313,1238,9663,10722374,1109.64,106.1090043,-6.456736388,0.19,4.01,0.19,0.56,13.95%,6.98%,0.20,
3/29/2020,ID-KT,Kalimantan Tengah,0,0,0,0,3,0,0,3,Province,,Kalimantan Tengah,Indonesia,Asia,Kalimantan,UTC+07:00,,13,1,136,139,1432,153565,2570289,16.74,113.4176536,-1.602484653,0.00,1.17,0.00,0.00,0.00%,0.00%,0.00,1.00
3/29/2020,ID-BA,Bali,1,0,0,1,1,0,0,1,Province,,Bali,Indonesia,Asia,Nusa Tenggara,UTC+08:00,,8,1,57,80,636,5780,4216171,729.43,115.1317136,-8.369471688,0.24,0.24,0.00,0.00,0.00%,0.00%,,
3/29/2020,ID-KU,Kalimantan Utara,0,0,0,0,2,0,0,2,Province,,Kalimantan Utara,Indonesia,Asia,Kalimantan,UTC+08:00,,4,1,53,35,447,75468,648407,8.59,116.2188791,2.891012621,0.00,3.08,0.00,0.00,0.00%,0.00%,0.00,1.00
3/29/2020,ID-LA,Lampung,0,0,0,0,3,0,0,3,Province,,Lampung,Indonesia,Asia,Sumatera,UTC+07:00,,13,2,228,205,2435,34624,9095591,262.70,105.0214366,-4.916792975,0.00,0.33,0.00,0.00,0.00%,0.00%,1.00,1.00
3/29/2020,ID-PA,Papua,2,0,0,2,8,0,0,8,Province,,Papua,Indonesia,Asia,Papua,UTC+09:00,Daerah Khusus,28,1,560,110,5411,319036,4340348,13.60,138.69603,-4.66620953,0.46,1.84,0.00,0.00,0.00%,0.00%,,1.00
3/29/2020,ID-KB,Kalimantan Barat,5,0,2,3,5,0,2,3,Province,,Kalimantan Barat,Indonesia,Asia,Kalimantan,UTC+07:00,,12,2,174,99,2031,147307,5422814,36.81,111.1211776,-0.086474572,0.92,0.92,0.00,0.00,0.00%,40.00%,,
3/29/2020,ID-KI,Kalimantan Timur,0,0,0,0,13,0,0,13,Province,,Kalimantan Timur,Indonesia,Asia,Kalimantan,UTC+08:00,,7,3,103,197,841,129067,3552191,27.52,116.4684405,0.45385803,0.00,3.66,0.00,0.00,0.00%,0.00%,0.00,1.00
3/29/2020,ID-RI,Riau,1,0,0,1,1,0,0,1,Province,,Riau,Indonesia,Asia,Sumatera,UTC+07:00,,10,2,169,268,1591,87024,6074100,69.80,101.8051092,0.511647851,0.16,0.16,0.00,0.00,0.00%,0.00%,,
3/29/2020,ID-MA,Maluku,0,0,0,0,1,0,0,1,Province,,Maluku,Indonesia,Asia,Maluku,UTC+09:00,,9,2,118,35,1198,46914,1847097,39.37,129.576792,-3.192572,0.00,0.54,0.00,0.00,0.00%,0.00%,1.00,1.00
3/29/2020,ID-AC,Aceh,0,0,0,0,5,0,0,5,Province,,Aceh,Indonesia,Asia,Sumatera,UTC+07:00,Daerah Khusus,18,5,289,,6497,57956,5247257,90.54,96.91052174,4.225614628,0.00,0.95,0.00,0.00,0.00%,0.00%,0.00,1.00
3/29/2020,ID-JB,Jawa Barat,30,2,1,27,93,19,8,66,Province,,Jawa Barat,Indonesia,Asia,Jawa,UTC+07:00,,18,9,627,645,5312,35378,45161325,1276.55,107.6037083,-6.920432083,0.66,2.06,0.04,0.42,20.43%,8.60%,1.50,1.00
3/29/2020,ID-SU,Sumatera Utara,0,0,0,0,1,2,0,-1,Province,,Sumatera Utara,Indonesia,Asia,Sumatera,UTC+07:00,,25,8,450,693,5417,72981,14874889,203.82,99.05196442,2.191894453,0.00,0.07,0.00,0.13,200.00%,0.00%,1.00,1.00
3/29/2020,ID-SR,Sulawesi Barat,0,0,0,0,1,0,0,1,Province,,Sulawesi Barat,Indonesia,Asia,Sulawesi,UTC+08:00,,6,,69,73,575,16787,1559984,92.93,119.3450194,-2.461746053,0.00,0.64,0.00,0.00,0.00%,0.00%,0.00,1.00
3/30/2020,ID-SB,Sumatera Barat,3,0,0,3,8,0,0,8,Province,,Sumatera Barat,Indonesia,Asia,Sumatera,UTC+07:00,,12,7,179,230,928,42013,5519245,131.37,100.4650624,-0.850253225,0.54,1.45,0.00,0.00,0.00%,0.00%,,1.00
3/30/2020,ID-MU,Maluku Utara,0,0,0,0,1,0,0,1,Province,,Maluku Utara,Indonesia,Asia,Maluku,UTC+09:00,,8,2,116,118,1063,31983,1307803,40.89,127.5391072,0.212036949,0.00,0.76,0.00,0.00,0.00%,0.00%,1.00,1.00
3/30/2020,ID-JI,Jawa Timur,1,1,0,0,41,7,5,29,Province,,Jawa Timur,Indonesia,Asia,Jawa,UTC+07:00,,29,9,666,777,7724,47803,40479023,846.78,112.7329414,-7.723345579,0.02,1.01,0.02,0.17,17.07%,12.20%,0.08,0.33
3/30/2020,ID-ST,Sulawesi Tengah,0,0,0,0,2,0,0,2,Province,,Sulawesi Tengah,Indonesia,Asia,Sulawesi,UTC+08:00,,12,1,175,175,1842,61841,2955567,47.79,121.2010927,-1.00413668,0.00,0.68,0.00,0.00,0.00%,0.00%,1.00,1.00
3/30/2020,ID-SU,Sumatera Utara,6,0,0,6,7,2,0,5,Province,,Sumatera Utara,Indonesia,Asia,Sumatera,UTC+07:00,,25,8,450,693,5417,72981,14874889,203.82,99.05196442,2.191894453,0.40,0.47,0.00,0.13,28.57%,0.00%,,1.00
3/30/2020,ID-SR,Sulawesi Barat,0,0,0,0,1,0,0,1,Province,,Sulawesi Barat,Indonesia,Asia,Sulawesi,UTC+08:00,,6,,69,73,575,16787,1559984,92.93,119.3450194,-2.461746053,0.00,0.64,0.00,0.00,0.00%,0.00%,1.00,1.00
3/30/2020,ID-YO,Daerah Istimewa Yogyakarta,1,0,1,0,3,2,2,-1,Province,,Daerah Istimewa Yogyakarta,Indonesia,Asia,Jawa,UTC+07:00,Daerah Istimewa,4,1,78,46,392,3133,3631015,1158.90,110.4448783,-7.89450185,0.28,0.83,0.00,0.55,66.67%,66.67%,,1.00
3/30/2020,ID-JK,DKI Jakarta,26,7,0,19,254,79,37,138,Province,,DKI Jakarta,Indonesia,Asia,Jawa,UTC+07:00,Daerah Khusus Ibu Kota,1,5,44,267,,664,10846145,16334.31,106.8361183,-6.204698991,2.40,23.42,0.65,7.28,31.10%,14.57%,0.55,0.70
3/30/2020,ID-JA,Jambi,1,0,0,1,1,0,0,1,Province,,Jambi,Indonesia,Asia,Sumatera,UTC+07:00,,9,2,141,163,1399,50058,3493357,69.79,102.7236404,-1.69769766,0.29,0.29,0.00,0.00,0.00%,0.00%,,
3/30/2020,ID-BB,Kepulauan Bangka Belitung,1,0,0,1,1,0,0,1,Province,,Kepulauan Bangka Belitung,Indonesia,Asia,Sumatera,UTC+07:00,,6,1,47,82,309,16424,1379767,84.01,106.5499324,-2.447444127,0.72,0.72,0.00,0.00,0.00%,0.00%,,
3/30/2020,ID-KR,Kepulauan Riau,1,2,0,-1,1,2,0,-1,Province,,Kepulauan Riau,Indonesia,Asia,Sumatera,UTC+07:00,,5,2,75,142,275,8202,1929400,235.24,108.261746,3.916346,0.52,0.52,1.04,1.04,200.00%,0.00%,,
3/30/2020,ID-PB,Papua Barat,0,0,0,0,2,0,0,2,Province,,Papua Barat,Indonesia,Asia,Papua,UTC+09:00,Daerah Khusus,12,1,218,95,1742,102955,1140701,11.08,132.9762624,-2.045160182,0.00,1.75,0.00,0.00,0.00%,0.00%,1.00,1.00
3/30/2020,IDN,Indonesia,129,8,11,110,1414,122,75,1217,Country,,,Indonesia,Asia,,,,416,98,7230,8488,74953,1916907,265185520,138.34,113.921327,-0.789275,0.49,5.33,0.03,0.46,8.63%,5.30%,0.99,0.67
3/30/2020,ID-SS,Sumatera Selatan,0,0,0,0,1,0,0,1,Province,,Sumatera Selatan,Indonesia,Asia,Sumatera,UTC+07:00,,13,4,241,387,2853,91592,8217551,89.72,104.1694647,-3.216211808,0.00,0.12,0.00,0.00,0.00%,0.00%,1.00,1.00
3/30/2020,ID-SN,Sulawesi Selatan,4,2,0,2,42,3,0,39,Province,,Sulawesi Selatan,Indonesia,Asia,Sulawesi,UTC+08:00,,21,3,311,792,2255,46717,9426885,201.78,120.1620559,-3.731080714,0.42,4.46,0.21,0.32,7.14%,0.00%,0.27,
3/30/2020,ID-JT,Jawa Tengah,14,1,0,13,66,8,3,55,Province,,Jawa Tengah,Indonesia,Asia,Jawa,UTC+07:00,,29,6,576,753,7809,32801,36364072,1108.64,110.2011149,-7.259097177,0.38,1.81,0.03,0.22,12.12%,4.55%,2.00,0.50
3/30/2020,ID-BT,Banten,22,0,0,22,65,6,3,56,Province,,Banten,Indonesia,Asia,Jawa,UTC+07:00,,4,4,155,313,1238,9663,10722374,1109.64,106.1090043,-6.456736388,2.05,6.06,0.00,0.56,9.23%,4.62%,11.00,0.00
3/30/2020,ID-KT,Kalimantan Tengah,0,0,0,0,3,0,0,3,Province,,Kalimantan Tengah,Indonesia,Asia,Kalimantan,UTC+07:00,,13,1,136,139,1432,153565,2570289,16.74,113.4176536,-1.602484653,0.00,1.17,0.00,0.00,0.00%,0.00%,1.00,1.00
3/30/2020,ID-PA,Papua,0,0,0,0,8,0,0,8,Province,,Papua,Indonesia,Asia,Papua,UTC+09:00,Daerah Khusus,28,1,560,110,5411,319036,4340348,13.60,138.69603,-4.66620953,0.00,1.84,0.00,0.00,0.00%,0.00%,0.00,1.00
3/30/2020,ID-JB,Jawa Barat,23,0,3,20,116,19,11,86,Province,,Jawa Barat,Indonesia,Asia,Jawa,UTC+07:00,,18,9,627,645,5312,35378,45161325,1276.55,107.6037083,-6.920432083,0.51,2.57,0.00,0.42,16.38%,9.48%,0.77,0.00
3/30/2020,ID-BA,Bali,9,0,0,9,10,0,0,10,Province,,Bali,Indonesia,Asia,Nusa Tenggara,UTC+08:00,,8,1,57,80,636,5780,4216171,729.43,115.1317136,-8.369471688,2.13,2.37,0.00,0.00,0.00%,0.00%,9.00,1.00
3/30/2020,ID-LA,Lampung,4,1,0,3,7,1,0,6,Province,,Lampung,Indonesia,Asia,Sumatera,UTC+07:00,,13,2,228,205,2435,34624,9095591,262.70,105.0214366,-4.916792975,0.44,0.77,0.11,0.11,14.29%,0.00%,,
3/30/2020,ID-KU,Kalimantan Utara,0,0,0,0,2,0,0,2,Province,,Kalimantan Utara,Indonesia,Asia,Kalimantan,UTC+08:00,,4,1,53,35,447,75468,648407,8.59,116.2188791,2.891012621,0.00,3.08,0.00,0.00,0.00%,0.00%,1.00,1.00
3/30/2020,ID-KS,Kalimantan Selatan,5,0,0,5,5,0,0,5,Province,,Kalimantan Selatan,Indonesia,Asia,Kalimantan,UTC+08:00,,11,2,153,144,1864,38744,4023049,103.84,115.4385783,-2.993594979,1.24,1.24,0.00,0.00,0.00%,0.00%,,
3/30/2020,ID-KI,Kalimantan Timur,0,0,0,0,13,0,0,13,Province,,Kalimantan Timur,Indonesia,Asia,Kalimantan,UTC+08:00,,7,3,103,197,841,129067,3552191,27.52,116.4684405,0.45385803,0.00,3.66,0.00,0.00,0.00%,0.00%,1.00,1.00
3/30/2020,ID-AC,Aceh,0,0,0,0,5,0,0,5,Province,,Aceh,Indonesia,Asia,Sumatera,UTC+07:00,Daerah Khusus,18,5,289,,6497,57956,5247257,90.54,96.91052174,4.225614628,0.00,0.95,0.00,0.00,0.00%,0.00%,1.00,1.00
3/30/2020,ID-KB,Kalimantan Barat,1,0,0,1,6,0,2,4,Province,,Kalimantan Barat,Indonesia,Asia,Kalimantan,UTC+07:00,,12,2,174,99,2031,147307,5422814,36.81,111.1211776,-0.086474572,0.18,1.11,0.00,0.00,0.00%,33.33%,0.20,1.00
3/30/2020,ID-RI,Riau,1,0,0,1,2,0,0,2,Province,,Riau,Indonesia,Asia,Sumatera,UTC+07:00,,10,2,169,268,1591,87024,6074100,69.80,101.8051092,0.511647851,0.16,0.33,0.00,0.00,0.00%,0.00%,1.00,1.00
3/30/2020,ID-MA,Maluku,0,0,0,0,1,0,0,1,Province,,Maluku,Indonesia,Asia,Maluku,UTC+09:00,,9,2,118,35,1198,46914,1847097,39.37,129.576792,-3.192572,0.00,0.54,0.00,0.00,0.00%,0.00%,1.00,1.00
3/31/2020,ID-SB,Sumatera Barat,0,0,0,0,8,0,0,8,Province,,Sumatera Barat,Indonesia,Asia,Sumatera,UTC+07:00,,12,7,179,230,928,42013,5519245,131.37,100.4650624,-0.850253225,0.00,1.45,0.00,0.00,0.00%,0.00%,0.00,1.00
3/31/2020,ID-ST,Sulawesi Tengah,0,0,0,0,2,0,0,2,Province,,Sulawesi Tengah,Indonesia,Asia,Sulawesi,UTC+08:00,,12,1,175,175,1842,61841,2955567,47.79,121.2010927,-1.00413668,0.00,0.68,0.00,0.00,0.00%,0.00%,1.00,1.00
3/31/2020,ID-JK,DKI Jakarta,41,9,0,32,295,88,37,170,Province,,DKI Jakarta,Indonesia,Asia,Jawa,UTC+07:00,Daerah Khusus Ibu Kota,1,5,44,267,,664,10846145,16334.31,106.8361183,-6.204698991,3.78,27.20,0.83,8.11,29.83%,12.54%,1.58,1.29
3/31/2020,ID-SS,Sumatera Selatan,3,0,0,3,4,0,0,4,Province,,Sumatera Selatan,Indonesia,Asia,Sumatera,UTC+07:00,,13,4,241,387,2853,91592,8217551,89.72,104.1694647,-3.216211808,0.37,0.49,0.00,0.00,0.00%,0.00%,,1.00
3/31/2020,ID-RI,Riau,0,0,0,0,2,0,0,2,Province,,Riau,Indonesia,Asia,Sumatera,UTC+07:00,,10,2,169,268,1591,87024,6074100,69.80,101.8051092,0.511647851,0.00,0.33,0.00,0.00,0.00%,0.00%,0.00,1.00
3/31/2020,ID-MA,Maluku,0,0,0,0,1,0,0,1,Province,,Maluku,Indonesia,Asia,Maluku,UTC+09:00,,9,2,118,35,1198,46914,1847097,39.37,129.576792,-3.192572,0.00,0.54,0.00,0.00,0.00%,0.00%,1.00,1.00
3/31/2020,ID-MU,Maluku Utara,0,0,0,0,1,0,0,1,Province,,Maluku Utara,Indonesia,Asia,Maluku,UTC+09:00,,8,2,116,118,1063,31983,1307803,40.89,127.5391072,0.212036949,0.00,0.76,0.00,0.00,0.00%,0.00%,1.00,1.00
3/31/2020,ID-JI,Jawa Timur,2,2,0,0,43,9,5,29,Province,,Jawa Timur,Indonesia,Asia,Jawa,UTC+07:00,,29,9,666,777,7724,47803,40479023,846.78,112.7329414,-7.723345579,0.05,1.06,0.05,0.22,20.93%,11.63%,2.00,2.00
3/31/2020,ID-SU,Sumatera Utara,6,2,0,4,13,4,0,9,Province,,Sumatera Utara,Indonesia,Asia,Sumatera,UTC+07:00,,25,8,450,693,5417,72981,14874889,203.82,99.05196442,2.191894453,0.40,0.87,0.13,0.27,30.77%,0.00%,1.00,
3/31/2020,ID-YO,Daerah Istimewa Yogyakarta,5,0,0,5,8,2,2,4,Province,,Daerah Istimewa Yogyakarta,Indonesia,Asia,Jawa,UTC+07:00,Daerah Istimewa,4,1,78,46,392,3133,3631015,1158.90,110.4448783,-7.89450185,1.38,2.20,0.00,0.55,25.00%,25.00%,5.00,1.00
3/31/2020,ID-SR,Sulawesi Barat,0,0,0,0,1,0,0,1,Province,,Sulawesi Barat,Indonesia,Asia,Sulawesi,UTC+08:00,,6,,69,73,575,16787,1559984,92.93,119.3450194,-2.461746053,0.00,0.64,0.00,0.00,0.00%,0.00%,1.00,1.00
3/31/2020,ID-BE,Bengkulu,1,1,0,0,1,1,0,0,Province,,Bengkulu,Indonesia,Asia,Sumatera,UTC+07:00,,9,1,129,172,1341,19919,1999539,100.38,102.3384213,-3.533583627,0.50,0.50,0.50,0.50,100.00%,0.00%,,
3/31/2020,ID-BB,Kepulauan Bangka Belitung,1,1,0,0,2,1,0,1,Province,,Kepulauan Bangka Belitung,Indonesia,Asia,Sumatera,UTC+07:00,,6,1,47,82,309,16424,1379767,84.01,106.5499324,-2.447444127,0.72,1.45,0.72,0.72,50.00%,0.00%,1.00,
3/31/2020,IDN,Indonesia,114,14,6,94,1528,136,81,1311,Country,,,Indonesia,Asia,,,,416,98,7230,8488,74953,1916907,265185520,138.34,113.921327,-0.789275,0.43,5.76,0.05,0.51,8.90%,5.30%,0.88,1.75
3/31/2020,ID-JA,Jambi,0,0,0,0,1,0,0,1,Province,,Jambi,Indonesia,Asia,Sumatera,UTC+07:00,,9,2,141,163,1399,50058,3493357,69.79,102.7236404,-1.69769766,0.00,0.29,0.00,0.00,0.00%,0.00%,0.00,1.00
3/31/2020,ID-KR,Kepulauan Riau,1,0,0,1,2,2,0,0,Province,,Kepulauan Riau,Indonesia,Asia,Sumatera,UTC+07:00,,5,2,75,142,275,8202,1929400,235.24,108.261746,3.916346,0.52,1.04,0.00,1.04,100.00%,0.00%,1.00,0.00
3/31/2020,ID-PB,Papua Barat,0,0,0,0,2,0,0,2,Province,,Papua Barat,Indonesia,Asia,Papua,UTC+09:00,Daerah Khusus,12,1,218,95,1742,102955,1140701,11.08,132.9762624,-2.045160182,0.00,1.75,0.00,0.00,0.00%,0.00%,1.00,1.00
3/31/2020,ID-NB,Nusa Tenggara Barat,2,0,0,2,2,0,0,2,Province,,Nusa Tenggara Barat,Indonesia,Asia,Nusa Tenggara,UTC+08:00,,8,2,117,145,995,18572,5270247,283.77,117.5086257,-8.606998866,0.38,0.38,0.00,0.00,0.00%,0.00%,,
3/31/2020,ID-SN,Sulawesi Selatan,0,1,0,-1,42,4,0,38,Province,,Sulawesi Selatan,Indonesia,Asia,Sulawesi,UTC+08:00,,21,3,311,792,2255,46717,9426885,201.78,120.1620559,-3.731080714,0.00,4.46,0.11,0.42,9.52%,0.00%,0.00,0.50
3/31/2020,ID-JT,Jawa Tengah,12,2,0,10,78,10,3,65,Province,,Jawa Tengah,Indonesia,Asia,Jawa,UTC+07:00,,29,6,576,753,7809,32801,36364072,1108.64,110.2011149,-7.259097177,0.33,2.14,0.05,0.27,12.82%,3.85%,0.86,2.00
3/31/2020,ID-JB,Jawa Barat,9,0,0,9,125,19,11,95,Province,,Jawa Barat,Indonesia,Asia,Jawa,UTC+07:00,,18,9,627,645,5312,35378,45161325,1276.55,107.6037083,-6.920432083,0.20,2.77,0.00,0.42,15.20%,8.80%,0.39,1.00
3/31/2020,ID-KB,Kalimantan Barat,0,0,0,0,6,0,2,4,Province,,Kalimantan Barat,Indonesia,Asia,Kalimantan,UTC+07:00,,12,2,174,99,2031,147307,5422814,36.81,111.1211776,-0.086474572,0.00,1.11,0.00,0.00,0.00%,33.33%,0.00,1.00
3/31/2020,ID-BT,Banten,14,8,0,6,79,14,3,62,Province,,Banten,Indonesia,Asia,Jawa,UTC+07:00,,4,4,155,313,1238,9663,10722374,1109.64,106.1090043,-6.456736388,1.31,7.37,0.75,1.31,17.72%,3.80%,0.64,
3/31/2020,ID-PA,Papua,1,0,1,0,9,0,1,8,Province,,Papua,Indonesia,Asia,Papua,UTC+09:00,Daerah Khusus,28,1,560,110,5411,319036,4340348,13.60,138.69603,-4.66620953,0.23,2.07,0.00,0.00,0.00%,11.11%,,1.00
3/31/2020,ID-KT,Kalimantan Tengah,2,0,2,0,5,0,2,3,Province,,Kalimantan Tengah,Indonesia,Asia,Kalimantan,UTC+07:00,,13,1,136,139,1432,153565,2570289,16.74,113.4176536,-1.602484653,0.78,1.95,0.00,0.00,0.00%,40.00%,,1.00
3/31/2020,ID-BA,Bali,0,0,3,-3,10,0,3,7,Province,,Bali,Indonesia,Asia,Nusa Tenggara,UTC+08:00,,8,1,57,80,636,5780,4216171,729.43,115.1317136,-8.369471688,0.00,2.37,0.00,0.00,0.00%,30.00%,0.00,1.00
3/31/2020,ID-KU,Kalimantan Utara,0,0,0,0,2,0,0,2,Province,,Kalimantan Utara,Indonesia,Asia,Kalimantan,UTC+08:00,,4,1,53,35,447,75468,648407,8.59,116.2188791,2.891012621,0.00,3.08,0.00,0.00,0.00%,0.00%,1.00,1.00
3/31/2020,ID-AC,Aceh,0,0,0,0,5,0,0,5,Province,,Aceh,Indonesia,Asia,Sumatera,UTC+07:00,Daerah Khusus,18,5,289,,6497,57956,5247257,90.54,96.91052174,4.225614628,0.00,0.95,0.00,0.00,0.00%,0.00%,1.00,1.00
3/31/2020,ID-LA,Lampung,0,1,0,-1,7,2,0,5,Province,,Lampung,Indonesia,Asia,Sumatera,UTC+07:00,,13,2,228,205,2435,34624,9095591,262.70,105.0214366,-4.916792975,0.00,0.77,0.11,0.22,28.57%,0.00%,0.00,1.00
3/31/2020,ID-KS,Kalimantan Selatan,2,0,0,2,7,0,0,7,Province,,Kalimantan Selatan,Indonesia,Asia,Kalimantan,UTC+08:00,,11,2,153,144,1864,38744,4023049,103.84,115.4385783,-2.993594979,0.50,1.74,0.00,0.00,0.00%,0.00%,0.40,1.00
3/31/2020,ID-KI,Kalimantan Timur,3,1,0,2,16,1,0,15,Province,,Kalimantan Timur,Indonesia,Asia,Kalimantan,UTC+08:00,,7,3,103,197,841,129067,3552191,27.52,116.4684405,0.45385803,0.84,4.50,0.28,0.28,6.25%,0.00%,,
4/1/2020,ID-SA,Sulawesi Utara,1,0,0,1,1,0,0,1,Province,,Sulawesi Utara,Indonesia,Asia,Sulawesi,UTC+08:00,,11,4,171,332,1507,13892,2641884,190.17,124.5212396,1.259638212,0.38,0.38,0.00,0.00,0.00%,0.00%,,
4/1/2020,ID-SB,Sumatera Barat,0,0,0,0,8,0,0,8,Province,,Sumatera Barat,Indonesia,Asia,Sumatera,UTC+07:00,,12,7,179,230,928,42013,5519245,131.37,100.4650624,-0.850253225,0.00,1.45,0.00,0.00,0.00%,0.00%,1.00,1.00
4/1/2020,ID-SS,Sumatera Selatan,0,0,0,0,4,0,0,4,Province,,Sumatera Selatan,Indonesia,Asia,Sumatera,UTC+07:00,,13,4,241,387,2853,91592,8217551,89.72,104.1694647,-3.216211808,0.00,0.49,0.00,0.00,0.00%,0.00%,0.00,1.00
4/1/2020,ID-JI,Jawa Timur,10,0,5,5,53,9,10,34,Province,,Jawa Timur,Indonesia,Asia,Jawa,UTC+07:00,,29,9,666,777,7724,47803,40479023,846.78,112.7329414,-7.723345579,0.25,1.31,0.00,0.22,16.98%,18.87%,5.00,0.00
4/1/2020,ID-KR,Kepulauan Riau,0,0,0,0,2,2,0,0,Province,,Kepulauan Riau,Indonesia,Asia,Sumatera,UTC+07:00,,5,2,75,142,275,8202,1929400,235.24,108.261746,3.916346,0.00,1.04,0.00,1.04,100.00%,0.00%,0.00,1.00
4/1/2020,ID-KS,Kalimantan Selatan,0,0,0,0,7,0,0,7,Province,,Kalimantan Selatan,Indonesia,Asia,Kalimantan,UTC+08:00,,11,2,153,144,1864,38744,4023049,103.84,115.4385783,-2.993594979,0.00,1.74,0.00,0.00,0.00%,0.00%,0.00,1.00
4/1/2020,ID-KI,Kalimantan Timur,1,0,0,1,17,1,0,16,Province,,Kalimantan Timur,Indonesia,Asia,Kalimantan,UTC+08:00,,7,3,103,197,841,129067,3552191,27.52,116.4684405,0.45385803,0.28,4.79,0.00,0.28,5.88%,0.00%,0.33,0.00
4/1/2020,ID-ST,Sulawesi Tengah,0,0,0,0,2,0,0,2,Province,,Sulawesi Tengah,Indonesia,Asia,Sulawesi,UTC+08:00,,12,1,175,175,1842,61841,2955567,47.79,121.2010927,-1.00413668,0.00,0.68,0.00,0.00,0.00%,0.00%,1.00,1.00
4/1/2020,ID-JK,DKI Jakarta,62,1,0,61,357,89,37,231,Province,,DKI Jakarta,Indonesia,Asia,Jawa,UTC+07:00,Daerah Khusus Ibu Kota,1,5,44,267,,664,10846145,16334.31,106.8361183,-6.204698991,5.72,32.91,0.09,8.21,24.93%,10.36%,1.51,0.11
4/1/2020,ID-RI,Riau,0,1,0,-1,2,1,0,1,Province,,Riau,Indonesia,Asia,Sumatera,UTC+07:00,,10,2,169,268,1591,87024,6074100,69.80,101.8051092,0.511647851,0.00,0.33,0.16,0.16,50.00%,0.00%,1.00,
4/1/2020,ID-MU,Maluku Utara,0,0,0,0,1,0,0,1,Province,,Maluku Utara,Indonesia,Asia,Maluku,UTC+09:00,,8,2,116,118,1063,31983,1307803,40.89,127.5391072,0.212036949,0.00,0.76,0.00,0.00,0.00%,0.00%,1.00,1.00
4/1/2020,ID-MA,Maluku,0,0,0,0,1,0,0,1,Province,,Maluku,Indonesia,Asia,Maluku,UTC+09:00,,9,2,118,35,1198,46914,1847097,39.37,129.576792,-3.192572,0.00,0.54,0.00,0.00,0.00%,0.00%,1.00,1.00
4/1/2020,ID-SU,Sumatera Utara,2,0,0,2,15,4,0,11,Province,,Sumatera Utara,Indonesia,Asia,Sumatera,UTC+07:00,,25,8,450,693,5417,72981,14874889,203.82,99.05196442,2.191894453,0.13,1.01,0.00,0.27,26.67%,0.00%,0.33,0.00
4/1/2020,ID-SR,Sulawesi Barat,0,0,0,0,1,0,0,1,Province,,Sulawesi Barat,Indonesia,Asia,Sulawesi,UTC+08:00,,6,,69,73,575,16787,1559984,92.93,119.3450194,-2.461746053,0.00,0.64,0.00,0.00,0.00%,0.00%,1.00,1.00
4/1/2020,ID-JA,Jambi,0,0,0,0,1,0,0,1,Province,,Jambi,Indonesia,Asia,Sumatera,UTC+07:00,,9,2,141,163,1399,50058,3493357,69.79,102.7236404,-1.69769766,0.00,0.29,0.00,0.00,0.00%,0.00%,1.00,1.00
4/1/2020,ID-YO,Daerah Istimewa Yogyakarta,5,0,1,4,13,2,3,8,Province,,Daerah Istimewa Yogyakarta,Indonesia,Asia,Jawa,UTC+07:00,Daerah Istimewa,4,1,78,46,392,3133,3631015,1158.90,110.4448783,-7.89450185,1.38,3.58,0.00,0.55,15.38%,23.08%,1.00,1.00
4/1/2020,ID-BE,Bengkulu,0,0,0,0,1,1,0,0,Province,,Bengkulu,Indonesia,Asia,Sumatera,UTC+07:00,,9,1,129,172,1341,19919,1999539,100.38,102.3384213,-3.533583627,0.00,0.50,0.00,0.50,100.00%,0.00%,0.00,0.00
4/1/2020,IDN,Indonesia,149,21,22,106,1677,157,103,1417,Country,,,Indonesia,Asia,,,,416,98,7230,8488,74953,1916907,265185520,138.34,113.921327,-0.789275,0.56,6.32,0.08,0.59,9.36%,6.14%,1.31,1.50
4/1/2020,ID-BB,Kepulauan Bangka Belitung,0,0,0,0,2,1,0,1,Province,,Kepulauan Bangka Belitung,Indonesia,Asia,Sumatera,UTC+07:00,,6,1,47,82,309,16424,1379767,84.01,106.5499324,-2.447444127,0.00,1.45,0.00,0.72,50.00%,0.00%,0.00,0.00
4/1/2020,ID-PB,Papua Barat,0,0,0,0,2,0,0,2,Province,,Papua Barat,Indonesia,Asia,Papua,UTC+09:00,Daerah Khusus,12,1,218,95,1742,102955,1140701,11.08,132.9762624,-2.045160182,0.00,1.75,0.00,0.00,0.00%,0.00%,1.00,1.00
4/1/2020,ID-NB,Nusa Tenggara Barat,2,0,0,2,4,0,0,4,Province,,Nusa Tenggara Barat,Indonesia,Asia,Nusa Tenggara,UTC+08:00,,8,2,117,145,995,18572,5270247,283.77,117.5086257,-8.606998866,0.38,0.76,0.00,0.00,0.00%,0.00%,1.00,1.00
4/1/2020,ID-KB,Kalimantan Barat,1,0,0,1,7,0,2,5,Province,,Kalimantan Barat,Indonesia,Asia,Kalimantan,UTC+07:00,,12,2,174,99,2031,147307,5422814,36.81,111.1211776,-0.086474572,0.18,1.29,0.00,0.00,0.00%,28.57%,,1.00
4/1/2020,ID-LA,Lampung,0,0,0,0,7,2,0,5,Province,,Lampung,Indonesia,Asia,Sumatera,UTC+07:00,,13,2,228,205,2435,34624,9095591,262.70,105.0214366,-4.916792975,0.00,0.77,0.00,0.22,28.57%,0.00%,1.00,0.00
4/1/2020,ID-SN,Sulawesi Selatan,14,0,0,14,56,4,0,52,Province,,Sulawesi Selatan,Indonesia,Asia,Sulawesi,UTC+08:00,,21,3,311,792,2255,46717,9426885,201.78,120.1620559,-3.731080714,1.49,5.94,0.00,0.42,7.14%,0.00%,,0.00
4/1/2020,ID-JB,Jawa Barat,21,0,0,21,146,19,11,116,Province,,Jawa Barat,Indonesia,Asia,Jawa,UTC+07:00,,18,9,627,645,5312,35378,45161325,1276.55,107.6037083,-6.920432083,0.46,3.23,0.00,0.42,13.01%,7.53%,2.33,1.00
4/1/2020,ID-JT,Jawa Tengah,8,7,13,-12,86,17,16,53,Province,,Jawa Tengah,Indonesia,Asia,Jawa,UTC+07:00,,29,6,576,753,7809,32801,36364072,1108.64,110.2011149,-7.259097177,0.22,2.36,0.19,0.47,19.77%,18.60%,0.67,3.50
4/1/2020,ID-BT,Banten,12,0,5,7,91,14,8,69,Province,,Banten,Indonesia,Asia,Jawa,UTC+07:00,,4,4,155,313,1238,9663,10722374,1109.64,106.1090043,-6.456736388,1.12,8.49,0.00,1.31,15.38%,8.79%,0.86,0.00
4/1/2020,ID-KT,Kalimantan Tengah,0,0,0,0,5,0,2,3,Province,,Kalimantan Tengah,Indonesia,Asia,Kalimantan,UTC+07:00,,13,1,136,139,1432,153565,2570289,16.74,113.4176536,-1.602484653,0.00,1.95,0.00,0.00,0.00%,40.00%,0.00,1.00
4/1/2020,ID-AC,Aceh,0,0,0,0,5,0,0,5,Province,,Aceh,Indonesia,Asia,Sumatera,UTC+07:00,Daerah Khusus,18,5,289,,6497,57956,5247257,90.54,96.91052174,4.225614628,0.00,0.95,0.00,0.00,0.00%,0.00%,1.00,1.00
4/1/2020,ID-PA,Papua,0,0,1,-1,9,0,2,7,Province,,Papua,Indonesia,Asia,Papua,UTC+09:00,Daerah Khusus,28,1,560,110,5411,319036,4340348,13.60,138.69603,-4.66620953,0.00,2.07,0.00,0.00,0.00%,22.22%,0.00,1.00
4/1/2020,ID-BA,Bali,6,0,2,4,16,0,5,11,Province,,Bali,Indonesia,Asia,Nusa Tenggara,UTC+08:00,,8,1,57,80,636,5780,4216171,729.43,115.1317136,-8.369471688,1.42,3.79,0.00,0.00,0.00%,31.25%,,1.00
4/1/2020,ID-KU,Kalimantan Utara,0,0,0,0,2,0,0,2,Province,,Kalimantan Utara,Indonesia,Asia,Kalimantan,UTC+08:00,,4,1,53,35,447,75468,648407,8.59,116.2188791,2.891012621,0.00,3.08,0.00,0.00,0.00%,0.00%,1.00,1.00
4/2/2020,ID-SA,Sulawesi Utara,0,0,0,0,1,0,0,1,Province,,Sulawesi Utara,Indonesia,Asia,Sulawesi,UTC+08:00,,11,4,171,332,1507,13892,2641884,190.17,124.5212396,1.259638212,0.00,0.38,0.00,0.00,0.00%,0.00%,0.00,1.00
4/2/2020,ID-SB,Sumatera Barat,0,0,0,0,8,0,0,8,Province,,Sumatera Barat,Indonesia,Asia,Sumatera,UTC+07:00,,12,7,179,230,928,42013,5519245,131.37,100.4650624,-0.850253225,0.00,1.45,0.00,0.00,0.00%,0.00%,1.00,1.00
4/2/2020,ID-KR,Kepulauan Riau,0,1,2,-3,2,3,2,-3,Province,,Kepulauan Riau,Indonesia,Asia,Sumatera,UTC+07:00,,5,2,75,142,275,8202,1929400,235.24,108.261746,3.916346,0.00,1.04,0.52,1.55,150.00%,100.00%,1.00,
4/2/2020,ID-JK,DKI Jakarta,72,6,2,64,429,95,39,295,Province,,DKI Jakarta,Indonesia,Asia,Jawa,UTC+07:00,Daerah Khusus Ibu Kota,1,5,44,267,,664,10846145,16334.31,106.8361183,-6.204698991,6.64,39.55,0.55,8.76,22.14%,9.09%,1.16,6.00
4/2/2020,ID-BE,Bengkulu,0,0,0,0,1,1,0,0,Province,,Bengkulu,Indonesia,Asia,Sumatera,UTC+07:00,,9,1,129,172,1341,19919,1999539,100.38,102.3384213,-3.533583627,0.00,0.50,0.00,0.50,100.00%,0.00%,1.00,1.00
4/2/2020,ID-BA,Bali,0,0,0,0,16,0,5,11,Province,,Bali,Indonesia,Asia,Nusa Tenggara,UTC+08:00,,8,1,57,80,636,5780,4216171,729.43,115.1317136,-8.369471688,0.00,3.79,0.00,0.00,0.00%,31.25%,0.00,1.00
4/2/2020,ID-KU,Kalimantan Utara,0,0,0,0,2,0,0,2,Province,,Kalimantan Utara,Indonesia,Asia,Kalimantan,UTC+08:00,,4,1,53,35,447,75468,648407,8.59,116.2188791,2.891012621,0.00,3.08,0.00,0.00,0.00%,0.00%,1.00,1.00
4/2/2020,ID-SS,Sumatera Selatan,6,0,0,6,10,0,0,10,Province,,Sumatera Selatan,Indonesia,Asia,Sumatera,UTC+07:00,,13,4,241,387,2853,91592,8217551,89.72,104.1694647,-3.216211808,0.73,1.22,0.00,0.00,0.00%,0.00%,,1.00
4/2/2020,ID-JI,Jawa Timur,0,1,2,-3,53,10,12,31,Province,,Jawa Timur,Indonesia,Asia,Jawa,UTC+07:00,,29,9,666,777,7724,47803,40479023,846.78,112.7329414,-7.723345579,0.00,1.31,0.02,0.25,18.87%,22.64%,0.00,
4/2/2020,ID-KS,Kalimantan Selatan,0,0,0,0,7,0,0,7,Province,,Kalimantan Selatan,Indonesia,Asia,Kalimantan,UTC+08:00,,11,2,153,144,1864,38744,4023049,103.84,115.4385783,-2.993594979,0.00,1.74,0.00,0.00,0.00%,0.00%,1.00,1.00
4/2/2020,ID-ST,Sulawesi Tengah,0,1,0,-1,2,1,0,1,Province,,Sulawesi Tengah,Indonesia,Asia,Sulawesi,UTC+08:00,,12,1,175,175,1842,61841,2955567,47.79,121.2010927,-1.00413668,0.00,0.68,0.34,0.34,50.00%,0.00%,1.00,
4/2/2020,ID-KI,Kalimantan Timur,0,0,0,0,17,1,0,16,Province,,Kalimantan Timur,Indonesia,Asia,Kalimantan,UTC+08:00,,7,3,103,197,841,129067,3552191,27.52,116.4684405,0.45385803,0.00,4.79,0.00,0.28,5.88%,0.00%,0.00,1.00
4/2/2020,ID-RI,Riau,4,0,0,4,6,1,0,5,Province,,Riau,Indonesia,Asia,Sumatera,UTC+07:00,,10,2,169,268,1591,87024,6074100,69.80,101.8051092,0.511647851,0.66,0.99,0.00,0.16,16.67%,0.00%,,0.00
4/2/2020,ID-MA,Maluku,0,0,0,0,1,0,0,1,Province,,Maluku,Indonesia,Asia,Maluku,UTC+09:00,,9,2,118,35,1198,46914,1847097,39.37,129.576792,-3.192572,0.00,0.54,0.00,0.00,0.00%,0.00%,1.00,1.00
4/2/2020,ID-YO,Daerah Istimewa Yogyakarta,0,1,0,-1,13,3,3,7,Province,,Daerah Istimewa Yogyakarta,Indonesia,Asia,Jawa,UTC+07:00,Daerah Istimewa,4,1,78,46,392,3133,3631015,1158.90,110.4448783,-7.89450185,0.00,3.58,0.28,0.83,23.08%,23.08%,0.00,
4/2/2020,ID-MU,Maluku Utara,0,0,0,0,1,0,0,1,Province,,Maluku Utara,Indonesia,Asia,Maluku,UTC+09:00,,8,2,116,118,1063,31983,1307803,40.89,127.5391072,0.212036949,0.00,0.76,0.00,0.00,0.00%,0.00%,1.00,1.00
4/2/2020,ID-SU,Sumatera Utara,0,0,0,0,15,4,0,11,Province,,Sumatera Utara,Indonesia,Asia,Sumatera,UTC+07:00,,25,8,450,693,5417,72981,14874889,203.82,99.05196442,2.191894453,0.00,1.01,0.00,0.27,26.67%,0.00%,0.00,1.00
4/2/2020,ID-JA,Jambi,0,0,0,0,1,0,0,1,Province,,Jambi,Indonesia,Asia,Sumatera,UTC+07:00,,9,2,141,163,1399,50058,3493357,69.79,102.7236404,-1.69769766,0.00,0.29,0.00,0.00,0.00%,0.00%,1.00,1.00
4/2/2020,ID-SR,Sulawesi Barat,0,0,0,0,1,0,0,1,Province,,Sulawesi Barat,Indonesia,Asia,Sulawesi,UTC+08:00,,6,,69,73,575,16787,1559984,92.93,119.3450194,-2.461746053,0.00,0.64,0.00,0.00,0.00%,0.00%,1.00,1.00
4/2/2020,IDN,Indonesia,113,13,9,91,1790,170,112,1508,Country,,,Indonesia,Asia,,,,416,98,7230,8488,74953,1916907,265185520,138.34,113.921327,-0.789275,0.43,6.75,0.05,0.64,9.50%,6.26%,0.76,0.62
4/2/2020,ID-BB,Kepulauan Bangka Belitung,0,0,0,0,2,1,0,1,Province,,Kepulauan Bangka Belitung,Indonesia,Asia,Sumatera,UTC+07:00,,6,1,47,82,309,16424,1379767,84.01,106.5499324,-2.447444127,0.00,1.45,0.00,0.72,50.00%,0.00%,1.00,1.00
4/2/2020,ID-LA,Lampung,0,0,0,0,7,2,0,5,Province,,Lampung,Indonesia,Asia,Sumatera,UTC+07:00,,13,2,228,205,2435,34624,9095591,262.70,105.0214366,-4.916792975,0.00,0.77,0.00,0.22,28.57%,0.00%,1.00,1.00
4/2/2020,ID-PA,Papua,0,0,1,-1,9,0,3,6,Province,,Papua,Indonesia,Asia,Papua,UTC+09:00,Daerah Khusus,28,1,560,110,5411,319036,4340348,13.60,138.69603,-4.66620953,0.00,2.07,0.00,0.00,0.00%,33.33%,1.00,1.00
4/2/2020,ID-PB,Papua Barat,0,0,0,0,2,0,0,2,Province,,Papua Barat,Indonesia,Asia,Papua,UTC+09:00,Daerah Khusus,12,1,218,95,1742,102955,1140701,11.08,132.9762624,-2.045160182,0.00,1.75,0.00,0.00,0.00%,0.00%,1.00,1.00
4/2/2020,ID-KB,Kalimantan Barat,0,1,0,-1,7,1,2,4,Province,,Kalimantan Barat,Indonesia,Asia,Kalimantan,UTC+07:00,,12,2,174,99,2031,147307,5422814,36.81,111.1211776,-0.086474572,0.00,1.29,0.18,0.18,14.29%,28.57%,0.00,
4/2/2020,ID-NB,Nusa Tenggara Barat,0,0,0,0,4,0,0,4,Province,,Nusa Tenggara Barat,Indonesia,Asia,Nusa Tenggara,UTC+08:00,,8,2,117,145,995,18572,5270247,283.77,117.5086257,-8.606998866,0.00,0.76,0.00,0.00,0.00%,0.00%,0.00,1.00
4/2/2020,ID-SN,Sulawesi Selatan,0,2,4,-6,56,6,4,46,Province,,Sulawesi Selatan,Indonesia,Asia,Sulawesi,UTC+08:00,,21,3,311,792,2255,46717,9426885,201.78,120.1620559,-3.731080714,0.00,5.94,0.21,0.64,10.71%,7.14%,0.00,
4/2/2020,ID-JT,Jawa Tengah,0,2,1,-3,86,19,17,50,Province,,Jawa Tengah,Indonesia,Asia,Jawa,UTC+07:00,,29,6,576,753,7809,32801,36364072,1108.64,110.2011149,-7.259097177,0.00,2.36,0.05,0.52,22.09%,19.77%,0.00,0.29
4/2/2020,ID-AC,Aceh,0,0,0,0,5,0,0,5,Province,,Aceh,Indonesia,Asia,Sumatera,UTC+07:00,Daerah Khusus,18,5,289,,6497,57956,5247257,90.54,96.91052174,4.225614628,0.00,0.95,0.00,0.00,0.00%,0.00%,1.00,1.00
4/2/2020,ID-JB,Jawa Barat,20,4,1,15,166,23,12,131,Province,,Jawa Barat,Indonesia,Asia,Jawa,UTC+07:00,,18,9,627,645,5312,35378,45161325,1276.55,107.6037083,-6.920432083,0.44,3.68,0.09,0.51,13.86%,7.23%,0.95,
4/2/2020,ID-BT,Banten,6,1,0,5,97,15,8,74,Province,,Banten,Indonesia,Asia,Jawa,UTC+07:00,,4,4,155,313,1238,9663,10722374,1109.64,106.1090043,-6.456736388,0.56,9.05,0.09,1.40,15.46%,8.25%,0.50,
4/2/2020,ID-KT,Kalimantan Tengah,0,0,0,0,5,0,2,3,Province,,Kalimantan Tengah,Indonesia,Asia,Kalimantan,UTC+07:00,,13,1,136,139,1432,153565,2570289,16.74,113.4176536,-1.602484653,0.00,1.95,0.00,0.00,0.00%,40.00%,1.00,1.00
4/3/2020,ID-SA,Sulawesi Utara,0,0,0,0,1,0,0,1,Province,,Sulawesi Utara,Indonesia,Asia,Sulawesi,UTC+08:00,,11,4,171,332,1507,13892,2641884,190.17,124.5212396,1.259638212,0.00,0.38,0.00,0.00,0.00%,0.00%,1.00,1.00
4/3/2020,ID-SB,Sumatera Barat,0,0,0,0,8,0,0,8,Province,,Sumatera Barat,Indonesia,Asia,Sumatera,UTC+07:00,,12,7,179,230,928,42013,5519245,131.37,100.4650624,-0.850253225,0.00,1.45,0.00,0.00,0.00%,0.00%,1.00,1.00
4/3/2020,ID-BE,Bengkulu,1,0,0,1,2,1,0,1,Province,,Bengkulu,Indonesia,Asia,Sumatera,UTC+07:00,,9,1,129,172,1341,19919,1999539,100.38,102.3384213,-3.533583627,0.50,1.00,0.00,0.50,50.00%,0.00%,,1.00
4/3/2020,ID-JI,Jawa Timur,49,0,0,49,102,10,12,80,Province,,Jawa Timur,Indonesia,Asia,Jawa,UTC+07:00,,29,9,666,777,7724,47803,40479023,846.78,112.7329414,-7.723345579,1.21,2.52,0.00,0.25,9.80%,11.76%,,0.00
4/3/2020,ID-SU,Sumatera Utara,0,0,0,0,15,4,0,11,Province,,Sumatera Utara,Indonesia,Asia,Sumatera,UTC+07:00,,25,8,450,693,5417,72981,14874889,203.82,99.05196442,2.191894453,0.00,1.01,0.00,0.27,26.67%,0.00%,1.00,1.00
4/3/2020,ID-BT,Banten,4,3,0,1,101,18,8,75,Province,,Banten,Indonesia,Asia,Jawa,UTC+07:00,,4,4,155,313,1238,9663,10722374,1109.64,106.1090043,-6.456736388,0.37,9.42,0.28,1.68,17.82%,7.92%,0.67,3.00
4/3/2020,ID-KT,Kalimantan Tengah,2,0,0,2,7,0,2,5,Province,,Kalimantan Tengah,Indonesia,Asia,Kalimantan,UTC+07:00,,13,1,136,139,1432,153565,2570289,16.74,113.4176536,-1.602484653,0.78,2.72,0.00,0.00,0.00%,28.57%,,1.00
4/3/2020,ID-KR,Kepulauan Riau,2,0,0,2,4,3,2,-1,Province,,Kepulauan Riau,Indonesia,Asia,Sumatera,UTC+07:00,,5,2,75,142,275,8202,1929400,235.24,108.261746,3.916346,1.04,2.07,0.00,1.55,75.00%,50.00%,,0.00
4/3/2020,ID-JK,DKI Jakarta,70,6,3,61,499,101,42,356,Province,,DKI Jakarta,Indonesia,Asia,Jawa,UTC+07:00,Daerah Khusus Ibu Kota,1,5,44,267,,664,10846145,16334.31,106.8361183,-6.204698991,6.45,46.01,0.55,9.31,20.24%,8.42%,0.97,1.00
4/3/2020,ID-BA,Bali,3,0,0,3,19,0,5,14,Province,,Bali,Indonesia,Asia,Nusa Tenggara,UTC+08:00,,8,1,57,80,636,5780,4216171,729.43,115.1317136,-8.369471688,0.71,4.51,0.00,0.00,0.00%,26.32%,,1.00
4/3/2020,ID-SS,Sumatera Selatan,1,0,0,1,11,0,0,11,Province,,Sumatera Selatan,Indonesia,Asia,Sumatera,UTC+07:00,,13,4,241,387,2853,91592,8217551,89.72,104.1694647,-3.216211808,0.12,1.34,0.00,0.00,0.00%,0.00%,0.17,1.00
4/3/2020,ID-KU,Kalimantan Utara,6,0,0,6,8,0,0,8,Province,,Kalimantan Utara,Indonesia,Asia,Kalimantan,UTC+08:00,,4,1,53,35,447,75468,648407,8.59,116.2188791,2.891012621,9.25,12.34,0.00,0.00,0.00%,0.00%,,1.00
4/3/2020,ID-KS,Kalimantan Selatan,0,0,0,0,7,0,0,7,Province,,Kalimantan Selatan,Indonesia,Asia,Kalimantan,UTC+08:00,,11,2,153,144,1864,38744,4023049,103.84,115.4385783,-2.993594979,0.00,1.74,0.00,0.00,0.00%,0.00%,1.00,1.00
4/3/2020,ID-KI,Kalimantan Timur,1,0,0,1,18,1,0,17,Province,,Kalimantan Timur,Indonesia,Asia,Kalimantan,UTC+08:00,,7,3,103,197,841,129067,3552191,27.52,116.4684405,0.45385803,0.28,5.07,0.00,0.28,5.56%,0.00%,,1.00
4/3/2020,ID-MU,Maluku Utara,0,0,0,0,1,0,0,1,Province,,Maluku Utara,Indonesia,Asia,Maluku,UTC+09:00,,8,2,116,118,1063,31983,1307803,40.89,127.5391072,0.212036949,0.00,0.76,0.00,0.00,0.00%,0.00%,1.00,1.00
4/3/2020,ID-ST,Sulawesi Tengah,2,1,0,1,4,2,0,2,Province,,Sulawesi Tengah,Indonesia,Asia,Sulawesi,UTC+08:00,,12,1,175,175,1842,61841,2955567,47.79,121.2010927,-1.00413668,0.68,1.35,0.34,0.68,50.00%,0.00%,,1.00
4/3/2020,ID-RI,Riau,3,0,0,3,9,1,0,8,Province,,Riau,Indonesia,Asia,Sumatera,UTC+07:00,,10,2,169,268,1591,87024,6074100,69.80,101.8051092,0.511647851,0.49,1.48,0.00,0.16,11.11%,0.00%,0.75,1.00
4/3/2020,ID-YO,Daerah Istimewa Yogyakarta,0,0,0,0,13,3,3,7,Province,,Daerah Istimewa Yogyakarta,Indonesia,Asia,Jawa,UTC+07:00,Daerah Istimewa,4,1,78,46,392,3133,3631015,1158.90,110.4448783,-7.89450185,0.00,3.58,0.00,0.83,23.08%,23.08%,1.00,0.00
4/3/2020,ID-MA,Maluku,0,0,0,0,1,0,0,1,Province,,Maluku,Indonesia,Asia,Maluku,UTC+09:00,,9,2,118,35,1198,46914,1847097,39.37,129.576792,-3.192572,0.00,0.54,0.00,0.00,0.00%,0.00%,1.00,1.00
4/3/2020,ID-JA,Jambi,0,0,0,0,1,0,0,1,Province,,Jambi,Indonesia,Asia,Sumatera,UTC+07:00,,9,2,141,163,1399,50058,3493357,69.79,102.7236404,-1.69769766,0.00,0.29,0.00,0.00,0.00%,0.00%,1.00,1.00
4/3/2020,ID-SR,Sulawesi Barat,1,0,0,1,2,0,0,2,Province,,Sulawesi Barat,Indonesia,Asia,Sulawesi,UTC+08:00,,6,,69,73,575,16787,1559984,92.93,119.3450194,-2.461746053,0.64,1.28,0.00,0.00,0.00%,0.00%,,1.00
4/3/2020,ID-PA,Papua,6,1,0,5,15,1,3,11,Province,,Papua,Indonesia,Asia,Papua,UTC+09:00,Daerah Khusus,28,1,560,110,5411,319036,4340348,13.60,138.69603,-4.66620953,1.38,3.46,0.23,0.23,6.67%,20.00%,,
4/3/2020,ID-JB,Jawa Barat,2,1,1,0,168,24,13,131,Province,,Jawa Barat,Indonesia,Asia,Jawa,UTC+07:00,,18,9,627,645,5312,35378,45161325,1276.55,107.6037083,-6.920432083,0.04,3.72,0.02,0.53,14.29%,7.74%,0.10,0.25
4/3/2020,IDN,Indonesia,196,11,22,163,1986,181,134,1671,Country,,,Indonesia,Asia,,,,416,98,7230,8488,74953,1916907,265185520,138.34,113.921327,-0.789275,0.74,7.49,0.04,0.68,9.11%,6.75%,1.73,0.85
4/3/2020,ID-LA,Lampung,3,1,0,2,10,3,0,7,Province,,Lampung,Indonesia,Asia,Sumatera,UTC+07:00,,13,2,228,205,2435,34624,9095591,262.70,105.0214366,-4.916792975,0.33,1.10,0.11,0.33,30.00%,0.00%,,
4/3/2020,ID-BB,Kepulauan Bangka Belitung,0,0,0,0,2,1,0,1,Province,,Kepulauan Bangka Belitung,Indonesia,Asia,Sumatera,UTC+07:00,,6,1,47,82,309,16424,1379767,84.01,106.5499324,-2.447444127,0.00,1.45,0.00,0.72,50.00%,0.00%,1.00,1.00
4/3/2020,ID-PB,Papua Barat,0,0,0,0,2,0,0,2,Province,,Papua Barat,Indonesia,Asia,Papua,UTC+09:00,Daerah Khusus,12,1,218,95,1742,102955,1140701,11.08,132.9762624,-2.045160182,0.00,1.75,0.00,0.00,0.00%,0.00%,1.00,1.00
4/3/2020,ID-NB,Nusa Tenggara Barat,0,0,0,0,4,0,0,4,Province,,Nusa Tenggara Barat,Indonesia,Asia,Nusa Tenggara,UTC+08:00,,8,2,117,145,995,18572,5270247,283.77,117.5086257,-8.606998866,0.00,0.76,0.00,0.00,0.00%,0.00%,1.00,1.00
4/3/2020,ID-AC,Aceh,0,0,0,0,5,0,0,5,Province,,Aceh,Indonesia,Asia,Sumatera,UTC+07:00,Daerah Khusus,18,5,289,,6497,57956,5247257,90.54,96.91052174,4.225614628,0.00,0.95,0.00,0.00,0.00%,0.00%,1.00,1.00
4/3/2020,ID-KB,Kalimantan Barat,0,0,0,0,7,1,2,4,Province,,Kalimantan Barat,Indonesia,Asia,Kalimantan,UTC+07:00,,12,2,174,99,2031,147307,5422814,36.81,111.1211776,-0.086474572,0.00,1.29,0.00,0.18,14.29%,28.57%,1.00,0.00
4/3/2020,ID-SN,Sulawesi Selatan,15,0,0,15,71,6,4,61,Province,,Sulawesi Selatan,Indonesia,Asia,Sulawesi,UTC+08:00,,21,3,311,792,2255,46717,9426885,201.78,120.1620559,-3.731080714,1.59,7.53,0.00,0.64,8.45%,5.63%,,0.00
4/3/2020,ID-JT,Jawa Tengah,13,1,4,8,99,20,21,58,Province,,Jawa Tengah,Indonesia,Asia,Jawa,UTC+07:00,,29,6,576,753,7809,32801,36364072,1108.64,110.2011149,-7.259097177,0.36,2.72,0.03,0.55,20.20%,21.21%,,0.50
4/3/2020,ID-SG,Sulawesi Tenggara,2,0,0,2,2,0,0,2,Province,,Sulawesi Tenggara,Indonesia,Asia,Sulawesi,UTC+08:00,,15,2,219,377,1911,38068,2635461,69.23,122.070311,-4.124688793,0.76,0.76,0.00,0.00,0.00%,0.00%,,
4/4/2020,ID-SA,Sulawesi Utara,0,1,0,-1,1,1,0,0,Province,,Sulawesi Utara,Indonesia,Asia,Sulawesi,UTC+08:00,,11,4,171,332,1507,13892,2641884,190.17,124.5212396,1.259638212,0.00,0.38,0.38,0.38,100.00%,0.00%,1.00,
4/4/2020,ID-SB,Sumatera Barat,0,0,0,0,8,0,0,8,Province,,Sumatera Barat,Indonesia,Asia,Sumatera,UTC+07:00,,12,7,179,230,928,42013,5519245,131.37,100.4650624,-0.850253225,0.00,1.45,0.00,0.00,0.00%,0.00%,1.00,1.00
4/4/2020,ID-SU,Sumatera Utara,3,1,0,2,18,5,0,13,Province,,Sumatera Utara,Indonesia,Asia,Sumatera,UTC+07:00,,25,8,450,693,5417,72981,14874889,203.82,99.05196442,2.191894453,0.20,1.21,0.07,0.34,27.78%,0.00%,,
4/4/2020,ID-JK,DKI Jakarta,58,8,5,45,557,109,47,401,Province,,DKI Jakarta,Indonesia,Asia,Jawa,UTC+07:00,Daerah Khusus Ibu Kota,1,5,44,267,,664,10846145,16334.31,106.8361183,-6.204698991,5.35,51.35,0.74,10.05,19.57%,8.44%,0.83,1.33
4/4/2020,ID-RI,Riau,0,0,1,-1,9,1,1,7,Province,,Riau,Indonesia,Asia,Sumatera,UTC+07:00,,10,2,169,268,1591,87024,6074100,69.80,101.8051092,0.511647851,0.00,1.48,0.00,0.16,11.11%,11.11%,0.00,1.00
4/4/2020,ID-JT,Jawa Tengah,8,1,2,5,107,21,23,63,Province,,Jawa Tengah,Indonesia,Asia,Jawa,UTC+07:00,,29,6,576,753,7809,32801,36364072,1108.64,110.2011149,-7.259097177,0.22,2.94,0.03,0.58,19.63%,21.50%,0.62,1.00
4/4/2020,ID-SG,Sulawesi Tenggara,0,0,1,-1,2,0,1,1,Province,,Sulawesi Tenggara,Indonesia,Asia,Sulawesi,UTC+08:00,,15,2,219,377,1911,38068,2635461,69.23,122.070311,-4.124688793,0.00,0.76,0.00,0.00,0.00%,50.00%,0.00,1.00
4/4/2020,ID-BE,Bengkulu,0,0,0,0,2,1,0,1,Province,,Bengkulu,Indonesia,Asia,Sumatera,UTC+07:00,,9,1,129,172,1341,19919,1999539,100.38,102.3384213,-3.533583627,0.00,1.00,0.00,0.50,50.00%,0.00%,0.00,1.00
4/4/2020,ID-JI,Jawa Timur,0,3,4,-7,102,13,16,73,Province,,Jawa Timur,Indonesia,Asia,Jawa,UTC+07:00,,29,9,666,777,7724,47803,40479023,846.78,112.7329414,-7.723345579,0.00,2.52,0.07,0.32,12.75%,15.69%,0.00,
4/4/2020,ID-BT,Banten,3,0,0,3,104,18,8,78,Province,,Banten,Indonesia,Asia,Jawa,UTC+07:00,,4,4,155,313,1238,9663,10722374,1109.64,106.1090043,-6.456736388,0.28,9.70,0.00,1.68,17.31%,7.69%,0.75,0.00
4/4/2020,ID-KR,Kepulauan Riau,0,0,0,0,4,3,2,-1,Province,,Kepulauan Riau,Indonesia,Asia,Sumatera,UTC+07:00,,5,2,75,142,275,8202,1929400,235.24,108.261746,3.916346,0.00,2.07,0.00,1.55,75.00%,50.00%,0.00,1.00
4/4/2020,ID-KT,Kalimantan Tengah,0,0,2,-2,7,0,4,3,Province,,Kalimantan Tengah,Indonesia,Asia,Kalimantan,UTC+07:00,,13,1,136,139,1432,153565,2570289,16.74,113.4176536,-1.602484653,0.00,2.72,0.00,0.00,0.00%,57.14%,0.00,1.00
4/4/2020,ID-BA,Bali,5,0,0,5,24,0,5,19,Province,,Bali,Indonesia,Asia,Nusa Tenggara,UTC+08:00,,8,1,57,80,636,5780,4216171,729.43,115.1317136,-8.369471688,1.19,5.69,0.00,0.00,0.00%,20.83%,1.67,1.00
4/4/2020,ID-KU,Kalimantan Utara,0,0,0,0,8,0,0,8,Province,,Kalimantan Utara,Indonesia,Asia,Kalimantan,UTC+08:00,,4,1,53,35,447,75468,648407,8.59,116.2188791,2.891012621,0.00,12.34,0.00,0.00,0.00%,0.00%,0.00,1.00
4/4/2020,ID-ST,Sulawesi Tengah,0,0,0,0,4,2,0,2,Province,,Sulawesi Tengah,Indonesia,Asia,Sulawesi,UTC+08:00,,12,1,175,175,1842,61841,2955567,47.79,121.2010927,-1.00413668,0.00,1.35,0.00,0.68,50.00%,0.00%,0.00,0.00
4/4/2020,ID-SS,Sumatera Selatan,0,0,1,-1,11,0,1,10,Province,,Sumatera Selatan,Indonesia,Asia,Sumatera,UTC+07:00,,13,4,241,387,2853,91592,8217551,89.72,104.1694647,-3.216211808,0.00,1.34,0.00,0.00,0.00%,9.09%,0.00,1.00
4/4/2020,ID-KS,Kalimantan Selatan,0,0,0,0,7,0,0,7,Province,,Kalimantan Selatan,Indonesia,Asia,Kalimantan,UTC+08:00,,11,2,153,144,1864,38744,4023049,103.84,115.4385783,-2.993594979,0.00,1.74,0.00,0.00,0.00%,0.00%,1.00,1.00
4/4/2020,ID-MU,Maluku Utara,0,0,0,0,1,0,0,1,Province,,Maluku Utara,Indonesia,Asia,Maluku,UTC+09:00,,8,2,116,118,1063,31983,1307803,40.89,127.5391072,0.212036949,0.00,0.76,0.00,0.00,0.00%,0.00%,1.00,1.00
4/4/2020,ID-KI,Kalimantan Timur,2,0,1,1,20,1,1,18,Province,,Kalimantan Timur,Indonesia,Asia,Kalimantan,UTC+08:00,,7,3,103,197,841,129067,3552191,27.52,116.4684405,0.45385803,0.56,5.63,0.00,0.28,5.00%,5.00%,2.00,1.00
4/4/2020,ID-YO,Daerah Istimewa Yogyakarta,5,0,0,5,18,3,3,12,Province,,Daerah Istimewa Yogyakarta,Indonesia,Asia,Jawa,UTC+07:00,Daerah Istimewa,4,1,78,46,392,3133,3631015,1158.90,110.4448783,-7.89450185,1.38,4.96,0.00,0.83,16.67%,16.67%,,1.00
4/4/2020,ID-MA,Maluku,0,0,0,0,1,0,0,1,Province,,Maluku,Indonesia,Asia,Maluku,UTC+09:00,,9,2,118,35,1198,46914,1847097,39.37,129.576792,-3.192572,0.00,0.54,0.00,0.00,0.00%,0.00%,1.00,1.00
4/4/2020,ID-JB,Jawa Barat,22,2,0,20,190,26,13,151,Province,,Jawa Barat,Indonesia,Asia,Jawa,UTC+07:00,,18,9,627,645,5312,35378,45161325,1276.55,107.6037083,-6.920432083,0.49,4.21,0.04,0.58,13.68%,6.84%,11.00,2.00
4/4/2020,ID-SN,Sulawesi Selatan,0,2,5,-7,71,8,9,54,Province,,Sulawesi Selatan,Indonesia,Asia,Sulawesi,UTC+08:00,,21,3,311,792,2255,46717,9426885,201.78,120.1620559,-3.731080714,0.00,7.53,0.21,0.85,11.27%,12.68%,0.00,
4/4/2020,ID-JA,Jambi,0,0,0,0,1,0,0,1,Province,,Jambi,Indonesia,Asia,Sumatera,UTC+07:00,,9,2,141,163,1399,50058,3493357,69.79,102.7236404,-1.69769766,0.00,0.29,0.00,0.00,0.00%,0.00%,1.00,1.00
4/4/2020,ID-PA,Papua,2,0,1,1,17,1,4,12,Province,,Papua,Indonesia,Asia,Papua,UTC+09:00,Daerah Khusus,28,1,560,110,5411,319036,4340348,13.60,138.69603,-4.66620953,0.46,3.92,0.00,0.23,5.88%,23.53%,0.33,0.00
4/4/2020,ID-SR,Sulawesi Barat,0,0,0,0,2,0,0,2,Province,,Sulawesi Barat,Indonesia,Asia,Sulawesi,UTC+08:00,,6,,69,73,575,16787,1559984,92.93,119.3450194,-2.461746053,0.00,1.28,0.00,0.00,0.00%,0.00%,0.00,1.00
4/4/2020,IDN,Indonesia,106,10,16,80,2092,191,150,1751,Country,,,Indonesia,Asia,,,,416,98,7230,8488,74953,1916907,265185520,138.34,113.921327,-0.789275,0.40,7.89,0.04,0.72,9.13%,7.17%,0.54,0.91
4/4/2020,ID-BB,Kepulauan Bangka Belitung,0,0,0,0,2,1,0,1,Province,,Kepulauan Bangka Belitung,Indonesia,Asia,Sumatera,UTC+07:00,,6,1,47,82,309,16424,1379767,84.01,106.5499324,-2.447444127,0.00,1.45,0.00,0.72,50.00%,0.00%,1.00,1.00
4/4/2020,ID-KB,Kalimantan Barat,0,0,0,0,7,1,2,4,Province,,Kalimantan Barat,Indonesia,Asia,Kalimantan,UTC+07:00,,12,2,174,99,2031,147307,5422814,36.81,111.1211776,-0.086474572,0.00,1.29,0.00,0.18,14.29%,28.57%,1.00,1.00
4/4/2020,ID-LA,Lampung,0,0,0,0,10,3,0,7,Province,,Lampung,Indonesia,Asia,Sumatera,UTC+07:00,,13,2,228,205,2435,34624,9095591,262.70,105.0214366,-4.916792975,0.00,1.10,0.00,0.33,30.00%,0.00%,0.00,0.00
4/4/2020,ID-PB,Papua Barat,0,0,0,0,2,0,0,2,Province,,Papua Barat,Indonesia,Asia,Papua,UTC+09:00,Daerah Khusus,12,1,218,95,1742,102955,1140701,11.08,132.9762624,-2.045160182,0.00,1.75,0.00,0.00,0.00%,0.00%,1.00,1.00
4/4/2020,ID-AC,Aceh,0,0,0,0,5,0,0,5,Province,,Aceh,Indonesia,Asia,Sumatera,UTC+07:00,Daerah Khusus,18,5,289,,6497,57956,5247257,90.54,96.91052174,4.225614628,0.00,0.95,0.00,0.00,0.00%,0.00%,1.00,1.00
4/4/2020,ID-NB,Nusa Tenggara Barat,0,0,0,0,4,0,0,4,Province,,Nusa Tenggara Barat,Indonesia,Asia,Nusa Tenggara,UTC+08:00,,8,2,117,145,995,18572,5270247,283.77,117.5086257,-8.606998866,0.00,0.76,0.00,0.00,0.00%,0.00%,1.00,1.00
4/5/2020,ID-SA,Sulawesi Utara,0,0,0,0,1,1,0,0,Province,,Sulawesi Utara,Indonesia,Asia,Sulawesi,UTC+08:00,,11,4,171,332,1507,13892,2641884,190.17,124.5212396,1.259638212,0.00,0.38,0.00,0.38,100.00%,0.00%,1.00,0.00
4/5/2020,ID-SB,Sumatera Barat,0,0,0,0,8,0,0,8,Province,,Sumatera Barat,Indonesia,Asia,Sumatera,UTC+07:00,,12,7,179,230,928,42013,5519245,131.37,100.4650624,-0.850253225,0.00,1.45,0.00,0.00,0.00%,0.00%,1.00,1.00
4/5/2020,ID-RI,Riau,1,1,0,0,10,2,1,7,Province,,Riau,Indonesia,Asia,Sumatera,UTC+07:00,,10,2,169,268,1591,87024,6074100,69.80,101.8051092,0.511647851,0.16,1.65,0.16,0.33,20.00%,10.00%,,
4/5/2020,ID-JI,Jawa Timur,35,2,1,32,137,15,17,105,Province,,Jawa Timur,Indonesia,Asia,Jawa,UTC+07:00,,29,9,666,777,7724,47803,40479023,846.78,112.7329414,-7.723345579,0.86,3.38,0.05,0.37,10.95%,12.41%,,0.67
4/5/2020,ID-KS,Kalimantan Selatan,8,1,0,7,15,1,0,14,Province,,Kalimantan Selatan,Indonesia,Asia,Kalimantan,UTC+08:00,,11,2,153,144,1864,38744,4023049,103.84,115.4385783,-2.993594979,1.99,3.73,0.25,0.25,6.67%,0.00%,,
4/5/2020,ID-AC,Aceh,0,0,0,0,5,0,0,5,Province,,Aceh,Indonesia,Asia,Sumatera,UTC+07:00,Daerah Khusus,18,5,289,,6497,57956,5247257,90.54,96.91052174,4.225614628,0.00,0.95,0.00,0.00,0.00%,0.00%,1.00,1.00
4/5/2020,ID-NB,Nusa Tenggara Barat,0,0,0,0,4,0,0,4,Province,,Nusa Tenggara Barat,Indonesia,Asia,Nusa Tenggara,UTC+08:00,,8,2,117,145,995,18572,5270247,283.77,117.5086257,-8.606998866,0.00,0.76,0.00,0.00,0.00%,0.00%,1.00,1.00
4/5/2020,ID-SU,Sumatera Utara,0,0,0,0,18,5,0,13,Province,,Sumatera Utara,Indonesia,Asia,Sumatera,UTC+07:00,,25,8,450,693,5417,72981,14874889,203.82,99.05196442,2.191894453,0.00,1.21,0.00,0.34,27.78%,0.00%,0.00,0.00
4/5/2020,ID-JK,DKI Jakarta,85,15,1,69,642,124,48,470,Province,,DKI Jakarta,Indonesia,Asia,Jawa,UTC+07:00,Daerah Khusus Ibu Kota,1,5,44,267,,664,10846145,16334.31,106.8361183,-6.204698991,7.84,59.19,1.38,11.43,19.31%,7.48%,1.47,1.88
4/5/2020,ID-JT,Jawa Tengah,0,0,0,0,107,21,23,63,Province,,Jawa Tengah,Indonesia,Asia,Jawa,UTC+07:00,,29,6,576,753,7809,32801,36364072,1108.64,110.2011149,-7.259097177,0.00,2.94,0.00,0.58,19.63%,21.50%,0.00,0.00
4/5/2020,ID-BE,Bengkulu,0,0,0,0,2,1,0,1,Province,,Bengkulu,Indonesia,Asia,Sumatera,UTC+07:00,,9,1,129,172,1341,19919,1999539,100.38,102.3384213,-3.533583627,0.00,1.00,0.00,0.50,50.00%,0.00%,1.00,1.00
4/5/2020,ID-SG,Sulawesi Tenggara,0,0,0,0,2,0,1,1,Province,,Sulawesi Tenggara,Indonesia,Asia,Sulawesi,UTC+08:00,,15,2,219,377,1911,38068,2635461,69.23,122.070311,-4.124688793,0.00,0.76,0.00,0.00,0.00%,50.00%,1.00,1.00
4/5/2020,ID-BT,Banten,4,0,0,4,108,18,8,82,Province,,Banten,Indonesia,Asia,Jawa,UTC+07:00,,4,4,155,313,1238,9663,10722374,1109.64,106.1090043,-6.456736388,0.37,10.07,0.00,1.68,16.67%,7.41%,1.33,1.00
4/5/2020,ID-KT,Kalimantan Tengah,0,0,0,0,7,0,4,3,Province,,Kalimantan Tengah,Indonesia,Asia,Kalimantan,UTC+07:00,,13,1,136,139,1432,153565,2570289,16.74,113.4176536,-1.602484653,0.00,2.72,0.00,0.00,0.00%,57.14%,1.00,1.00
4/5/2020,ID-SS,Sumatera Selatan,4,0,0,4,15,0,1,14,Province,,Sumatera Selatan,Indonesia,Asia,Sumatera,UTC+07:00,,13,4,241,387,2853,91592,8217551,89.72,104.1694647,-3.216211808,0.49,1.83,0.00,0.00,0.00%,6.67%,,1.00
4/5/2020,ID-KR,Kepulauan Riau,1,0,0,1,5,3,2,0,Province,,Kepulauan Riau,Indonesia,Asia,Sumatera,UTC+07:00,,5,2,75,142,275,8202,1929400,235.24,108.261746,3.916346,0.52,2.59,0.00,1.55,60.00%,40.00%,,1.00
4/5/2020,ID-BA,Bali,3,0,6,-3,27,0,11,16,Province,,Bali,Indonesia,Asia,Nusa Tenggara,UTC+08:00,,8,1,57,80,636,5780,4216171,729.43,115.1317136,-8.369471688,0.71,6.40,0.00,0.00,0.00%,40.74%,0.60,1.00
4/5/2020,ID-ST,Sulawesi Tengah,1,0,0,1,5,2,0,3,Province,,Sulawesi Tengah,Indonesia,Asia,Sulawesi,UTC+08:00,,12,1,175,175,1842,61841,2955567,47.79,121.2010927,-1.00413668,0.34,1.69,0.00,0.68,40.00%,0.00%,,1.00
4/5/2020,ID-KU,Kalimantan Utara,0,0,0,0,8,0,0,8,Province,,Kalimantan Utara,Indonesia,Asia,Kalimantan,UTC+08:00,,4,1,53,35,447,75468,648407,8.59,116.2188791,2.891012621,0.00,12.34,0.00,0.00,0.00%,0.00%,1.00,1.00
4/5/2020,ID-MU,Maluku Utara,0,0,0,0,1,0,0,1,Province,,Maluku Utara,Indonesia,Asia,Maluku,UTC+09:00,,8,2,116,118,1063,31983,1307803,40.89,127.5391072,0.212036949,0.00,0.76,0.00,0.00,0.00%,0.00%,1.00,1.00
4/5/2020,ID-KI,Kalimantan Timur,1,0,0,1,21,1,1,19,Province,,Kalimantan Timur,Indonesia,Asia,Kalimantan,UTC+08:00,,7,3,103,197,841,129067,3552191,27.52,116.4684405,0.45385803,0.28,5.91,0.00,0.28,4.76%,4.76%,0.50,1.00
4/5/2020,ID-SN,Sulawesi Selatan,2,2,7,-7,73,10,16,47,Province,,Sulawesi Selatan,Indonesia,Asia,Sulawesi,UTC+08:00,,21,3,311,792,2255,46717,9426885,201.78,120.1620559,-3.731080714,0.21,7.74,0.21,1.06,13.70%,21.92%,,1.00
4/5/2020,ID-PB,Papua Barat,0,0,0,0,2,0,0,2,Province,,Papua Barat,Indonesia,Asia,Papua,UTC+09:00,Daerah Khusus,12,1,218,95,1742,102955,1140701,11.08,132.9762624,-2.045160182,0.00,1.75,0.00,0.00,0.00%,0.00%,1.00,1.00
4/5/2020,ID-YO,Daerah Istimewa Yogyakarta,1,0,0,1,19,3,3,13,Province,,Daerah Istimewa Yogyakarta,Indonesia,Asia,Jawa,UTC+07:00,Daerah Istimewa,4,1,78,46,392,3133,3631015,1158.90,110.4448783,-7.89450185,0.28,5.23,0.00,0.83,15.79%,15.79%,0.20,1.00
4/5/2020,ID-JB,Jawa Barat,10,0,0,10,200,26,13,161,Province,,Jawa Barat,Indonesia,Asia,Jawa,UTC+07:00,,18,9,627,645,5312,35378,45161325,1276.55,107.6037083,-6.920432083,0.22,4.43,0.00,0.58,13.00%,6.50%,0.45,0.00
4/5/2020,ID-MA,Maluku,0,0,0,0,1,0,0,1,Province,,Maluku,Indonesia,Asia,Maluku,UTC+09:00,,9,2,118,35,1198,46914,1847097,39.37,129.576792,-3.192572,0.00,0.54,0.00,0.00,0.00%,0.00%,1.00,1.00
4/5/2020,ID-JA,Jambi,0,0,0,0,1,0,0,1,Province,,Jambi,Indonesia,Asia,Sumatera,UTC+07:00,,9,2,141,163,1399,50058,3493357,69.79,102.7236404,-1.69769766,0.00,0.29,0.00,0.00,0.00%,0.00%,1.00,1.00
4/5/2020,ID-SR,Sulawesi Barat,0,0,0,0,2,0,0,2,Province,,Sulawesi Barat,Indonesia,Asia,Sulawesi,UTC+08:00,,6,,69,73,575,16787,1559984,92.93,119.3450194,-2.461746053,0.00,1.28,0.00,0.00,0.00%,0.00%,1.00,1.00
4/5/2020,ID-LA,Lampung,0,0,0,0,10,3,0,7,Province,,Lampung,Indonesia,Asia,Sumatera,UTC+07:00,,13,2,228,205,2435,34624,9095591,262.70,105.0214366,-4.916792975,0.00,1.10,0.00,0.33,30.00%,0.00%,1.00,1.00
4/5/2020,ID-PA,Papua,8,0,0,8,25,1,4,20,Province,,Papua,Indonesia,Asia,Papua,UTC+09:00,Daerah Khusus,28,1,560,110,5411,319036,4340348,13.60,138.69603,-4.66620953,1.84,5.76,0.00,0.23,4.00%,16.00%,4.00,1.00
4/5/2020,IDN,Indonesia,181,7,14,160,2273,198,164,1911,Country,,,Indonesia,Asia,,,,416,98,7230,8488,74953,1916907,265185520,138.34,113.921327,-0.789275,0.68,8.57,0.03,0.75,8.71%,7.22%,1.71,0.70
4/5/2020,ID-KB,Kalimantan Barat,0,0,0,0,7,1,2,4,Province,,Kalimantan Barat,Indonesia,Asia,Kalimantan,UTC+07:00,,12,2,174,99,2031,147307,5422814,36.81,111.1211776,-0.086474572,0.00,1.29,0.00,0.18,14.29%,28.57%,1.00,1.00
4/5/2020,ID-BB,Kepulauan Bangka Belitung,0,0,0,0,2,1,0,1,Province,,Kepulauan Bangka Belitung,Indonesia,Asia,Sumatera,UTC+07:00,,6,1,47,82,309,16424,1379767,84.01,106.5499324,-2.447444127,0.00,1.45,0.00,0.72,50.00%,0.00%,1.00,1.00
4/6/2020,ID-SA,Sulawesi Utara,2,0,0,2,3,1,0,2,Province,,Sulawesi Utara,Indonesia,Asia,Sulawesi,UTC+08:00,,11,4,171,332,1507,13892,2641884,190.17,124.5212396,1.259638212,0.76,1.14,0.00,0.38,33.33%,0.00%,,1.00
4/6/2020,ID-SB,Sumatera Barat,10,0,0,10,18,0,0,18,Province,,Sumatera Barat,Indonesia,Asia,Sumatera,UTC+07:00,,12,7,179,230,928,42013,5519245,131.37,100.4650624,-0.850253225,1.81,3.26,0.00,0.00,0.00%,0.00%,,1.00
4/6/2020,ID-KS,Kalimantan Selatan,2,0,0,2,17,1,0,16,Province,,Kalimantan Selatan,Indonesia,Asia,Kalimantan,UTC+08:00,,11,2,153,144,1864,38744,4023049,103.84,115.4385783,-2.993594979,0.50,4.23,0.00,0.25,5.88%,0.00%,0.25,0.00
4/6/2020,ID-JK,DKI Jakarta,103,7,7,89,745,131,55,559,Province,,DKI Jakarta,Indonesia,Asia,Jawa,UTC+07:00,Daerah Khusus Ibu Kota,1,5,44,267,,664,10846145,16334.31,106.8361183,-6.204698991,9.50,68.69,0.65,12.08,17.58%,7.38%,1.21,0.47
4/6/2020,ID-BA,Bali,7,0,0,7,34,0,11,23,Province,,Bali,Indonesia,Asia,Nusa Tenggara,UTC+08:00,,8,1,57,80,636,5780,4216171,729.43,115.1317136,-8.369471688,1.66,8.06,0.00,0.00,0.00%,32.35%,2.33,1.00
4/6/2020,ID-KB,Kalimantan Barat,0,0,0,0,7,1,2,4,Province,,Kalimantan Barat,Indonesia,Asia,Kalimantan,UTC+07:00,,12,2,174,99,2031,147307,5422814,36.81,111.1211776,-0.086474572,0.00,1.29,0.00,0.18,14.29%,28.57%,1.00,1.00
4/6/2020,ID-BB,Kepulauan Bangka Belitung,0,0,0,0,2,1,0,1,Province,,Kepulauan Bangka Belitung,Indonesia,Asia,Sumatera,UTC+07:00,,6,1,47,82,309,16424,1379767,84.01,106.5499324,-2.447444127,0.00,1.45,0.00,0.72,50.00%,0.00%,1.00,1.00
4/6/2020,ID-RI,Riau,1,0,0,1,11,2,1,8,Province,,Riau,Indonesia,Asia,Sumatera,UTC+07:00,,10,2,169,268,1591,87024,6074100,69.80,101.8051092,0.511647851,0.16,1.81,0.00,0.33,18.18%,9.09%,1.00,0.00
4/6/2020,ID-JI,Jawa Timur,3,0,10,-7,140,15,27,98,Province,,Jawa Timur,Indonesia,Asia,Jawa,UTC+07:00,,29,9,666,777,7724,47803,40479023,846.78,112.7329414,-7.723345579,0.07,3.46,0.00,0.37,10.71%,19.29%,0.09,0.00
4/6/2020,ID-AC,Aceh,0,0,0,0,5,0,0,5,Province,,Aceh,Indonesia,Asia,Sumatera,UTC+07:00,Daerah Khusus,18,5,289,,6497,57956,5247257,90.54,96.91052174,4.225614628,0.00,0.95,0.00,0.00,0.00%,0.00%,1.00,1.00
4/6/2020,ID-SU,Sumatera Utara,1,0,0,1,19,5,0,14,Province,,Sumatera Utara,Indonesia,Asia,Sumatera,UTC+07:00,,25,8,450,693,5417,72981,14874889,203.82,99.05196442,2.191894453,0.07,1.28,0.00,0.34,26.32%,0.00%,,1.00
4/6/2020,ID-NB,Nusa Tenggara Barat,3,0,0,3,7,0,0,7,Province,,Nusa Tenggara Barat,Indonesia,Asia,Nusa Tenggara,UTC+08:00,,8,2,117,145,995,18572,5270247,283.77,117.5086257,-8.606998866,0.57,1.33,0.00,0.00,0.00%,0.00%,,1.00
4/6/2020,ID-JT,Jawa Tengah,12,4,1,7,119,25,24,70,Province,,Jawa Tengah,Indonesia,Asia,Jawa,UTC+07:00,,29,6,576,753,7809,32801,36364072,1108.64,110.2011149,-7.259097177,0.33,3.27,0.11,0.69,21.01%,20.17%,,
4/6/2020,ID-SG,Sulawesi Tenggara,1,0,0,1,3,0,1,2,Province,,Sulawesi Tenggara,Indonesia,Asia,Sulawesi,UTC+08:00,,15,2,219,377,1911,38068,2635461,69.23,122.070311,-4.124688793,0.38,1.14,0.00,0.00,0.00%,33.33%,,1.00
4/6/2020,ID-KR,Kepulauan Riau,0,0,0,0,5,3,2,0,Province,,Kepulauan Riau,Indonesia,Asia,Sumatera,UTC+07:00,,5,2,75,142,275,8202,1929400,235.24,108.261746,3.916346,0.00,2.59,0.00,1.55,60.00%,40.00%,0.00,1.00
4/6/2020,ID-BE,Bengkulu,0,0,0,0,2,1,0,1,Province,,Bengkulu,Indonesia,Asia,Sumatera,UTC+07:00,,9,1,129,172,1341,19919,1999539,100.38,102.3384213,-3.533583627,0.00,1.00,0.00,0.50,50.00%,0.00%,1.00,1.00
4/6/2020,ID-BT,Banten,9,1,1,7,117,19,9,89,Province,,Banten,Indonesia,Asia,Jawa,UTC+07:00,,4,4,155,313,1238,9663,10722374,1109.64,106.1090043,-6.456736388,0.84,10.91,0.09,1.77,16.24%,7.69%,2.25,
4/6/2020,ID-SS,Sumatera Selatan,0,0,0,0,15,0,1,14,Province,,Sumatera Selatan,Indonesia,Asia,Sumatera,UTC+07:00,,13,4,241,387,2853,91592,8217551,89.72,104.1694647,-3.216211808,0.00,1.83,0.00,0.00,0.00%,6.67%,0.00,1.00
4/6/2020,ID-KT,Kalimantan Tengah,9,0,0,9,16,0,4,12,Province,,Kalimantan Tengah,Indonesia,Asia,Kalimantan,UTC+07:00,,13,1,136,139,1432,153565,2570289,16.74,113.4176536,-1.602484653,3.50,6.22,0.00,0.00,0.00%,25.00%,,1.00
4/6/2020,ID-ST,Sulawesi Tengah,0,0,0,0,5,2,0,3,Province,,Sulawesi Tengah,Indonesia,Asia,Sulawesi,UTC+08:00,,12,1,175,175,1842,61841,2955567,47.79,121.2010927,-1.00413668,0.00,1.69,0.00,0.68,40.00%,0.00%,0.00,1.00
4/6/2020,ID-KU,Kalimantan Utara,7,0,0,7,15,0,0,15,Province,,Kalimantan Utara,Indonesia,Asia,Kalimantan,UTC+08:00,,4,1,53,35,447,75468,648407,8.59,116.2188791,2.891012621,10.80,23.13,0.00,0.00,0.00%,0.00%,,1.00
4/6/2020,ID-PB,Papua Barat,0,0,0,0,2,0,0,2,Province,,Papua Barat,Indonesia,Asia,Papua,UTC+09:00,Daerah Khusus,12,1,218,95,1742,102955,1140701,11.08,132.9762624,-2.045160182,0.00,1.75,0.00,0.00,0.00%,0.00%,1.00,1.00
4/6/2020,IDN,Indonesia,218,11,28,179,2491,209,192,2090,Country,,,Indonesia,Asia,,,,416,98,7230,8488,74953,1916907,265185520,138.34,113.921327,-0.789275,0.82,9.39,0.04,0.79,8.39%,7.71%,1.20,1.57
4/6/2020,ID-MU,Maluku Utara,0,0,0,0,1,0,0,1,Province,,Maluku Utara,Indonesia,Asia,Maluku,UTC+09:00,,8,2,116,118,1063,31983,1307803,40.89,127.5391072,0.212036949,0.00,0.76,0.00,0.00,0.00%,0.00%,1.00,1.00
4/6/2020,ID-SN,Sulawesi Selatan,29,0,0,29,102,10,16,76,Province,,Sulawesi Selatan,Indonesia,Asia,Sulawesi,UTC+08:00,,21,3,311,792,2255,46717,9426885,201.78,120.1620559,-3.731080714,3.08,10.82,0.00,1.06,9.80%,15.69%,14.50,0.00
4/6/2020,ID-KI,Kalimantan Timur,6,0,0,6,27,1,1,25,Province,,Kalimantan Timur,Indonesia,Asia,Kalimantan,UTC+08:00,,7,3,103,197,841,129067,3552191,27.52,116.4684405,0.45385803,1.69,7.60,0.00,0.28,3.70%,3.70%,6.00,1.00
4/6/2020,ID-YO,Daerah Istimewa Yogyakarta,3,0,1,2,22,3,4,15,Province,,Daerah Istimewa Yogyakarta,Indonesia,Asia,Jawa,UTC+07:00,Daerah Istimewa,4,1,78,46,392,3133,3631015,1158.90,110.4448783,-7.89450185,0.83,6.06,0.00,0.83,13.64%,18.18%,3.00,1.00
4/6/2020,ID-MA,Maluku,0,0,0,0,1,0,0,1,Province,,Maluku,Indonesia,Asia,Maluku,UTC+09:00,,9,2,118,35,1198,46914,1847097,39.37,129.576792,-3.192572,0.00,0.54,0.00,0.00,0.00%,0.00%,1.00,1.00
4/6/2020,ID-PA,Papua,0,1,0,-1,25,2,4,19,Province,,Papua,Indonesia,Asia,Papua,UTC+09:00,Daerah Khusus,28,1,560,110,5411,319036,4340348,13.60,138.69603,-4.66620953,0.00,5.76,0.23,0.46,8.00%,16.00%,0.00,
4/6/2020,ID-JB,Jawa Barat,15,1,1,13,215,27,14,174,Province,,Jawa Barat,Indonesia,Asia,Jawa,UTC+07:00,,18,9,627,645,5312,35378,45161325,1276.55,107.6037083,-6.920432083,0.33,4.76,0.02,0.60,12.56%,6.51%,1.50,
4/6/2020,ID-JA,Jambi,0,0,0,0,1,0,0,1,Province,,Jambi,Indonesia,Asia,Sumatera,UTC+07:00,,9,2,141,163,1399,50058,3493357,69.79,102.7236404,-1.69769766,0.00,0.29,0.00,0.00,0.00%,0.00%,1.00,1.00
4/6/2020,ID-LA,Lampung,1,0,0,1,11,3,0,8,Province,,Lampung,Indonesia,Asia,Sumatera,UTC+07:00,,13,2,228,205,2435,34624,9095591,262.70,105.0214366,-4.916792975,0.11,1.21,0.00,0.33,27.27%,0.00%,,1.00
4/6/2020,ID-SR,Sulawesi Barat,0,0,0,0,2,0,0,2,Province,,Sulawesi Barat,Indonesia,Asia,Sulawesi,UTC+08:00,,6,,69,73,575,16787,1559984,92.93,119.3450194,-2.461746053,0.00,1.28,0.00,0.00,0.00%,0.00%,1.00,1.00
4/7/2020,ID-SA,Sulawesi Utara,3,1,0,2,6,2,0,4,Province,,Sulawesi Utara,Indonesia,Asia,Sulawesi,UTC+08:00,,11,4,171,332,1507,13892,2641884,190.17,124.5212396,1.259638212,1.14,2.27,0.38,0.76,33.33%,0.00%,1.50,
4/7/2020,ID-SB,Sumatera Barat,0,0,0,0,18,0,0,18,Province,,Sumatera Barat,Indonesia,Asia,Sumatera,UTC+07:00,,12,7,179,230,928,42013,5519245,131.37,100.4650624,-0.850253225,0.00,3.26,0.00,0.00,0.00%,0.00%,0.00,1.00
4/7/2020,ID-BA,Bali,0,0,0,0,34,0,11,23,Province,,Bali,Indonesia,Asia,Nusa Tenggara,UTC+08:00,,8,1,57,80,636,5780,4216171,729.43,115.1317136,-8.369471688,0.00,8.06,0.00,0.00,0.00%,32.35%,0.00,1.00
4/7/2020,ID-JI,Jawa Timur,5,0,1,4,145,15,28,102,Province,,Jawa Timur,Indonesia,Asia,Jawa,UTC+07:00,,29,9,666,777,7724,47803,40479023,846.78,112.7329414,-7.723345579,0.12,3.58,0.00,0.37,10.34%,19.31%,1.67,1.00
4/7/2020,ID-BT,Banten,6,1,0,5,123,20,9,94,Province,,Banten,Indonesia,Asia,Jawa,UTC+07:00,,4,4,155,313,1238,9663,10722374,1109.64,106.1090043,-6.456736388,0.56,11.47,0.09,1.87,16.26%,7.32%,0.67,1.00
4/7/2020,ID-LA,Lampung,0,0,0,0,11,3,0,8,Province,,Lampung,Indonesia,Asia,Sumatera,UTC+07:00,,13,2,228,205,2435,34624,9095591,262.70,105.0214366,-4.916792975,0.00,1.21,0.00,0.33,27.27%,0.00%,0.00,1.00
4/7/2020,ID-SR,Sulawesi Barat,0,0,0,0,2,0,0,2,Province,,Sulawesi Barat,Indonesia,Asia,Sulawesi,UTC+08:00,,6,,69,73,575,16787,1559984,92.93,119.3450194,-2.461746053,0.00,1.28,0.00,0.00,0.00%,0.00%,1.00,1.00
4/7/2020,ID-KS,Kalimantan Selatan,0,2,0,-2,17,3,0,14,Province,,Kalimantan Selatan,Indonesia,Asia,Kalimantan,UTC+08:00,,11,2,153,144,1864,38744,4023049,103.84,115.4385783,-2.993594979,0.00,4.23,0.50,0.75,17.65%,0.00%,0.00,
4/7/2020,ID-JK,DKI Jakarta,111,14,3,94,856,145,58,653,Province,,DKI Jakarta,Indonesia,Asia,Jawa,UTC+07:00,Daerah Khusus Ibu Kota,1,5,44,267,,664,10846145,16334.31,106.8361183,-6.204698991,10.23,78.92,1.29,13.37,16.94%,6.78%,1.08,2.00
4/7/2020,ID-KB,Kalimantan Barat,0,0,1,-1,7,1,3,3,Province,,Kalimantan Barat,Indonesia,Asia,Kalimantan,UTC+07:00,,12,2,174,99,2031,147307,5422814,36.81,111.1211776,-0.086474572,0.00,1.29,0.00,0.18,14.29%,42.86%,1.00,1.00
4/7/2020,ID-RI,Riau,0,0,0,0,11,2,1,8,Province,,Riau,Indonesia,Asia,Sumatera,UTC+07:00,,10,2,169,268,1591,87024,6074100,69.80,101.8051092,0.511647851,0.00,1.81,0.00,0.33,18.18%,9.09%,0.00,1.00
4/7/2020,ID-BB,Kepulauan Bangka Belitung,0,0,0,0,2,1,0,1,Province,,Kepulauan Bangka Belitung,Indonesia,Asia,Sumatera,UTC+07:00,,6,1,47,82,309,16424,1379767,84.01,106.5499324,-2.447444127,0.00,1.45,0.00,0.72,50.00%,0.00%,1.00,1.00
4/7/2020,ID-AC,Aceh,0,0,0,0,5,0,0,5,Province,,Aceh,Indonesia,Asia,Sumatera,UTC+07:00,Daerah Khusus,18,5,289,,6497,57956,5247257,90.54,96.91052174,4.225614628,0.00,0.95,0.00,0.00,0.00%,0.00%,1.00,1.00
4/7/2020,ID-NB,Nusa Tenggara Barat,0,0,0,0,7,0,0,7,Province,,Nusa Tenggara Barat,Indonesia,Asia,Nusa Tenggara,UTC+08:00,,8,2,117,145,995,18572,5270247,283.77,117.5086257,-8.606998866,0.00,1.33,0.00,0.00,0.00%,0.00%,0.00,1.00
4/7/2020,ID-BE,Bengkulu,0,0,0,0,2,1,0,1,Province,,Bengkulu,Indonesia,Asia,Sumatera,UTC+07:00,,9,1,129,172,1341,19919,1999539,100.38,102.3384213,-3.533583627,0.00,1.00,0.00,0.50,50.00%,0.00%,1.00,1.00
4/7/2020,ID-SU,Sumatera Utara,0,0,0,0,19,5,0,14,Province,,Sumatera Utara,Indonesia,Asia,Sumatera,UTC+07:00,,25,8,450,693,5417,72981,14874889,203.82,99.05196442,2.191894453,0.00,1.28,0.00,0.34,26.32%,0.00%,0.00,1.00
4/7/2020,ID-JT,Jawa Tengah,1,0,0,1,120,25,24,71,Province,,Jawa Tengah,Indonesia,Asia,Jawa,UTC+07:00,,29,6,576,753,7809,32801,36364072,1108.64,110.2011149,-7.259097177,0.03,3.30,0.00,0.69,20.83%,20.00%,0.08,0.00
4/7/2020,ID-KR,Kepulauan Riau,0,0,0,0,5,3,2,0,Province,,Kepulauan Riau,Indonesia,Asia,Sumatera,UTC+07:00,,5,2,75,142,275,8202,1929400,235.24,108.261746,3.916346,0.00,2.59,0.00,1.55,60.00%,40.00%,1.00,1.00
4/7/2020,ID-SG,Sulawesi Tenggara,0,0,0,0,3,0,1,2,Province,,Sulawesi Tenggara,Indonesia,Asia,Sulawesi,UTC+08:00,,15,2,219,377,1911,38068,2635461,69.23,122.070311,-4.124688793,0.00,1.14,0.00,0.00,0.00%,33.33%,0.00,1.00
4/7/2020,ID-SS,Sumatera Selatan,0,0,0,0,15,0,1,14,Province,,Sumatera Selatan,Indonesia,Asia,Sumatera,UTC+07:00,,13,4,241,387,2853,91592,8217551,89.72,104.1694647,-3.216211808,0.00,1.83,0.00,0.00,0.00%,6.67%,1.00,1.00
4/7/2020,ID-KT,Kalimantan Tengah,0,0,2,-2,16,0,6,10,Province,,Kalimantan Tengah,Indonesia,Asia,Kalimantan,UTC+07:00,,13,1,136,139,1432,153565,2570289,16.74,113.4176536,-1.602484653,0.00,6.22,0.00,0.00,0.00%,37.50%,0.00,1.00
4/7/2020,IDN,Indonesia,247,12,12,223,2738,221,204,2313,Country,,,Indonesia,Asia,,,,416,98,7230,8488,74953,1916907,265185520,138.34,113.921327,-0.789275,0.93,10.32,0.05,0.83,8.07%,7.45%,1.13,1.09
4/7/2020,ID-JA,Jambi,0,0,0,0,1,0,0,1,Province,,Jambi,Indonesia,Asia,Sumatera,UTC+07:00,,9,2,141,163,1399,50058,3493357,69.79,102.7236404,-1.69769766,0.00,0.29,0.00,0.00,0.00%,0.00%,1.00,1.00
4/7/2020,ID-ST,Sulawesi Tengah,0,0,2,-2,5,2,2,1,Province,,Sulawesi Tengah,Indonesia,Asia,Sulawesi,UTC+08:00,,12,1,175,175,1842,61841,2955567,47.79,121.2010927,-1.00413668,0.00,1.69,0.00,0.68,40.00%,40.00%,1.00,1.00
4/7/2020,ID-PB,Papua Barat,0,0,0,0,2,0,0,2,Province,,Papua Barat,Indonesia,Asia,Papua,UTC+09:00,Daerah Khusus,12,1,218,95,1742,102955,1140701,11.08,132.9762624,-2.045160182,0.00,1.75,0.00,0.00,0.00%,0.00%,1.00,1.00
4/7/2020,ID-KU,Kalimantan Utara,0,0,0,0,15,0,0,15,Province,,Kalimantan Utara,Indonesia,Asia,Kalimantan,UTC+08:00,,4,1,53,35,447,75468,648407,8.59,116.2188791,2.891012621,0.00,23.13,0.00,0.00,0.00%,0.00%,0.00,1.00
4/7/2020,ID-MU,Maluku Utara,0,0,0,0,1,0,0,1,Province,,Maluku Utara,Indonesia,Asia,Maluku,UTC+09:00,,8,2,116,118,1063,31983,1307803,40.89,127.5391072,0.212036949,0.00,0.76,0.00,0.00,0.00%,0.00%,1.00,1.00
4/7/2020,ID-KI,Kalimantan Timur,0,0,0,0,27,1,1,25,Province,,Kalimantan Timur,Indonesia,Asia,Kalimantan,UTC+08:00,,7,3,103,197,841,129067,3552191,27.52,116.4684405,0.45385803,0.00,7.60,0.00,0.28,3.70%,3.70%,0.00,1.00
4/7/2020,ID-JB,Jawa Barat,78,0,3,75,293,27,17,249,Province,,Jawa Barat,Indonesia,Asia,Jawa,UTC+07:00,,18,9,627,645,5312,35378,45161325,1276.55,107.6037083,-6.920432083,1.73,6.49,0.00,0.60,9.22%,5.80%,5.20,0.00
4/7/2020,ID-SN,Sulawesi Selatan,10,0,2,8,112,10,18,84,Province,,Sulawesi Selatan,Indonesia,Asia,Sulawesi,UTC+08:00,,21,3,311,792,2255,46717,9426885,201.78,120.1620559,-3.731080714,1.06,11.88,0.00,1.06,8.93%,16.07%,0.34,1.00
4/7/2020,ID-YO,Daerah Istimewa Yogyakarta,1,0,0,1,23,3,4,16,Province,,Daerah Istimewa Yogyakarta,Indonesia,Asia,Jawa,UTC+07:00,Daerah Istimewa,4,1,78,46,392,3133,3631015,1158.90,110.4448783,-7.89450185,0.28,6.33,0.00,0.83,13.04%,17.39%,0.33,1.00
4/7/2020,ID-PA,Papua,0,1,0,-1,25,3,4,18,Province,,Papua,Indonesia,Asia,Papua,UTC+09:00,Daerah Khusus,28,1,560,110,5411,319036,4340348,13.60,138.69603,-4.66620953,0.00,5.76,0.23,0.69,12.00%,16.00%,1.00,1.00
4/7/2020,ID-MA,Maluku,0,0,0,0,1,0,0,1,Province,,Maluku,Indonesia,Asia,Maluku,UTC+09:00,,9,2,118,35,1198,46914,1847097,39.37,129.576792,-3.192572,0.00,0.54,0.00,0.00,0.00%,0.00%,1.00,1.00
4/8/2020,ID-SA,Sulawesi Utara,0,0,0,0,6,2,0,4,Province,,Sulawesi Utara,Indonesia,Asia,Sulawesi,UTC+08:00,,11,4,171,332,1507,13892,2641884,190.17,124.5212396,1.259638212,0.00,2.27,0.00,0.76,33.33%,0.00%,0.00,0.00
4/8/2020,ID-SB,Sumatera Barat,0,0,0,0,18,0,0,18,Province,,Sumatera Barat,Indonesia,Asia,Sumatera,UTC+07:00,,12,7,179,230,928,42013,5519245,131.37,100.4650624,-0.850253225,0.00,3.26,0.00,0.00,0.00%,0.00%,1.00,1.00
4/8/2020,ID-BT,Banten,19,0,0,19,142,20,9,113,Province,,Banten,Indonesia,Asia,Jawa,UTC+07:00,,4,4,155,313,1238,9663,10722374,1109.64,106.1090043,-6.456736388,1.77,13.24,0.00,1.87,14.08%,6.34%,3.17,0.00
4/8/2020,ID-JK,DKI Jakarta,89,9,5,75,945,154,63,728,Province,,DKI Jakarta,Indonesia,Asia,Jawa,UTC+07:00,Daerah Khusus Ibu Kota,1,5,44,267,,664,10846145,16334.31,106.8361183,-6.204698991,8.21,87.13,0.83,14.20,16.30%,6.67%,0.80,0.64
4/8/2020,ID-JT,Jawa Tengah,7,2,2,3,127,27,26,74,Province,,Jawa Tengah,Indonesia,Asia,Jawa,UTC+07:00,,29,6,576,753,7809,32801,36364072,1108.64,110.2011149,-7.259097177,0.19,3.49,0.05,0.74,21.26%,20.47%,7.00,
4/8/2020,ID-PA,Papua,11,0,0,11,36,3,4,29,Province,,Papua,Indonesia,Asia,Papua,UTC+09:00,Daerah Khusus,28,1,560,110,5411,319036,4340348,13.60,138.69603,-4.66620953,2.53,8.29,0.00,0.69,8.33%,11.11%,,0.00
4/8/2020,ID-MA,Maluku,2,0,0,2,3,0,0,3,Province,,Maluku,Indonesia,Asia,Maluku,UTC+09:00,,9,2,118,35,1198,46914,1847097,39.37,129.576792,-3.192572,1.08,1.62,0.00,0.00,0.00%,0.00%,,1.00
4/8/2020,ID-BA,Bali,6,0,0,6,40,0,11,29,Province,,Bali,Indonesia,Asia,Nusa Tenggara,UTC+08:00,,8,1,57,80,636,5780,4216171,729.43,115.1317136,-8.369471688,1.42,9.49,0.00,0.00,0.00%,27.50%,,1.00
4/8/2020,ID-JI,Jawa Timur,2,0,1,1,147,15,29,103,Province,,Jawa Timur,Indonesia,Asia,Jawa,UTC+07:00,,29,9,666,777,7724,47803,40479023,846.78,112.7329414,-7.723345579,0.05,3.63,0.00,0.37,10.20%,19.73%,0.40,1.00
4/8/2020,ID-LA,Lampung,3,2,0,1,14,5,0,9,Province,,Lampung,Indonesia,Asia,Sumatera,UTC+07:00,,13,2,228,205,2435,34624,9095591,262.70,105.0214366,-4.916792975,0.33,1.54,0.22,0.55,35.71%,0.00%,,
4/8/2020,ID-KS,Kalimantan Selatan,4,0,1,3,21,3,1,17,Province,,Kalimantan Selatan,Indonesia,Asia,Kalimantan,UTC+08:00,,11,2,153,144,1864,38744,4023049,103.84,115.4385783,-2.993594979,0.99,5.22,0.00,0.75,14.29%,4.76%,,0.00
4/8/2020,ID-SR,Sulawesi Barat,0,0,0,0,2,0,0,2,Province,,Sulawesi Barat,Indonesia,Asia,Sulawesi,UTC+08:00,,6,,69,73,575,16787,1559984,92.93,119.3450194,-2.461746053,0.00,1.28,0.00,0.00,0.00%,0.00%,1.00,1.00
4/8/2020,ID-KB,Kalimantan Barat,0,0,0,0,7,1,3,3,Province,,Kalimantan Barat,Indonesia,Asia,Kalimantan,UTC+07:00,,12,2,174,99,2031,147307,5422814,36.81,111.1211776,-0.086474572,0.00,1.29,0.00,0.18,14.29%,42.86%,1.00,1.00
4/8/2020,ID-BB,Kepulauan Bangka Belitung,0,0,0,0,2,1,0,1,Province,,Kepulauan Bangka Belitung,Indonesia,Asia,Sumatera,UTC+07:00,,6,1,47,82,309,16424,1379767,84.01,106.5499324,-2.447444127,0.00,1.45,0.00,0.72,50.00%,0.00%,1.00,1.00
4/8/2020,ID-SU,Sumatera Utara,29,0,0,29,48,5,0,43,Province,,Sumatera Utara,Indonesia,Asia,Sumatera,UTC+07:00,,25,8,450,693,5417,72981,14874889,203.82,99.05196442,2.191894453,1.95,3.23,0.00,0.34,10.42%,0.00%,,1.00
4/8/2020,ID-RI,Riau,0,0,0,0,11,2,1,8,Province,,Riau,Indonesia,Asia,Sumatera,UTC+07:00,,10,2,169,268,1591,87024,6074100,69.80,101.8051092,0.511647851,0.00,1.81,0.00,0.33,18.18%,9.09%,1.00,1.00
4/8/2020,ID-AC,Aceh,0,0,0,0,5,0,0,5,Province,,Aceh,Indonesia,Asia,Sumatera,UTC+07:00,Daerah Khusus,18,5,289,,6497,57956,5247257,90.54,96.91052174,4.225614628,0.00,0.95,0.00,0.00,0.00%,0.00%,1.00,1.00
4/8/2020,ID-BE,Bengkulu,0,0,0,0,2,1,0,1,Province,,Bengkulu,Indonesia,Asia,Sumatera,UTC+07:00,,9,1,129,172,1341,19919,1999539,100.38,102.3384213,-3.533583627,0.00,1.00,0.00,0.50,50.00%,0.00%,1.00,1.00
4/8/2020,ID-NB,Nusa Tenggara Barat,0,0,0,0,7,0,0,7,Province,,Nusa Tenggara Barat,Indonesia,Asia,Nusa Tenggara,UTC+08:00,,8,2,117,145,995,18572,5270247,283.77,117.5086257,-8.606998866,0.00,1.33,0.00,0.00,0.00%,0.00%,1.00,1.00
4/8/2020,ID-KR,Kepulauan Riau,0,0,0,0,5,3,2,0,Province,,Kepulauan Riau,Indonesia,Asia,Sumatera,UTC+07:00,,5,2,75,142,275,8202,1929400,235.24,108.261746,3.916346,0.00,2.59,0.00,1.55,60.00%,40.00%,1.00,1.00
4/8/2020,ID-SG,Sulawesi Tenggara,4,0,0,4,7,0,1,6,Province,,Sulawesi Tenggara,Indonesia,Asia,Sulawesi,UTC+08:00,,15,2,219,377,1911,38068,2635461,69.23,122.070311,-4.124688793,1.52,2.66,0.00,0.00,0.00%,14.29%,,1.00
4/8/2020,ID-JA,Jambi,0,0,0,0,1,0,0,1,Province,,Jambi,Indonesia,Asia,Sumatera,UTC+07:00,,9,2,141,163,1399,50058,3493357,69.79,102.7236404,-1.69769766,0.00,0.29,0.00,0.00,0.00%,0.00%,1.00,1.00
4/8/2020,ID-YO,Daerah Istimewa Yogyakarta,0,3,3,-6,23,6,7,10,Province,,Daerah Istimewa Yogyakarta,Indonesia,Asia,Jawa,UTC+07:00,Daerah Istimewa,4,1,78,46,392,3133,3631015,1158.90,110.4448783,-7.89450185,0.00,6.33,0.83,1.65,26.09%,30.43%,0.00,
4/8/2020,ID-SS,Sumatera Selatan,0,0,0,0,15,0,1,14,Province,,Sumatera Selatan,Indonesia,Asia,Sumatera,UTC+07:00,,13,4,241,387,2853,91592,8217551,89.72,104.1694647,-3.216211808,0.00,1.83,0.00,0.00,0.00%,6.67%,1.00,1.00
4/8/2020,IDN,Indonesia,218,19,18,181,2956,240,222,2494,Country,,,Indonesia,Asia,,,,416,98,7230,8488,74953,1916907,265185520,138.34,113.921327,-0.789275,0.82,11.15,0.07,0.91,8.12%,7.51%,0.88,1.58
4/8/2020,ID-KT,Kalimantan Tengah,0,1,0,-1,16,1,6,9,Province,,Kalimantan Tengah,Indonesia,Asia,Kalimantan,UTC+07:00,,13,1,136,139,1432,153565,2570289,16.74,113.4176536,-1.602484653,0.00,6.22,0.39,0.39,6.25%,37.50%,1.00,
4/8/2020,ID-ST,Sulawesi Tengah,0,0,0,0,5,2,2,1,Province,,Sulawesi Tengah,Indonesia,Asia,Sulawesi,UTC+08:00,,12,1,175,175,1842,61841,2955567,47.79,121.2010927,-1.00413668,0.00,1.69,0.00,0.68,40.00%,40.00%,1.00,1.00
4/8/2020,ID-KU,Kalimantan Utara,1,0,0,1,16,0,0,16,Province,,Kalimantan Utara,Indonesia,Asia,Kalimantan,UTC+08:00,,4,1,53,35,447,75468,648407,8.59,116.2188791,2.891012621,1.54,24.68,0.00,0.00,0.00%,0.00%,,1.00
4/8/2020,ID-SN,Sulawesi Selatan,5,1,2,2,117,11,20,86,Province,,Sulawesi Selatan,Indonesia,Asia,Sulawesi,UTC+08:00,,21,3,311,792,2255,46717,9426885,201.78,120.1620559,-3.731080714,0.53,12.41,0.11,1.17,9.40%,17.09%,0.50,
4/8/2020,ID-PB,Papua Barat,0,0,0,0,2,0,0,2,Province,,Papua Barat,Indonesia,Asia,Papua,UTC+09:00,Daerah Khusus,12,1,218,95,1742,102955,1140701,11.08,132.9762624,-2.045160182,0.00,1.75,0.00,0.00,0.00%,0.00%,1.00,1.00
4/8/2020,ID-MU,Maluku Utara,1,0,0,1,2,0,0,2,Province,,Maluku Utara,Indonesia,Asia,Maluku,UTC+09:00,,8,2,116,118,1063,31983,1307803,40.89,127.5391072,0.212036949,0.76,1.53,0.00,0.00,0.00%,0.00%,,1.00
4/8/2020,ID-JB,Jawa Barat,23,5,1,17,316,32,18,266,Province,,Jawa Barat,Indonesia,Asia,Jawa,UTC+07:00,,18,9,627,645,5312,35378,45161325,1276.55,107.6037083,-6.920432083,0.51,7.00,0.11,0.71,10.13%,5.70%,0.29,
4/8/2020,ID-KI,Kalimantan Timur,1,0,0,1,28,1,1,26,Province,,Kalimantan Timur,Indonesia,Asia,Kalimantan,UTC+08:00,,7,3,103,197,841,129067,3552191,27.52,116.4684405,0.45385803,0.28,7.88,0.00,0.28,3.57%,3.57%,,1.00
4/9/2020,ID-SA,Sulawesi Utara,0,0,0,0,6,2,0,4,Province,,Sulawesi Utara,Indonesia,Asia,Sulawesi,UTC+08:00,,11,4,171,332,1507,13892,2641884,190.17,124.5212396,1.259638212,0.00,2.27,0.00,0.76,33.33%,0.00%,1.00,1.00
4/9/2020,ID-SB,Sumatera Barat,0,0,0,0,18,0,0,18,Province,,Sumatera Barat,Indonesia,Asia,Sumatera,UTC+07:00,,12,7,179,230,928,42013,5519245,131.37,100.4650624,-0.850253225,0.00,3.26,0.00,0.00,0.00%,0.00%,1.00,1.00
4/9/2020,ID-JT,Jawa Tengah,4,1,3,0,131,28,29,74,Province,,Jawa Tengah,Indonesia,Asia,Jawa,UTC+07:00,,29,6,576,753,7809,32801,36364072,1108.64,110.2011149,-7.259097177,0.11,3.60,0.03,0.77,21.37%,22.14%,0.57,0.50
4/9/2020,ID-JI,Jawa Timur,27,2,7,18,174,17,36,121,Province,,Jawa Timur,Indonesia,Asia,Jawa,UTC+07:00,,29,9,666,777,7724,47803,40479023,846.78,112.7329414,-7.723345579,0.67,4.30,0.05,0.42,9.77%,20.69%,13.50,
4/9/2020,ID-AC,Aceh,0,0,1,-1,5,0,1,4,Province,,Aceh,Indonesia,Asia,Sumatera,UTC+07:00,Daerah Khusus,18,5,289,,6497,57956,5247257,90.54,96.91052174,4.225614628,0.00,0.95,0.00,0.00,0.00%,20.00%,1.00,1.00
4/9/2020,ID-JB,Jawa Barat,18,6,2,10,334,38,20,276,Province,,Jawa Barat,Indonesia,Asia,Jawa,UTC+07:00,,18,9,627,645,5312,35378,45161325,1276.55,107.6037083,-6.920432083,0.40,7.40,0.13,0.84,11.38%,5.99%,0.78,1.20
4/9/2020,ID-KI,Kalimantan Timur,0,0,5,-5,28,1,6,21,Province,,Kalimantan Timur,Indonesia,Asia,Kalimantan,UTC+08:00,,7,3,103,197,841,129067,3552191,27.52,116.4684405,0.45385803,0.00,7.88,0.00,0.28,3.57%,21.43%,0.00,1.00
4/9/2020,ID-BT,Banten,3,2,0,1,145,22,9,114,Province,,Banten,Indonesia,Asia,Jawa,UTC+07:00,,4,4,155,313,1238,9663,10722374,1109.64,106.1090043,-6.456736388,0.28,13.52,0.19,2.05,15.17%,6.21%,0.16,
4/9/2020,ID-JK,DKI Jakarta,229,34,5,190,1174,188,68,918,Province,,DKI Jakarta,Indonesia,Asia,Jawa,UTC+07:00,Daerah Khusus Ibu Kota,1,5,44,267,,664,10846145,16334.31,106.8361183,-6.204698991,21.11,108.24,3.13,17.33,16.01%,5.79%,2.57,3.78
4/9/2020,ID-PA,Papua,0,0,0,0,36,3,4,29,Province,,Papua,Indonesia,Asia,Papua,UTC+09:00,Daerah Khusus,28,1,560,110,5411,319036,4340348,13.60,138.69603,-4.66620953,0.00,8.29,0.00,0.69,8.33%,11.11%,0.00,1.00
4/9/2020,ID-BA,Bali,14,0,0,14,54,0,11,43,Province,,Bali,Indonesia,Asia,Nusa Tenggara,UTC+08:00,,8,1,57,80,636,5780,4216171,729.43,115.1317136,-8.369471688,3.32,12.81,0.00,0.00,0.00%,20.37%,2.33,1.00
4/9/2020,ID-MA,Maluku,0,0,0,0,3,0,0,3,Province,,Maluku,Indonesia,Asia,Maluku,UTC+09:00,,9,2,118,35,1198,46914,1847097,39.37,129.576792,-3.192572,0.00,1.62,0.00,0.00,0.00%,0.00%,0.00,1.00
4/9/2020,ID-LA,Lampung,0,0,2,-2,14,5,2,7,Province,,Lampung,Indonesia,Asia,Sumatera,UTC+07:00,,13,2,228,205,2435,34624,9095591,262.70,105.0214366,-4.916792975,0.00,1.54,0.00,0.55,35.71%,14.29%,0.00,0.00
4/9/2020,ID-SR,Sulawesi Barat,0,0,0,0,2,0,0,2,Province,,Sulawesi Barat,Indonesia,Asia,Sulawesi,UTC+08:00,,6,,69,73,575,16787,1559984,92.93,119.3450194,-2.461746053,0.00,1.28,0.00,0.00,0.00%,0.00%,1.00,1.00
4/9/2020,ID-RI,Riau,1,1,0,0,12,3,1,8,Province,,Riau,Indonesia,Asia,Sumatera,UTC+07:00,,10,2,169,268,1591,87024,6074100,69.80,101.8051092,0.511647851,0.16,1.98,0.16,0.49,25.00%,8.33%,,
4/9/2020,ID-KS,Kalimantan Selatan,0,1,2,-3,21,4,3,14,Province,,Kalimantan Selatan,Indonesia,Asia,Kalimantan,UTC+08:00,,11,2,153,144,1864,38744,4023049,103.84,115.4385783,-2.993594979,0.00,5.22,0.25,0.99,19.05%,14.29%,0.00,
4/9/2020,ID-KB,Kalimantan Barat,0,0,0,0,7,1,3,3,Province,,Kalimantan Barat,Indonesia,Asia,Kalimantan,UTC+07:00,,12,2,174,99,2031,147307,5422814,36.81,111.1211776,-0.086474572,0.00,1.29,0.00,0.18,14.29%,42.86%,1.00,1.00
4/9/2020,ID-SU,Sumatera Utara,0,0,0,0,48,5,0,43,Province,,Sumatera Utara,Indonesia,Asia,Sumatera,UTC+07:00,,25,8,450,693,5417,72981,14874889,203.82,99.05196442,2.191894453,0.00,3.23,0.00,0.34,10.42%,0.00%,0.00,1.00
4/9/2020,ID-BB,Kepulauan Bangka Belitung,1,0,0,1,3,1,0,2,Province,,Kepulauan Bangka Belitung,Indonesia,Asia,Sumatera,UTC+07:00,,6,1,47,82,309,16424,1379767,84.01,106.5499324,-2.447444127,0.72,2.17,0.00,0.72,33.33%,0.00%,,1.00
4/9/2020,ID-NT,Nusa Tenggara Timur,1,0,0,1,1,0,0,1,Province,,Nusa Tenggara Timur,Indonesia,Asia,Nusa Tenggara,UTC+08:00,,21,1,309,327,3026,48718,5411321,111.07,121.592271,-8.682205,0.18,0.18,0.00,0.00,0.00%,0.00%,,
4/9/2020,ID-NB,Nusa Tenggara Barat,5,0,2,3,12,0,2,10,Province,,Nusa Tenggara Barat,Indonesia,Asia,Nusa Tenggara,UTC+08:00,,8,2,117,145,995,18572,5270247,283.77,117.5086257,-8.606998866,0.95,2.28,0.00,0.00,0.00%,16.67%,,1.00
4/9/2020,ID-YO,Daerah Istimewa Yogyakarta,2,0,3,-1,25,6,10,9,Province,,Daerah Istimewa Yogyakarta,Indonesia,Asia,Jawa,UTC+07:00,Daerah Istimewa,4,1,78,46,392,3133,3631015,1158.90,110.4448783,-7.89450185,0.55,6.89,0.00,1.65,24.00%,40.00%,,0.00
4/9/2020,ID-MU,Maluku Utara,0,0,1,-1,2,0,1,1,Province,,Maluku Utara,Indonesia,Asia,Maluku,UTC+09:00,,8,2,116,118,1063,31983,1307803,40.89,127.5391072,0.212036949,0.00,1.53,0.00,0.00,0.00%,50.00%,0.00,1.00
4/9/2020,ID-BE,Bengkulu,2,0,0,2,4,1,0,3,Province,,Bengkulu,Indonesia,Asia,Sumatera,UTC+07:00,,9,1,129,172,1341,19919,1999539,100.38,102.3384213,-3.533583627,1.00,2.00,0.00,0.50,25.00%,0.00%,,1.00
4/9/2020,ID-KR,Kepulauan Riau,11,0,0,11,16,3,2,11,Province,,Kepulauan Riau,Indonesia,Asia,Sumatera,UTC+07:00,,5,2,75,142,275,8202,1929400,235.24,108.261746,3.916346,5.70,8.29,0.00,1.55,18.75%,12.50%,,1.00
4/9/2020,ID-JA,Jambi,0,0,0,0,1,0,0,1,Province,,Jambi,Indonesia,Asia,Sumatera,UTC+07:00,,9,2,141,163,1399,50058,3493357,69.79,102.7236404,-1.69769766,0.00,0.29,0.00,0.00,0.00%,0.00%,1.00,1.00
4/9/2020,ID-SG,Sulawesi Tenggara,5,0,0,5,12,0,1,11,Province,,Sulawesi Tenggara,Indonesia,Asia,Sulawesi,UTC+08:00,,15,2,219,377,1911,38068,2635461,69.23,122.070311,-4.124688793,1.90,4.55,0.00,0.00,0.00%,8.33%,1.25,1.00
4/9/2020,ID-SS,Sumatera Selatan,1,0,0,1,16,0,1,15,Province,,Sumatera Selatan,Indonesia,Asia,Sumatera,UTC+07:00,,13,4,241,387,2853,91592,8217551,89.72,104.1694647,-3.216211808,0.12,1.95,0.00,0.00,0.00%,6.25%,,1.00
4/9/2020,ID-KT,Kalimantan Tengah,0,0,0,0,16,1,6,9,Province,,Kalimantan Tengah,Indonesia,Asia,Kalimantan,UTC+07:00,,13,1,136,139,1432,153565,2570289,16.74,113.4176536,-1.602484653,0.00,6.22,0.00,0.39,6.25%,37.50%,1.00,0.00
4/9/2020,ID-PB,Papua Barat,0,0,0,0,2,0,0,2,Province,,Papua Barat,Indonesia,Asia,Papua,UTC+09:00,Daerah Khusus,12,1,218,95,1742,102955,1140701,11.08,132.9762624,-2.045160182,0.00,1.75,0.00,0.00,0.00%,0.00%,1.00,1.00
4/9/2020,IDN,Indonesia,337,40,30,267,3293,280,252,2761,Country,,,Indonesia,Asia,,,,416,98,7230,8488,74953,1916907,265185520,138.34,113.921327,-0.789275,1.27,12.42,0.15,1.06,8.50%,7.65%,1.55,2.11
4/9/2020,ID-ST,Sulawesi Tengah,0,0,0,0,5,2,2,1,Province,,Sulawesi Tengah,Indonesia,Asia,Sulawesi,UTC+08:00,,12,1,175,175,1842,61841,2955567,47.79,121.2010927,-1.00413668,0.00,1.69,0.00,0.68,40.00%,40.00%,1.00,1.00
4/9/2020,ID-SN,Sulawesi Selatan,6,0,0,6,123,11,20,92,Province,,Sulawesi Selatan,Indonesia,Asia,Sulawesi,UTC+08:00,,21,3,311,792,2255,46717,9426885,201.78,120.1620559,-3.731080714,0.64,13.05,0.00,1.17,8.94%,16.26%,1.20,0.00
4/9/2020,ID-KU,Kalimantan Utara,0,0,0,0,16,0,0,16,Province,,Kalimantan Utara,Indonesia,Asia,Kalimantan,UTC+08:00,,4,1,53,35,447,75468,648407,8.59,116.2188791,2.891012621,0.00,24.68,0.00,0.00,0.00%,0.00%,0.00,1.00
4/10/2020,ID-GO,Gorontalo,1,0,0,1,1,0,0,1,Province,,Gorontalo,Indonesia,Asia,Sulawesi,UTC+08:00,,5,1,77,72,657,11257,1180651,104.88,122.3760581,0.687002604,0.85,0.85,0.00,0.00,0.00%,0.00%,,
4/10/2020,ID-SB,Sumatera Barat,13,3,5,5,31,3,5,23,Province,,Sumatera Barat,Indonesia,Asia,Sumatera,UTC+07:00,,12,7,179,230,928,42013,5519245,131.37,100.4650624,-0.850253225,2.36,5.62,0.54,0.54,9.68%,16.13%,,
4/10/2020,ID-AC,Aceh,0,0,0,0,5,0,1,4,Province,,Aceh,Indonesia,Asia,Sumatera,UTC+07:00,Daerah Khusus,18,5,289,,6497,57956,5247257,90.54,96.91052174,4.225614628,0.00,0.95,0.00,0.00,0.00%,20.00%,1.00,1.00
4/10/2020,ID-JK,DKI Jakarta,50,11,4,35,1224,199,72,953,Province,,DKI Jakarta,Indonesia,Asia,Jawa,UTC+07:00,Daerah Khusus Ibu Kota,1,5,44,267,,664,10846145,16334.31,106.8361183,-6.204698991,4.61,112.85,1.01,18.35,16.26%,5.88%,0.22,0.32
4/10/2020,ID-KB,Kalimantan Barat,0,0,0,0,7,1,3,3,Province,,Kalimantan Barat,Indonesia,Asia,Kalimantan,UTC+07:00,,12,2,174,99,2031,147307,5422814,36.81,111.1211776,-0.086474572,0.00,1.29,0.00,0.18,14.29%,42.86%,1.00,1.00
4/10/2020,ID-SN,Sulawesi Selatan,33,1,0,32,156,12,20,124,Province,,Sulawesi Selatan,Indonesia,Asia,Sulawesi,UTC+08:00,,21,3,311,792,2255,46717,9426885,201.78,120.1620559,-3.731080714,3.50,16.55,0.11,1.27,7.69%,12.82%,5.50,
4/10/2020,ID-KU,Kalimantan Utara,0,0,0,0,16,0,0,16,Province,,Kalimantan Utara,Indonesia,Asia,Kalimantan,UTC+08:00,,4,1,53,35,447,75468,648407,8.59,116.2188791,2.891012621,0.00,24.68,0.00,0.00,0.00%,0.00%,1.00,1.00
4/10/2020,ID-SA,Sulawesi Utara,5,1,0,4,11,3,0,8,Province,,Sulawesi Utara,Indonesia,Asia,Sulawesi,UTC+08:00,,11,4,171,332,1507,13892,2641884,190.17,124.5212396,1.259638212,1.89,4.16,0.38,1.14,27.27%,0.00%,,
4/10/2020,ID-JT,Jawa Tengah,0,0,0,0,131,28,29,74,Province,,Jawa Tengah,Indonesia,Asia,Jawa,UTC+07:00,,29,6,576,753,7809,32801,36364072,1108.64,110.2011149,-7.259097177,0.00,3.60,0.00,0.77,21.37%,22.14%,0.00,0.00
4/10/2020,ID-JI,Jawa Timur,33,4,11,18,207,21,47,139,Province,,Jawa Timur,Indonesia,Asia,Jawa,UTC+07:00,,29,9,666,777,7724,47803,40479023,846.78,112.7329414,-7.723345579,0.82,5.11,0.10,0.52,10.14%,22.71%,1.22,2.00
4/10/2020,ID-JB,Jawa Barat,10,0,0,10,344,38,20,286,Province,,Jawa Barat,Indonesia,Asia,Jawa,UTC+07:00,,18,9,627,645,5312,35378,45161325,1276.55,107.6037083,-6.920432083,0.22,7.62,0.00,0.84,11.05%,5.81%,0.56,0.00
4/10/2020,ID-BT,Banten,21,1,0,20,166,23,9,134,Province,,Banten,Indonesia,Asia,Jawa,UTC+07:00,,4,4,155,313,1238,9663,10722374,1109.64,106.1090043,-6.456736388,1.96,15.48,0.09,2.15,13.86%,5.42%,7.00,0.50
4/10/2020,ID-KI,Kalimantan Timur,4,0,0,4,32,1,6,25,Province,,Kalimantan Timur,Indonesia,Asia,Kalimantan,UTC+08:00,,7,3,103,197,841,129067,3552191,27.52,116.4684405,0.45385803,1.13,9.01,0.00,0.28,3.13%,18.75%,,1.00
4/10/2020,ID-PA,Papua,0,1,1,-2,36,4,5,27,Province,,Papua,Indonesia,Asia,Papua,UTC+09:00,Daerah Khusus,28,1,560,110,5411,319036,4340348,13.60,138.69603,-4.66620953,0.00,8.29,0.23,0.92,11.11%,13.89%,1.00,
4/10/2020,ID-MA,Maluku,0,0,0,0,3,0,0,3,Province,,Maluku,Indonesia,Asia,Maluku,UTC+09:00,,9,2,118,35,1198,46914,1847097,39.37,129.576792,-3.192572,0.00,1.62,0.00,0.00,0.00%,0.00%,1.00,1.00
4/10/2020,ID-KS,Kalimantan Selatan,7,0,0,7,28,4,3,21,Province,,Kalimantan Selatan,Indonesia,Asia,Kalimantan,UTC+08:00,,11,2,153,144,1864,38744,4023049,103.84,115.4385783,-2.993594979,1.74,6.96,0.00,0.99,14.29%,10.71%,,0.00
4/10/2020,ID-BA,Bali,12,0,1,11,66,0,12,54,Province,,Bali,Indonesia,Asia,Nusa Tenggara,UTC+08:00,,8,1,57,80,636,5780,4216171,729.43,115.1317136,-8.369471688,2.85,15.65,0.00,0.00,0.00%,18.18%,0.86,1.00
4/10/2020,ID-LA,Lampung,5,0,0,5,19,5,2,12,Province,,Lampung,Indonesia,Asia,Sumatera,UTC+07:00,,13,2,228,205,2435,34624,9095591,262.70,105.0214366,-4.916792975,0.55,2.09,0.00,0.55,26.32%,10.53%,,1.00
4/10/2020,ID-RI,Riau,0,0,1,-1,12,3,2,7,Province,,Riau,Indonesia,Asia,Sumatera,UTC+07:00,,10,2,169,268,1591,87024,6074100,69.80,101.8051092,0.511647851,0.00,1.98,0.00,0.49,25.00%,16.67%,0.00,0.00
4/10/2020,ID-SR,Sulawesi Barat,1,0,0,1,3,0,0,3,Province,,Sulawesi Barat,Indonesia,Asia,Sulawesi,UTC+08:00,,6,,69,73,575,16787,1559984,92.93,119.3450194,-2.461746053,0.64,1.92,0.00,0.00,0.00%,0.00%,,1.00
4/10/2020,ID-SU,Sumatera Utara,0,0,8,-8,48,5,8,35,Province,,Sumatera Utara,Indonesia,Asia,Sumatera,UTC+07:00,,25,8,450,693,5417,72981,14874889,203.82,99.05196442,2.191894453,0.00,3.23,0.00,0.34,10.42%,16.67%,1.00,1.00
4/10/2020,ID-NT,Nusa Tenggara Timur,0,0,0,0,1,0,0,1,Province,,Nusa Tenggara Timur,Indonesia,Asia,Nusa Tenggara,UTC+08:00,,21,1,309,327,3026,48718,5411321,111.07,121.592271,-8.682205,0.00,0.18,0.00,0.00,0.00%,0.00%,0.00,1.00
4/10/2020,ID-BE,Bengkulu,0,0,0,0,4,1,0,3,Province,,Bengkulu,Indonesia,Asia,Sumatera,UTC+07:00,,9,1,129,172,1341,19919,1999539,100.38,102.3384213,-3.533583627,0.00,2.00,0.00,0.50,25.00%,0.00%,0.00,1.00
4/10/2020,ID-ST,Sulawesi Tengah,9,0,0,9,14,2,2,10,Province,,Sulawesi Tengah,Indonesia,Asia,Sulawesi,UTC+08:00,,12,1,175,175,1842,61841,2955567,47.79,121.2010927,-1.00413668,3.05,4.74,0.00,0.68,14.29%,14.29%,,1.00
4/10/2020,ID-BB,Kepulauan Bangka Belitung,0,0,0,0,3,1,0,2,Province,,Kepulauan Bangka Belitung,Indonesia,Asia,Sumatera,UTC+07:00,,6,1,47,82,309,16424,1379767,84.01,106.5499324,-2.447444127,0.00,2.17,0.00,0.72,33.33%,0.00%,0.00,1.00
4/10/2020,ID-NB,Nusa Tenggara Barat,9,0,0,9,21,0,2,19,Province,,Nusa Tenggara Barat,Indonesia,Asia,Nusa Tenggara,UTC+08:00,,8,2,117,145,995,18572,5270247,283.77,117.5086257,-8.606998866,1.71,3.98,0.00,0.00,0.00%,9.52%,1.80,1.00
4/10/2020,ID-MU,Maluku Utara,0,0,0,0,2,0,1,1,Province,,Maluku Utara,Indonesia,Asia,Maluku,UTC+09:00,,8,2,116,118,1063,31983,1307803,40.89,127.5391072,0.212036949,0.00,1.53,0.00,0.00,0.00%,50.00%,1.00,1.00
4/10/2020,ID-YO,Daerah Istimewa Yogyakarta,0,0,3,-3,25,6,13,6,Province,,Daerah Istimewa Yogyakarta,Indonesia,Asia,Jawa,UTC+07:00,Daerah Istimewa,4,1,78,46,392,3133,3631015,1158.90,110.4448783,-7.89450185,0.00,6.89,0.00,1.65,24.00%,52.00%,0.00,1.00
4/10/2020,ID-KR,Kepulauan Riau,0,0,0,0,16,3,2,11,Province,,Kepulauan Riau,Indonesia,Asia,Sumatera,UTC+07:00,,5,2,75,142,275,8202,1929400,235.24,108.261746,3.916346,0.00,8.29,0.00,1.55,18.75%,12.50%,0.00,1.00
4/10/2020,ID-SG,Sulawesi Tenggara,0,0,0,0,12,0,1,11,Province,,Sulawesi Tenggara,Indonesia,Asia,Sulawesi,UTC+08:00,,15,2,219,377,1911,38068,2635461,69.23,122.070311,-4.124688793,0.00,4.55,0.00,0.00,0.00%,8.33%,0.00,1.00
4/10/2020,IDN,Indonesia,219,26,30,163,3512,306,282,2924,Country,,,Indonesia,Asia,,,,416,98,7230,8488,74953,1916907,265185520,138.34,113.921327,-0.789275,0.83,13.24,0.10,1.15,8.71%,8.03%,0.65,0.65
4/10/2020,ID-JA,Jambi,0,0,0,0,1,0,0,1,Province,,Jambi,Indonesia,Asia,Sumatera,UTC+07:00,,9,2,141,163,1399,50058,3493357,69.79,102.7236404,-1.69769766,0.00,0.29,0.00,0.00,0.00%,0.00%,1.00,1.00
4/10/2020,ID-SS,Sumatera Selatan,1,0,0,1,17,0,1,16,Province,,Sumatera Selatan,Indonesia,Asia,Sumatera,UTC+07:00,,13,4,241,387,2853,91592,8217551,89.72,104.1694647,-3.216211808,0.12,2.07,0.00,0.00,0.00%,5.88%,1.00,1.00
4/10/2020,ID-PB,Papua Barat,0,0,0,0,2,0,0,2,Province,,Papua Barat,Indonesia,Asia,Papua,UTC+09:00,Daerah Khusus,12,1,218,95,1742,102955,1140701,11.08,132.9762624,-2.045160182,0.00,1.75,0.00,0.00,0.00%,0.00%,1.00,1.00
4/10/2020,ID-KT,Kalimantan Tengah,4,0,1,3,20,1,7,12,Province,,Kalimantan Tengah,Indonesia,Asia,Kalimantan,UTC+07:00,,13,1,136,139,1432,153565,2570289,16.74,113.4176536,-1.602484653,1.56,7.78,0.00,0.39,5.00%,35.00%,,1.00
4/11/2020,ID-GO,Gorontalo,0,0,0,0,1,0,0,1,Province,,Gorontalo,Indonesia,Asia,Sulawesi,UTC+08:00,,5,1,77,72,657,11257,1180651,104.88,122.3760581,0.687002604,0.00,0.85,0.00,0.00,0.00%,0.00%,0.00,1.00
4/11/2020,ID-AC,Aceh,0,0,0,0,5,0,1,4,Province,,Aceh,Indonesia,Asia,Sumatera,UTC+07:00,Daerah Khusus,18,5,289,,6497,57956,5247257,90.54,96.91052174,4.225614628,0.00,0.95,0.00,0.00,0.00%,20.00%,1.00,1.00
4/11/2020,ID-SN,Sulawesi Selatan,11,6,0,5,167,18,20,129,Province,,Sulawesi Selatan,Indonesia,Asia,Sulawesi,UTC+08:00,,21,3,311,792,2255,46717,9426885,201.78,120.1620559,-3.731080714,1.17,17.72,0.64,1.91,10.78%,11.98%,0.33,6.00
4/11/2020,ID-JI,Jawa Timur,11,3,2,6,218,24,49,145,Province,,Jawa Timur,Indonesia,Asia,Jawa,UTC+07:00,,29,9,666,777,7724,47803,40479023,846.78,112.7329414,-7.723345579,0.27,5.39,0.07,0.59,11.01%,22.48%,0.33,0.75
4/11/2020,ID-LA,Lampung,0,0,2,-2,19,5,4,10,Province,,Lampung,Indonesia,Asia,Sumatera,UTC+07:00,,13,2,228,205,2435,34624,9095591,262.70,105.0214366,-4.916792975,0.00,2.09,0.00,0.55,26.32%,21.05%,0.00,1.00
4/11/2020,ID-PB,Papua Barat,0,0,0,0,2,0,0,2,Province,,Papua Barat,Indonesia,Asia,Papua,UTC+09:00,Daerah Khusus,12,1,218,95,1742,102955,1140701,11.08,132.9762624,-2.045160182,0.00,1.75,0.00,0.00,0.00%,0.00%,1.00,1.00
4/11/2020,ID-KT,Kalimantan Tengah,0,0,0,0,20,1,7,12,Province,,Kalimantan Tengah,Indonesia,Asia,Kalimantan,UTC+07:00,,13,1,136,139,1432,153565,2570289,16.74,113.4176536,-1.602484653,0.00,7.78,0.00,0.39,5.00%,35.00%,0.00,1.00
4/11/2020,ID-SB,Sumatera Barat,0,0,0,0,31,3,5,23,Province,,Sumatera Barat,Indonesia,Asia,Sumatera,UTC+07:00,,12,7,179,230,928,42013,5519245,131.37,100.4650624,-0.850253225,0.00,5.62,0.00,0.54,9.68%,16.13%,0.00,0.00
4/11/2020,ID-JK,DKI Jakarta,196,11,7,178,1420,210,79,1131,Province,,DKI Jakarta,Indonesia,Asia,Jawa,UTC+07:00,Daerah Khusus Ibu Kota,1,5,44,267,,664,10846145,16334.31,106.8361183,-6.204698991,18.07,130.92,1.01,19.36,14.79%,5.56%,3.92,1.00
4/11/2020,ID-KB,Kalimantan Barat,0,0,0,0,7,1,3,3,Province,,Kalimantan Barat,Indonesia,Asia,Kalimantan,UTC+07:00,,12,2,174,99,2031,147307,5422814,36.81,111.1211776,-0.086474572,0.00,1.29,0.00,0.18,14.29%,42.86%,1.00,1.00
4/11/2020,ID-KU,Kalimantan Utara,0,1,0,-1,16,1,0,15,Province,,Kalimantan Utara,Indonesia,Asia,Kalimantan,UTC+08:00,,4,1,53,35,447,75468,648407,8.59,116.2188791,2.891012621,0.00,24.68,1.54,1.54,6.25%,0.00%,1.00,
4/11/2020,ID-JT,Jawa Tengah,0,1,0,-1,131,29,29,73,Province,,Jawa Tengah,Indonesia,Asia,Jawa,UTC+07:00,,29,6,576,753,7809,32801,36364072,1108.64,110.2011149,-7.259097177,0.00,3.60,0.03,0.80,22.14%,22.14%,1.00,
4/11/2020,ID-SA,Sulawesi Utara,0,0,1,-1,11,3,1,7,Province,,Sulawesi Utara,Indonesia,Asia,Sulawesi,UTC+08:00,,11,4,171,332,1507,13892,2641884,190.17,124.5212396,1.259638212,0.00,4.16,0.00,1.14,27.27%,9.09%,0.00,0.00
4/11/2020,ID-JB,Jawa Barat,36,0,0,36,380,38,20,322,Province,,Jawa Barat,Indonesia,Asia,Jawa,UTC+07:00,,18,9,627,645,5312,35378,45161325,1276.55,107.6037083,-6.920432083,0.80,8.41,0.00,0.84,10.00%,5.26%,3.60,1.00
4/11/2020,ID-KI,Kalimantan Timur,0,0,0,0,32,1,6,25,Province,,Kalimantan Timur,Indonesia,Asia,Kalimantan,UTC+08:00,,7,3,103,197,841,129067,3552191,27.52,116.4684405,0.45385803,0.00,9.01,0.00,0.28,3.13%,18.75%,0.00,1.00
4/11/2020,ID-BA,Bali,4,0,0,4,70,0,12,58,Province,,Bali,Indonesia,Asia,Nusa Tenggara,UTC+08:00,,8,1,57,80,636,5780,4216171,729.43,115.1317136,-8.369471688,0.95,16.60,0.00,0.00,0.00%,17.14%,0.33,1.00
4/11/2020,ID-BT,Banten,31,0,1,30,197,23,10,164,Province,,Banten,Indonesia,Asia,Jawa,UTC+07:00,,4,4,155,313,1238,9663,10722374,1109.64,106.1090043,-6.456736388,2.89,18.37,0.00,2.15,11.68%,5.08%,1.48,0.00
4/11/2020,ID-PA,Papua,24,0,2,22,60,4,7,49,Province,,Papua,Indonesia,Asia,Papua,UTC+09:00,Daerah Khusus,28,1,560,110,5411,319036,4340348,13.60,138.69603,-4.66620953,5.53,13.82,0.00,0.92,6.67%,11.67%,,0.00
4/11/2020,ID-KS,Kalimantan Selatan,0,1,0,-1,28,5,3,20,Province,,Kalimantan Selatan,Indonesia,Asia,Kalimantan,UTC+08:00,,11,2,153,144,1864,38744,4023049,103.84,115.4385783,-2.993594979,0.00,6.96,0.25,1.24,17.86%,10.71%,0.00,
4/11/2020,ID-MA,Maluku,0,0,0,0,3,0,0,3,Province,,Maluku,Indonesia,Asia,Maluku,UTC+09:00,,9,2,118,35,1198,46914,1847097,39.37,129.576792,-3.192572,0.00,1.62,0.00,0.00,0.00%,0.00%,1.00,1.00
4/11/2020,ID-RI,Riau,3,0,1,2,15,3,3,9,Province,,Riau,Indonesia,Asia,Sumatera,UTC+07:00,,10,2,169,268,1591,87024,6074100,69.80,101.8051092,0.511647851,0.49,2.47,0.00,0.49,20.00%,20.00%,,1.00
4/11/2020,ID-SU,Sumatera Utara,0,3,0,-3,48,8,8,32,Province,,Sumatera Utara,Indonesia,Asia,Sumatera,UTC+07:00,,25,8,450,693,5417,72981,14874889,203.82,99.05196442,2.191894453,0.00,3.23,0.20,0.54,16.67%,16.67%,1.00,
4/11/2020,ID-BB,Kepulauan Bangka Belitung,1,0,0,1,4,1,0,3,Province,,Kepulauan Bangka Belitung,Indonesia,Asia,Sumatera,UTC+07:00,,6,1,47,82,309,16424,1379767,84.01,106.5499324,-2.447444127,0.72,2.90,0.00,0.72,25.00%,0.00%,,1.00
4/11/2020,ID-SS,Sumatera Selatan,0,0,0,0,17,0,1,16,Province,,Sumatera Selatan,Indonesia,Asia,Sumatera,UTC+07:00,,13,4,241,387,2853,91592,8217551,89.72,104.1694647,-3.216211808,0.00,2.07,0.00,0.00,0.00%,5.88%,0.00,1.00
4/11/2020,ID-SR,Sulawesi Barat,2,1,1,0,5,1,1,3,Province,,Sulawesi Barat,Indonesia,Asia,Sulawesi,UTC+08:00,,6,,69,73,575,16787,1559984,92.93,119.3450194,-2.461746053,1.28,3.21,0.64,0.64,20.00%,20.00%,2.00,
4/11/2020,ID-NT,Nusa Tenggara Timur,0,0,0,0,1,0,0,1,Province,,Nusa Tenggara Timur,Indonesia,Asia,Nusa Tenggara,UTC+08:00,,21,1,309,327,3026,48718,5411321,111.07,121.592271,-8.682205,0.00,0.18,0.00,0.00,0.00%,0.00%,1.00,1.00
4/11/2020,ID-ST,Sulawesi Tengah,5,0,0,5,19,2,2,15,Province,,Sulawesi Tengah,Indonesia,Asia,Sulawesi,UTC+08:00,,12,1,175,175,1842,61841,2955567,47.79,121.2010927,-1.00413668,1.69,6.43,0.00,0.68,10.53%,10.53%,0.56,1.00
4/11/2020,ID-BE,Bengkulu,0,0,0,0,4,1,0,3,Province,,Bengkulu,Indonesia,Asia,Sumatera,UTC+07:00,,9,1,129,172,1341,19919,1999539,100.38,102.3384213,-3.533583627,0.00,2.00,0.00,0.50,25.00%,0.00%,1.00,1.00
4/11/2020,ID-NB,Nusa Tenggara Barat,2,2,0,0,23,2,2,19,Province,,Nusa Tenggara Barat,Indonesia,Asia,Nusa Tenggara,UTC+08:00,,8,2,117,145,995,18572,5270247,283.77,117.5086257,-8.606998866,0.38,4.36,0.38,0.38,8.70%,8.70%,0.22,
4/11/2020,ID-YO,Daerah Istimewa Yogyakarta,0,0,0,0,25,6,13,6,Province,,Daerah Istimewa Yogyakarta,Indonesia,Asia,Jawa,UTC+07:00,Daerah Istimewa,4,1,78,46,392,3133,3631015,1158.90,110.4448783,-7.89450185,0.00,6.89,0.00,1.65,24.00%,52.00%,1.00,1.00
4/11/2020,ID-JA,Jambi,2,0,0,2,3,0,0,3,Province,,Jambi,Indonesia,Asia,Sumatera,UTC+07:00,,9,2,141,163,1399,50058,3493357,69.79,102.7236404,-1.69769766,0.57,0.86,0.00,0.00,0.00%,0.00%,,1.00
4/11/2020,ID-MU,Maluku Utara,0,0,0,0,2,0,1,1,Province,,Maluku Utara,Indonesia,Asia,Maluku,UTC+09:00,,8,2,116,118,1063,31983,1307803,40.89,127.5391072,0.212036949,0.00,1.53,0.00,0.00,0.00%,50.00%,1.00,1.00
4/11/2020,ID-KR,Kepulauan Riau,0,1,0,-1,16,4,2,10,Province,,Kepulauan Riau,Indonesia,Asia,Sumatera,UTC+07:00,,5,2,75,142,275,8202,1929400,235.24,108.261746,3.916346,0.00,8.29,0.52,2.07,25.00%,12.50%,1.00,
4/11/2020,IDN,Indonesia,330,21,4,305,3842,327,286,3229,Country,,,Indonesia,Asia,,,,416,98,7230,8488,74953,1916907,265185520,138.34,113.921327,-0.789275,1.24,14.49,0.08,1.23,8.51%,7.44%,1.51,0.81
4/11/2020,ID-SG,Sulawesi Tenggara,1,1,0,0,13,1,1,11,Province,,Sulawesi Tenggara,Indonesia,Asia,Sulawesi,UTC+08:00,,15,2,219,377,1911,38068,2635461,69.23,122.070311,-4.124688793,0.38,4.93,0.38,0.38,7.69%,7.69%,,
4/12/2020,ID-GO,Gorontalo,0,0,0,0,1,0,0,1,Province,,Gorontalo,Indonesia,Asia,Sulawesi,UTC+08:00,,5,1,77,72,657,11257,1180651,104.88,122.3760581,0.687002604,0.00,0.85,0.00,0.00,0.00%,0.00%,1.00,1.00
4/12/2020,ID-SN,Sulawesi Selatan,45,0,0,45,212,18,20,174,Province,,Sulawesi Selatan,Indonesia,Asia,Sulawesi,UTC+08:00,,21,3,311,792,2255,46717,9426885,201.78,120.1620559,-3.731080714,4.77,22.49,0.00,1.91,8.49%,9.43%,4.09,0.00
4/12/2020,ID-PB,Papua Barat,0,0,0,0,2,0,0,2,Province,,Papua Barat,Indonesia,Asia,Papua,UTC+09:00,Daerah Khusus,12,1,218,95,1742,102955,1140701,11.08,132.9762624,-2.045160182,0.00,1.75,0.00,0.00,0.00%,0.00%,1.00,1.00
4/12/2020,ID-KB,Kalimantan Barat,3,0,0,3,10,1,3,6,Province,,Kalimantan Barat,Indonesia,Asia,Kalimantan,UTC+07:00,,12,2,174,99,2031,147307,5422814,36.81,111.1211776,-0.086474572,0.55,1.84,0.00,0.18,10.00%,30.00%,,1.00
4/12/2020,ID-PA,Papua,1,0,2,-1,61,4,9,48,Province,,Papua,Indonesia,Asia,Papua,UTC+09:00,Daerah Khusus,28,1,560,110,5411,319036,4340348,13.60,138.69603,-4.66620953,0.23,14.05,0.00,0.92,6.56%,14.75%,0.04,1.00
4/12/2020,IDN,Indonesia,399,46,73,280,4241,373,359,3509,Country,,,Indonesia,Asia,,,,416,98,7230,8488,74953,1916907,265185520,138.34,113.921327,-0.789275,1.50,15.99,0.17,1.41,8.80%,8.46%,1.21,2.19
4/12/2020,ID-SG,Sulawesi Tenggara,0,0,0,0,13,1,1,11,Province,,Sulawesi Tenggara,Indonesia,Asia,Sulawesi,UTC+08:00,,15,2,219,377,1911,38068,2635461,69.23,122.070311,-4.124688793,0.00,4.93,0.00,0.38,7.69%,7.69%,0.00,0.00
4/12/2020,ID-AC,Aceh,0,0,0,0,5,0,1,4,Province,,Aceh,Indonesia,Asia,Sumatera,UTC+07:00,Daerah Khusus,18,5,289,,6497,57956,5247257,90.54,96.91052174,4.225614628,0.00,0.95,0.00,0.00,0.00%,20.00%,1.00,1.00
4/12/2020,ID-JI,Jawa Timur,119,0,0,119,337,24,49,264,Province,,Jawa Timur,Indonesia,Asia,Jawa,UTC+07:00,,29,9,666,777,7724,47803,40479023,846.78,112.7329414,-7.723345579,2.94,8.33,0.00,0.59,7.12%,14.54%,10.82,0.00
4/12/2020,ID-LA,Lampung,0,0,0,0,19,5,4,10,Province,,Lampung,Indonesia,Asia,Sumatera,UTC+07:00,,13,2,228,205,2435,34624,9095591,262.70,105.0214366,-4.916792975,0.00,2.09,0.00,0.55,26.32%,21.05%,1.00,1.00
4/12/2020,ID-KT,Kalimantan Tengah,0,0,0,0,20,1,7,12,Province,,Kalimantan Tengah,Indonesia,Asia,Kalimantan,UTC+07:00,,13,1,136,139,1432,153565,2570289,16.74,113.4176536,-1.602484653,0.00,7.78,0.00,0.39,5.00%,35.00%,1.00,1.00
4/12/2020,ID-JK,DKI Jakarta,123,34,40,49,1543,244,119,1180,Province,,DKI Jakarta,Indonesia,Asia,Jawa,UTC+07:00,Daerah Khusus Ibu Kota,1,5,44,267,,664,10846145,16334.31,106.8361183,-6.204698991,11.34,142.26,3.13,22.50,15.81%,7.71%,0.63,3.09
4/12/2020,ID-SB,Sumatera Barat,13,0,1,12,44,3,6,35,Province,,Sumatera Barat,Indonesia,Asia,Sumatera,UTC+07:00,,12,7,179,230,928,42013,5519245,131.37,100.4650624,-0.850253225,2.36,7.97,0.00,0.54,6.82%,13.64%,,1.00
4/12/2020,ID-KU,Kalimantan Utara,0,0,0,0,16,1,0,15,Province,,Kalimantan Utara,Indonesia,Asia,Kalimantan,UTC+08:00,,4,1,53,35,447,75468,648407,8.59,116.2188791,2.891012621,0.00,24.68,0.00,1.54,6.25%,0.00%,1.00,0.00
4/12/2020,ID-SA,Sulawesi Utara,4,0,0,4,15,3,1,11,Province,,Sulawesi Utara,Indonesia,Asia,Sulawesi,UTC+08:00,,11,4,171,332,1507,13892,2641884,190.17,124.5212396,1.259638212,1.51,5.68,0.00,1.14,20.00%,6.67%,,1.00
4/12/2020,ID-BT,Banten,2,0,1,1,199,23,11,165,Province,,Banten,Indonesia,Asia,Jawa,UTC+07:00,,4,4,155,313,1238,9663,10722374,1109.64,106.1090043,-6.456736388,0.19,18.56,0.00,2.15,11.56%,5.53%,0.06,1.00
4/12/2020,ID-JT,Jawa Tengah,56,0,1,55,187,29,30,128,Province,,Jawa Tengah,Indonesia,Asia,Jawa,UTC+07:00,,29,6,576,753,7809,32801,36364072,1108.64,110.2011149,-7.259097177,1.54,5.14,0.00,0.80,15.51%,16.04%,,0.00
4/12/2020,ID-JB,Jawa Barat,31,4,1,26,411,42,21,348,Province,,Jawa Barat,Indonesia,Asia,Jawa,UTC+07:00,,18,9,627,645,5312,35378,45161325,1276.55,107.6037083,-6.920432083,0.69,9.10,0.09,0.93,10.22%,5.11%,0.86,
4/12/2020,ID-BA,Bali,2,0,0,2,72,0,12,60,Province,,Bali,Indonesia,Asia,Nusa Tenggara,UTC+08:00,,8,1,57,80,636,5780,4216171,729.43,115.1317136,-8.369471688,0.47,17.08,0.00,0.00,0.00%,16.67%,0.50,1.00
4/12/2020,ID-KI,Kalimantan Timur,0,0,0,0,32,1,6,25,Province,,Kalimantan Timur,Indonesia,Asia,Kalimantan,UTC+08:00,,7,3,103,197,841,129067,3552191,27.52,116.4684405,0.45385803,0.00,9.01,0.00,0.28,3.13%,18.75%,1.00,1.00
4/12/2020,ID-KS,Kalimantan Selatan,5,0,0,5,33,5,3,25,Province,,Kalimantan Selatan,Indonesia,Asia,Kalimantan,UTC+08:00,,11,2,153,144,1864,38744,4023049,103.84,115.4385783,-2.993594979,1.24,8.20,0.00,1.24,15.15%,9.09%,,0.00
4/12/2020,ID-RI,Riau,0,0,0,0,15,3,3,9,Province,,Riau,Indonesia,Asia,Sumatera,UTC+07:00,,10,2,169,268,1591,87024,6074100,69.80,101.8051092,0.511647851,0.00,2.47,0.00,0.49,20.00%,20.00%,0.00,1.00
4/12/2020,ID-SR,Sulawesi Barat,0,0,0,0,5,1,1,3,Province,,Sulawesi Barat,Indonesia,Asia,Sulawesi,UTC+08:00,,6,,69,73,575,16787,1559984,92.93,119.3450194,-2.461746053,0.00,3.21,0.00,0.64,20.00%,20.00%,0.00,0.00
4/12/2020,ID-KR,Kepulauan Riau,0,1,0,-1,16,5,2,9,Province,,Kepulauan Riau,Indonesia,Asia,Sumatera,UTC+07:00,,5,2,75,142,275,8202,1929400,235.24,108.261746,3.916346,0.00,8.29,0.52,2.59,31.25%,12.50%,1.00,1.00
4/12/2020,ID-MA,Maluku,8,0,0,8,11,0,0,11,Province,,Maluku,Indonesia,Asia,Maluku,UTC+09:00,,9,2,118,35,1198,46914,1847097,39.37,129.576792,-3.192572,4.33,5.96,0.00,0.00,0.00%,0.00%,,1.00
4/12/2020,ID-SU,Sumatera Utara,10,0,0,10,58,8,8,42,Province,,Sumatera Utara,Indonesia,Asia,Sumatera,UTC+07:00,,25,8,450,693,5417,72981,14874889,203.82,99.05196442,2.191894453,0.67,3.90,0.00,0.54,13.79%,13.79%,,0.00
4/12/2020,ID-SS,Sumatera Selatan,0,0,2,-2,17,0,3,14,Province,,Sumatera Selatan,Indonesia,Asia,Sumatera,UTC+07:00,,13,4,241,387,2853,91592,8217551,89.72,104.1694647,-3.216211808,0.00,2.07,0.00,0.00,0.00%,17.65%,1.00,1.00
4/12/2020,ID-BB,Kepulauan Bangka Belitung,0,0,0,0,4,1,0,3,Province,,Kepulauan Bangka Belitung,Indonesia,Asia,Sumatera,UTC+07:00,,6,1,47,82,309,16424,1379767,84.01,106.5499324,-2.447444127,0.00,2.90,0.00,0.72,25.00%,0.00%,0.00,1.00
4/12/2020,ID-NT,Nusa Tenggara Timur,0,0,0,0,1,0,0,1,Province,,Nusa Tenggara Timur,Indonesia,Asia,Nusa Tenggara,UTC+08:00,,21,1,309,327,3026,48718,5411321,111.07,121.592271,-8.682205,0.00,0.18,0.00,0.00,0.00%,0.00%,1.00,1.00
4/12/2020,ID-BE,Bengkulu,0,0,0,0,4,1,0,3,Province,,Bengkulu,Indonesia,Asia,Sumatera,UTC+07:00,,9,1,129,172,1341,19919,1999539,100.38,102.3384213,-3.533583627,0.00,2.00,0.00,0.50,25.00%,0.00%,1.00,1.00
4/12/2020,ID-MU,Maluku Utara,0,0,0,0,2,0,1,1,Province,,Maluku Utara,Indonesia,Asia,Maluku,UTC+09:00,,8,2,116,118,1063,31983,1307803,40.89,127.5391072,0.212036949,0.00,1.53,0.00,0.00,0.00%,50.00%,1.00,1.00
4/12/2020,ID-ST,Sulawesi Tengah,0,0,0,0,19,2,2,15,Province,,Sulawesi Tengah,Indonesia,Asia,Sulawesi,UTC+08:00,,12,1,175,175,1842,61841,2955567,47.79,121.2010927,-1.00413668,0.00,6.43,0.00,0.68,10.53%,10.53%,0.00,1.00
4/12/2020,ID-NB,Nusa Tenggara Barat,9,0,0,9,32,2,2,28,Province,,Nusa Tenggara Barat,Indonesia,Asia,Nusa Tenggara,UTC+08:00,,8,2,117,145,995,18572,5270247,283.77,117.5086257,-8.606998866,1.71,6.07,0.00,0.38,6.25%,6.25%,4.50,0.00
4/12/2020,ID-JA,Jambi,0,0,0,0,3,0,0,3,Province,,Jambi,Indonesia,Asia,Sumatera,UTC+07:00,,9,2,141,163,1399,50058,3493357,69.79,102.7236404,-1.69769766,0.00,0.86,0.00,0.00,0.00%,0.00%,0.00,1.00
4/12/2020,ID-YO,Daerah Istimewa Yogyakarta,0,0,5,-5,25,6,18,1,Province,,Daerah Istimewa Yogyakarta,Indonesia,Asia,Jawa,UTC+07:00,Daerah Istimewa,4,1,78,46,392,3133,3631015,1158.90,110.4448783,-7.89450185,0.00,6.89,0.00,1.65,24.00%,72.00%,1.00,1.00
4/13/2020,ID-GO,Gorontalo,0,0,0,0,1,0,0,1,Province,,Gorontalo,Indonesia,Asia,Sulawesi,UTC+08:00,,5,1,77,72,657,11257,1180651,104.88,122.3760581,0.687002604,0.00,0.85,0.00,0.00,0.00%,0.00%,1.00,1.00
4/13/2020,ID-PB,Papua Barat,0,0,0,0,2,0,0,2,Province,,Papua Barat,Indonesia,Asia,Papua,UTC+09:00,Daerah Khusus,12,1,218,95,1742,102955,1140701,11.08,132.9762624,-2.045160182,0.00,1.75,0.00,0.00,0.00%,0.00%,1.00,1.00
4/13/2020,IDN,Indonesia,316,26,21,269,4557,399,380,3778,Country,,,Indonesia,Asia,,,,416,98,7230,8488,74953,1916907,265185520,138.34,113.921327,-0.789275,1.19,17.18,0.10,1.50,8.76%,8.34%,0.79,0.57
4/13/2020,ID-LA,Lampung,1,0,0,1,20,5,4,11,Province,,Lampung,Indonesia,Asia,Sumatera,UTC+07:00,,13,2,228,205,2435,34624,9095591,262.70,105.0214366,-4.916792975,0.11,2.20,0.00,0.55,25.00%,20.00%,,1.00
4/13/2020,ID-JB,Jawa Barat,71,9,3,59,482,51,24,407,Province,,Jawa Barat,Indonesia,Asia,Jawa,UTC+07:00,,18,9,627,645,5312,35378,45161325,1276.55,107.6037083,-6.920432083,1.57,10.67,0.20,1.13,10.58%,4.98%,2.29,2.25
4/13/2020,ID-JA,Jambi,0,0,0,0,3,0,0,3,Province,,Jambi,Indonesia,Asia,Sumatera,UTC+07:00,,9,2,141,163,1399,50058,3493357,69.79,102.7236404,-1.69769766,0.00,0.86,0.00,0.00,0.00%,0.00%,1.00,1.00
4/13/2020,ID-YO,Daerah Istimewa Yogyakarta,16,0,0,16,41,6,18,17,Province,,Daerah Istimewa Yogyakarta,Indonesia,Asia,Jawa,UTC+07:00,Daerah Istimewa,4,1,78,46,392,3133,3631015,1158.90,110.4448783,-7.89450185,4.41,11.29,0.00,1.65,14.63%,43.90%,,1.00
4/13/2020,ID-SN,Sulawesi Selatan,0,1,6,-7,212,19,26,167,Province,,Sulawesi Selatan,Indonesia,Asia,Sulawesi,UTC+08:00,,21,3,311,792,2255,46717,9426885,201.78,120.1620559,-3.731080714,0.00,22.49,0.11,2.02,8.96%,12.26%,0.00,
4/13/2020,ID-KB,Kalimantan Barat,0,0,0,0,10,1,3,6,Province,,Kalimantan Barat,Indonesia,Asia,Kalimantan,UTC+07:00,,12,2,174,99,2031,147307,5422814,36.81,111.1211776,-0.086474572,0.00,1.84,0.00,0.18,10.00%,30.00%,0.00,1.00
4/13/2020,ID-PA,Papua,6,0,0,6,67,4,9,54,Province,,Papua,Indonesia,Asia,Papua,UTC+09:00,Daerah Khusus,28,1,560,110,5411,319036,4340348,13.60,138.69603,-4.66620953,1.38,15.44,0.00,0.92,5.97%,13.43%,6.00,1.00
4/13/2020,ID-SG,Sulawesi Tenggara,0,0,0,0,13,1,1,11,Province,,Sulawesi Tenggara,Indonesia,Asia,Sulawesi,UTC+08:00,,15,2,219,377,1911,38068,2635461,69.23,122.070311,-4.124688793,0.00,4.93,0.00,0.38,7.69%,7.69%,1.00,1.00
4/13/2020,ID-JI,Jawa Timur,52,2,4,46,389,26,53,310,Province,,Jawa Timur,Indonesia,Asia,Jawa,UTC+07:00,,29,9,666,777,7724,47803,40479023,846.78,112.7329414,-7.723345579,1.28,9.61,0.05,0.64,6.68%,13.62%,0.44,
4/13/2020,ID-AC,Aceh,0,0,2,-2,5,0,3,2,Province,,Aceh,Indonesia,Asia,Sumatera,UTC+07:00,Daerah Khusus,18,5,289,,6497,57956,5247257,90.54,96.91052174,4.225614628,0.00,0.95,0.00,0.00,0.00%,60.00%,1.00,1.00
4/13/2020,ID-KT,Kalimantan Tengah,1,0,1,0,21,1,8,12,Province,,Kalimantan Tengah,Indonesia,Asia,Kalimantan,UTC+07:00,,13,1,136,139,1432,153565,2570289,16.74,113.4176536,-1.602484653,0.39,8.17,0.00,0.39,4.76%,38.10%,,1.00
4/13/2020,ID-SB,Sumatera Barat,1,0,0,1,45,3,6,36,Province,,Sumatera Barat,Indonesia,Asia,Sumatera,UTC+07:00,,12,7,179,230,928,42013,5519245,131.37,100.4650624,-0.850253225,0.18,8.15,0.00,0.54,6.67%,13.33%,0.08,1.00
4/13/2020,ID-JT,Jawa Tengah,3,1,0,2,190,30,30,130,Province,,Jawa Tengah,Indonesia,Asia,Jawa,UTC+07:00,,29,6,576,753,7809,32801,36364072,1108.64,110.2011149,-7.259097177,0.08,5.22,0.03,0.82,15.79%,15.79%,0.05,
4/13/2020,ID-JK,DKI Jakarta,142,8,1,133,1685,252,120,1313,Province,,DKI Jakarta,Indonesia,Asia,Jawa,UTC+07:00,Daerah Khusus Ibu Kota,1,5,44,267,,664,10846145,16334.31,106.8361183,-6.204698991,13.09,155.35,0.74,23.23,14.96%,7.12%,1.15,0.24
4/13/2020,ID-KU,Kalimantan Utara,0,0,0,0,16,1,0,15,Province,,Kalimantan Utara,Indonesia,Asia,Kalimantan,UTC+08:00,,4,1,53,35,447,75468,648407,8.59,116.2188791,2.891012621,0.00,24.68,0.00,1.54,6.25%,0.00%,1.00,1.00
4/13/2020,ID-BT,Banten,3,1,0,2,202,24,11,167,Province,,Banten,Indonesia,Asia,Jawa,UTC+07:00,,4,4,155,313,1238,9663,10722374,1109.64,106.1090043,-6.456736388,0.28,18.84,0.09,2.24,11.88%,5.45%,1.50,
4/13/2020,ID-SA,Sulawesi Utara,0,0,0,0,15,3,1,11,Province,,Sulawesi Utara,Indonesia,Asia,Sulawesi,UTC+08:00,,11,4,171,332,1507,13892,2641884,190.17,124.5212396,1.259638212,0.00,5.68,0.00,1.14,20.00%,6.67%,0.00,1.00
4/13/2020,ID-BA,Bali,5,0,1,4,77,0,13,64,Province,,Bali,Indonesia,Asia,Nusa Tenggara,UTC+08:00,,8,1,57,80,636,5780,4216171,729.43,115.1317136,-8.369471688,1.19,18.26,0.00,0.00,0.00%,16.88%,2.50,1.00
4/13/2020,ID-KS,Kalimantan Selatan,0,0,1,-1,33,5,4,24,Province,,Kalimantan Selatan,Indonesia,Asia,Kalimantan,UTC+08:00,,11,2,153,144,1864,38744,4023049,103.84,115.4385783,-2.993594979,0.00,8.20,0.00,1.24,15.15%,12.12%,0.00,1.00
4/13/2020,ID-MA,Maluku,0,0,0,0,11,0,0,11,Province,,Maluku,Indonesia,Asia,Maluku,UTC+09:00,,9,2,118,35,1198,46914,1847097,39.37,129.576792,-3.192572,0.00,5.96,0.00,0.00,0.00%,0.00%,0.00,1.00
4/13/2020,ID-NB,Nusa Tenggara Barat,3,0,0,3,35,2,2,31,Province,,Nusa Tenggara Barat,Indonesia,Asia,Nusa Tenggara,UTC+08:00,,8,2,117,145,995,18572,5270247,283.77,117.5086257,-8.606998866,0.57,6.64,0.00,0.38,5.71%,5.71%,0.33,1.00
4/13/2020,ID-KI,Kalimantan Timur,0,0,0,0,32,1,6,25,Province,,Kalimantan Timur,Indonesia,Asia,Kalimantan,UTC+08:00,,7,3,103,197,841,129067,3552191,27.52,116.4684405,0.45385803,0.00,9.01,0.00,0.28,3.13%,18.75%,1.00,1.00
4/13/2020,ID-RI,Riau,4,0,0,4,19,3,3,13,Province,,Riau,Indonesia,Asia,Sumatera,UTC+07:00,,10,2,169,268,1591,87024,6074100,69.80,101.8051092,0.511647851,0.66,3.13,0.00,0.49,15.79%,15.79%,,1.00
4/13/2020,ID-KR,Kepulauan Riau,0,0,0,0,16,5,2,9,Province,,Kepulauan Riau,Indonesia,Asia,Sumatera,UTC+07:00,,5,2,75,142,275,8202,1929400,235.24,108.261746,3.916346,0.00,8.29,0.00,2.59,31.25%,12.50%,1.00,0.00
4/13/2020,ID-SR,Sulawesi Barat,0,0,0,0,5,1,1,3,Province,,Sulawesi Barat,Indonesia,Asia,Sulawesi,UTC+08:00,,6,,69,73,575,16787,1559984,92.93,119.3450194,-2.461746053,0.00,3.21,0.00,0.64,20.00%,20.00%,1.00,1.00
4/13/2020,ID-SU,Sumatera Utara,2,1,1,0,60,9,9,42,Province,,Sumatera Utara,Indonesia,Asia,Sumatera,UTC+07:00,,25,8,450,693,5417,72981,14874889,203.82,99.05196442,2.191894453,0.13,4.03,0.07,0.61,15.00%,15.00%,0.20,
4/13/2020,ID-BB,Kepulauan Bangka Belitung,0,0,0,0,4,1,0,3,Province,,Kepulauan Bangka Belitung,Indonesia,Asia,Sumatera,UTC+07:00,,6,1,47,82,309,16424,1379767,84.01,106.5499324,-2.447444127,0.00,2.90,0.00,0.72,25.00%,0.00%,1.00,1.00
4/13/2020,ID-ST,Sulawesi Tengah,0,1,0,-1,19,3,2,14,Province,,Sulawesi Tengah,Indonesia,Asia,Sulawesi,UTC+08:00,,12,1,175,175,1842,61841,2955567,47.79,121.2010927,-1.00413668,0.00,6.43,0.34,1.02,15.79%,10.53%,1.00,
4/13/2020,ID-SS,Sumatera Selatan,0,0,0,0,17,0,3,14,Province,,Sumatera Selatan,Indonesia,Asia,Sumatera,UTC+07:00,,13,4,241,387,2853,91592,8217551,89.72,104.1694647,-3.216211808,0.00,2.07,0.00,0.00,0.00%,17.65%,1.00,1.00
4/13/2020,ID-NT,Nusa Tenggara Timur,0,0,0,0,1,0,0,1,Province,,Nusa Tenggara Timur,Indonesia,Asia,Nusa Tenggara,UTC+08:00,,21,1,309,327,3026,48718,5411321,111.07,121.592271,-8.682205,0.00,0.18,0.00,0.00,0.00%,0.00%,1.00,1.00
4/13/2020,ID-MU,Maluku Utara,0,0,0,0,2,0,1,1,Province,,Maluku Utara,Indonesia,Asia,Maluku,UTC+09:00,,8,2,116,118,1063,31983,1307803,40.89,127.5391072,0.212036949,0.00,1.53,0.00,0.00,0.00%,50.00%,1.00,1.00
4/13/2020,ID-BE,Bengkulu,0,0,0,0,4,1,0,3,Province,,Bengkulu,Indonesia,Asia,Sumatera,UTC+07:00,,9,1,129,172,1341,19919,1999539,100.38,102.3384213,-3.533583627,0.00,2.00,0.00,0.50,25.00%,0.00%,1.00,1.00
4/14/2020,ID-GO,Gorontalo,0,0,0,0,1,0,0,1,Province,,Gorontalo,Indonesia,Asia,Sulawesi,UTC+08:00,,5,1,77,72,657,11257,1180651,104.88,122.3760581,0.687002604,0.00,0.85,0.00,0.00,0.00%,0.00%,1.00,1.00
4/14/2020,IDN,Indonesia,282,60,46,176,4839,459,426,3954,Country,,,Indonesia,Asia,,,,416,98,7230,8488,74953,1916907,265185520,138.34,113.921327,-0.789275,1.06,18.25,0.23,1.73,9.49%,8.80%,0.89,2.31
4/14/2020,ID-JA,Jambi,1,0,0,1,4,0,0,4,Province,,Jambi,Indonesia,Asia,Sumatera,UTC+07:00,,9,2,141,163,1399,50058,3493357,69.79,102.7236404,-1.69769766,0.29,1.15,0.00,0.00,0.00%,0.00%,,1.00
4/14/2020,ID-PA,Papua,0,0,0,0,67,4,9,54,Province,,Papua,Indonesia,Asia,Papua,UTC+09:00,Daerah Khusus,28,1,560,110,5411,319036,4340348,13.60,138.69603,-4.66620953,0.00,15.44,0.00,0.92,5.97%,13.43%,0.00,1.00
4/14/2020,ID-KU,Kalimantan Utara,0,0,0,0,16,1,0,15,Province,,Kalimantan Utara,Indonesia,Asia,Kalimantan,UTC+08:00,,4,1,53,35,447,75468,648407,8.59,116.2188791,2.891012621,0.00,24.68,0.00,1.54,6.25%,0.00%,1.00,1.00
4/14/2020,ID-MU,Maluku Utara,0,0,0,0,2,0,1,1,Province,,Maluku Utara,Indonesia,Asia,Maluku,UTC+09:00,,8,2,116,118,1063,31983,1307803,40.89,127.5391072,0.212036949,0.00,1.53,0.00,0.00,0.00%,50.00%,1.00,1.00
4/14/2020,ID-BE,Bengkulu,0,0,0,0,4,1,0,3,Province,,Bengkulu,Indonesia,Asia,Sumatera,UTC+07:00,,9,1,129,172,1341,19919,1999539,100.38,102.3384213,-3.533583627,0.00,2.00,0.00,0.50,25.00%,0.00%,1.00,1.00
4/14/2020,ID-PB,Papua Barat,0,0,0,0,2,0,0,2,Province,,Papua Barat,Indonesia,Asia,Papua,UTC+09:00,Daerah Khusus,12,1,218,95,1742,102955,1140701,11.08,132.9762624,-2.045160182,0.00,1.75,0.00,0.00,0.00%,0.00%,1.00,1.00
4/14/2020,ID-LA,Lampung,0,0,0,0,20,5,4,11,Province,,Lampung,Indonesia,Asia,Sumatera,UTC+07:00,,13,2,228,205,2435,34624,9095591,262.70,105.0214366,-4.916792975,0.00,2.20,0.00,0.55,25.00%,20.00%,0.00,1.00
4/14/2020,ID-JB,Jawa Barat,3,0,1,2,485,51,25,409,Province,,Jawa Barat,Indonesia,Asia,Jawa,UTC+07:00,,18,9,627,645,5312,35378,45161325,1276.55,107.6037083,-6.920432083,0.07,10.74,0.00,1.13,10.52%,5.15%,0.04,0.00
4/14/2020,ID-YO,Daerah Istimewa Yogyakarta,5,0,4,1,46,6,22,18,Province,,Daerah Istimewa Yogyakarta,Indonesia,Asia,Jawa,UTC+07:00,Daerah Istimewa,4,1,78,46,392,3133,3631015,1158.90,110.4448783,-7.89450185,1.38,12.67,0.00,1.65,13.04%,47.83%,0.31,1.00
4/14/2020,ID-KB,Kalimantan Barat,0,0,2,-2,10,1,5,4,Province,,Kalimantan Barat,Indonesia,Asia,Kalimantan,UTC+07:00,,12,2,174,99,2031,147307,5422814,36.81,111.1211776,-0.086474572,0.00,1.84,0.00,0.18,10.00%,50.00%,1.00,1.00
4/14/2020,ID-SN,Sulawesi Selatan,8,3,4,1,220,22,30,168,Province,,Sulawesi Selatan,Indonesia,Asia,Sulawesi,UTC+08:00,,21,3,311,792,2255,46717,9426885,201.78,120.1620559,-3.731080714,0.85,23.34,0.32,2.33,10.00%,13.64%,,3.00
4/14/2020,ID-SG,Sulawesi Tenggara,0,0,0,0,13,1,1,11,Province,,Sulawesi Tenggara,Indonesia,Asia,Sulawesi,UTC+08:00,,15,2,219,377,1911,38068,2635461,69.23,122.070311,-4.124688793,0.00,4.93,0.00,0.38,7.69%,7.69%,1.00,1.00
4/14/2020,ID-AC,Aceh,0,0,0,0,5,0,3,2,Province,,Aceh,Indonesia,Asia,Sumatera,UTC+07:00,Daerah Khusus,18,5,289,,6497,57956,5247257,90.54,96.91052174,4.225614628,0.00,0.95,0.00,0.00,0.00%,60.00%,1.00,1.00
4/14/2020,ID-JK,DKI Jakarta,126,11,0,115,1811,263,120,1428,Province,,DKI Jakarta,Indonesia,Asia,Jawa,UTC+07:00,Daerah Khusus Ibu Kota,1,5,44,267,,664,10846145,16334.31,106.8361183,-6.204698991,11.62,166.97,1.01,24.25,14.52%,6.63%,0.89,1.38
4/14/2020,ID-JI,Jawa Timur,36,13,7,16,425,39,60,326,Province,,Jawa Timur,Indonesia,Asia,Jawa,UTC+07:00,,29,9,666,777,7724,47803,40479023,846.78,112.7329414,-7.723345579,0.89,10.50,0.32,0.96,9.18%,14.12%,0.69,6.50
4/14/2020,ID-KT,Kalimantan Tengah,0,1,0,-1,21,2,8,11,Province,,Kalimantan Tengah,Indonesia,Asia,Kalimantan,UTC+07:00,,13,1,136,139,1432,153565,2570289,16.74,113.4176536,-1.602484653,0.00,8.17,0.39,0.78,9.52%,38.10%,0.00,
4/14/2020,ID-JT,Jawa Tengah,75,1,1,73,265,31,31,203,Province,,Jawa Tengah,Indonesia,Asia,Jawa,UTC+07:00,,29,6,576,753,7809,32801,36364072,1108.64,110.2011149,-7.259097177,2.06,7.29,0.03,0.85,11.70%,11.70%,25.00,1.00
4/14/2020,ID-SB,Sumatera Barat,3,1,0,2,48,4,6,38,Province,,Sumatera Barat,Indonesia,Asia,Sumatera,UTC+07:00,,12,7,179,230,928,42013,5519245,131.37,100.4650624,-0.850253225,0.54,8.70,0.18,0.72,8.33%,12.50%,3.00,
4/14/2020,ID-BT,Banten,5,0,0,5,207,24,11,172,Province,,Banten,Indonesia,Asia,Jawa,UTC+07:00,,4,4,155,313,1238,9663,10722374,1109.64,106.1090043,-6.456736388,0.47,19.31,0.00,2.24,11.59%,5.31%,1.67,0.00
4/14/2020,ID-BA,Bali,6,0,1,5,83,0,14,69,Province,,Bali,Indonesia,Asia,Nusa Tenggara,UTC+08:00,,8,1,57,80,636,5780,4216171,729.43,115.1317136,-8.369471688,1.42,19.69,0.00,0.00,0.00%,16.87%,1.20,1.00
4/14/2020,ID-KI,Kalimantan Timur,0,0,0,0,32,1,6,25,Province,,Kalimantan Timur,Indonesia,Asia,Kalimantan,UTC+08:00,,7,3,103,197,841,129067,3552191,27.52,116.4684405,0.45385803,0.00,9.01,0.00,0.28,3.13%,18.75%,1.00,1.00
4/14/2020,ID-NT,Nusa Tenggara Timur,0,0,0,0,1,0,0,1,Province,,Nusa Tenggara Timur,Indonesia,Asia,Nusa Tenggara,UTC+08:00,,21,1,309,327,3026,48718,5411321,111.07,121.592271,-8.682205,0.00,0.18,0.00,0.00,0.00%,0.00%,1.00,1.00
4/14/2020,ID-SA,Sulawesi Utara,0,0,2,-2,15,3,3,9,Province,,Sulawesi Utara,Indonesia,Asia,Sulawesi,UTC+08:00,,11,4,171,332,1507,13892,2641884,190.17,124.5212396,1.259638212,0.00,5.68,0.00,1.14,20.00%,20.00%,1.00,1.00
4/14/2020,ID-KS,Kalimantan Selatan,3,2,0,1,36,7,4,25,Province,,Kalimantan Selatan,Indonesia,Asia,Kalimantan,UTC+08:00,,11,2,153,144,1864,38744,4023049,103.84,115.4385783,-2.993594979,0.75,8.95,0.50,1.74,19.44%,11.11%,,
4/14/2020,ID-NB,Nusa Tenggara Barat,0,0,0,0,35,2,2,31,Province,,Nusa Tenggara Barat,Indonesia,Asia,Nusa Tenggara,UTC+08:00,,8,2,117,145,995,18572,5270247,283.77,117.5086257,-8.606998866,0.00,6.64,0.00,0.38,5.71%,5.71%,0.00,1.00
4/14/2020,ID-MA,Maluku,0,0,0,0,11,0,0,11,Province,,Maluku,Indonesia,Asia,Maluku,UTC+09:00,,9,2,118,35,1198,46914,1847097,39.37,129.576792,-3.192572,0.00,5.96,0.00,0.00,0.00%,0.00%,1.00,1.00
4/14/2020,ID-RI,Riau,0,0,0,0,19,3,3,13,Province,,Riau,Indonesia,Asia,Sumatera,UTC+07:00,,10,2,169,268,1591,87024,6074100,69.80,101.8051092,0.511647851,0.00,3.13,0.00,0.49,15.79%,15.79%,0.00,1.00
4/14/2020,ID-SR,Sulawesi Barat,0,0,0,0,5,1,1,3,Province,,Sulawesi Barat,Indonesia,Asia,Sulawesi,UTC+08:00,,6,,69,73,575,16787,1559984,92.93,119.3450194,-2.461746053,0.00,3.21,0.00,0.64,20.00%,20.00%,1.00,1.00
4/14/2020,ID-SS,Sumatera Selatan,1,0,0,1,18,0,3,15,Province,,Sumatera Selatan,Indonesia,Asia,Sumatera,UTC+07:00,,13,4,241,387,2853,91592,8217551,89.72,104.1694647,-3.216211808,0.12,2.19,0.00,0.00,0.00%,16.67%,,1.00
4/14/2020,ID-KR,Kepulauan Riau,6,1,0,5,22,6,2,14,Province,,Kepulauan Riau,Indonesia,Asia,Sumatera,UTC+07:00,,5,2,75,142,275,8202,1929400,235.24,108.261746,3.916346,3.11,11.40,0.52,3.11,27.27%,9.09%,,
4/14/2020,ID-SU,Sumatera Utara,5,0,1,4,65,9,10,46,Province,,Sumatera Utara,Indonesia,Asia,Sumatera,UTC+07:00,,25,8,450,693,5417,72981,14874889,203.82,99.05196442,2.191894453,0.34,4.37,0.00,0.61,13.85%,15.38%,2.50,0.00
4/14/2020,ID-ST,Sulawesi Tengah,0,0,0,0,19,3,2,14,Province,,Sulawesi Tengah,Indonesia,Asia,Sulawesi,UTC+08:00,,12,1,175,175,1842,61841,2955567,47.79,121.2010927,-1.00413668,0.00,6.43,0.00,1.02,15.79%,10.53%,1.00,0.00
4/14/2020,ID-BB,Kepulauan Bangka Belitung,0,0,0,0,4,1,0,3,Province,,Kepulauan Bangka Belitung,Indonesia,Asia,Sumatera,UTC+07:00,,6,1,47,82,309,16424,1379767,84.01,106.5499324,-2.447444127,0.00,2.90,0.00,0.72,25.00%,0.00%,1.00,1.00
4/15/2020,ID-GO,Gorontalo,0,0,0,0,1,0,0,1,Province,,Gorontalo,Indonesia,Asia,Sulawesi,UTC+08:00,,5,1,77,72,657,11257,1180651,104.88,122.3760581,0.687002604,0.00,0.85,0.00,0.00,0.00%,0.00%,1.00,1.00
4/15/2020,ID-JA,Jambi,1,0,0,1,5,0,0,5,Province,,Jambi,Indonesia,Asia,Sumatera,UTC+07:00,,9,2,141,163,1399,50058,3493357,69.79,102.7236404,-1.69769766,0.29,1.43,0.00,0.00,0.00%,0.00%,1.00,1.00
4/15/2020,ID-MU,Maluku Utara,2,0,1,1,4,0,2,2,Province,,Maluku Utara,Indonesia,Asia,Maluku,UTC+09:00,,8,2,116,118,1063,31983,1307803,40.89,127.5391072,0.212036949,1.53,3.06,0.00,0.00,0.00%,50.00%,,1.00
4/15/2020,ID-JB,Jawa Barat,30,1,1,28,515,52,26,437,Province,,Jawa Barat,Indonesia,Asia,Jawa,UTC+07:00,,18,9,627,645,5312,35378,45161325,1276.55,107.6037083,-6.920432083,0.66,11.40,0.02,1.15,10.10%,5.05%,10.00,
4/15/2020,ID-KT,Kalimantan Tengah,8,0,0,8,29,2,8,19,Province,,Kalimantan Tengah,Indonesia,Asia,Kalimantan,UTC+07:00,,13,1,136,139,1432,153565,2570289,16.74,113.4176536,-1.602484653,3.11,11.28,0.00,0.78,6.90%,27.59%,,0.00
4/15/2020,ID-ST,Sulawesi Tengah,3,0,0,3,22,3,2,17,Province,,Sulawesi Tengah,Indonesia,Asia,Sulawesi,UTC+08:00,,12,1,175,175,1842,61841,2955567,47.79,121.2010927,-1.00413668,1.02,7.44,0.00,1.02,13.64%,9.09%,,1.00
4/15/2020,ID-BB,Kepulauan Bangka Belitung,1,0,0,1,5,1,0,4,Province,,Kepulauan Bangka Belitung,Indonesia,Asia,Sumatera,UTC+07:00,,6,1,47,82,309,16424,1379767,84.01,106.5499324,-2.447444127,0.72,3.62,0.00,0.72,20.00%,0.00%,,1.00
4/15/2020,IDN,Indonesia,297,10,20,267,5136,469,446,4221,Country,,,Indonesia,Asia,,,,416,98,7230,8488,74953,1916907,265185520,138.34,113.921327,-0.789275,1.12,19.37,0.04,1.77,9.13%,8.68%,1.05,0.17
4/15/2020,ID-PA,Papua,7,0,0,7,74,4,9,61,Province,,Papua,Indonesia,Asia,Papua,UTC+09:00,Daerah Khusus,28,1,560,110,5411,319036,4340348,13.60,138.69603,-4.66620953,1.61,17.05,0.00,0.92,5.41%,12.16%,,1.00
4/15/2020,ID-KU,Kalimantan Utara,4,0,1,3,20,1,1,18,Province,,Kalimantan Utara,Indonesia,Asia,Kalimantan,UTC+08:00,,4,1,53,35,447,75468,648407,8.59,116.2188791,2.891012621,6.17,30.84,0.00,1.54,5.00%,5.00%,,1.00
4/15/2020,ID-BE,Bengkulu,0,0,0,0,4,1,0,3,Province,,Bengkulu,Indonesia,Asia,Sumatera,UTC+07:00,,9,1,129,172,1341,19919,1999539,100.38,102.3384213,-3.533583627,0.00,2.00,0.00,0.50,25.00%,0.00%,1.00,1.00
4/15/2020,ID-LA,Lampung,0,0,0,0,20,5,4,11,Province,,Lampung,Indonesia,Asia,Sumatera,UTC+07:00,,13,2,228,205,2435,34624,9095591,262.70,105.0214366,-4.916792975,0.00,2.20,0.00,0.55,25.00%,20.00%,1.00,1.00
4/15/2020,ID-PB,Papua Barat,0,0,0,0,2,0,0,2,Province,,Papua Barat,Indonesia,Asia,Papua,UTC+09:00,Daerah Khusus,12,1,218,95,1742,102955,1140701,11.08,132.9762624,-2.045160182,0.00,1.75,0.00,0.00,0.00%,0.00%,1.00,1.00
4/15/2020,ID-YO,Daerah Istimewa Yogyakarta,1,0,0,1,47,6,22,19,Province,,Daerah Istimewa Yogyakarta,Indonesia,Asia,Jawa,UTC+07:00,Daerah Istimewa,4,1,78,46,392,3133,3631015,1158.90,110.4448783,-7.89450185,0.28,12.94,0.00,1.65,12.77%,46.81%,0.20,1.00
4/15/2020,ID-SN,Sulawesi Selatan,10,1,9,0,230,23,39,168,Province,,Sulawesi Selatan,Indonesia,Asia,Sulawesi,UTC+08:00,,21,3,311,792,2255,46717,9426885,201.78,120.1620559,-3.731080714,1.06,24.40,0.11,2.44,10.00%,16.96%,1.25,0.33
4/15/2020,ID-JI,Jawa Timur,25,4,11,10,450,43,71,336,Province,,Jawa Timur,Indonesia,Asia,Jawa,UTC+07:00,,29,9,666,777,7724,47803,40479023,846.78,112.7329414,-7.723345579,0.62,11.12,0.10,1.06,9.56%,15.78%,0.69,0.31
4/15/2020,ID-KB,Kalimantan Barat,0,0,0,0,10,1,5,4,Province,,Kalimantan Barat,Indonesia,Asia,Kalimantan,UTC+07:00,,12,2,174,99,2031,147307,5422814,36.81,111.1211776,-0.086474572,0.00,1.84,0.00,0.18,10.00%,50.00%,1.00,1.00
4/15/2020,ID-SG,Sulawesi Tenggara,8,0,3,5,21,1,4,16,Province,,Sulawesi Tenggara,Indonesia,Asia,Sulawesi,UTC+08:00,,15,2,219,377,1911,38068,2635461,69.23,122.070311,-4.124688793,3.04,7.97,0.00,0.38,4.76%,19.05%,,1.00
4/15/2020,ID-JK,DKI Jakarta,135,11,20,104,1946,274,140,1532,Province,,DKI Jakarta,Indonesia,Asia,Jawa,UTC+07:00,Daerah Khusus Ibu Kota,1,5,44,267,,664,10846145,16334.31,106.8361183,-6.204698991,12.45,179.42,1.01,25.26,14.08%,7.19%,1.07,1.00
4/15/2020,ID-AC,Aceh,0,0,0,0,5,0,3,2,Province,,Aceh,Indonesia,Asia,Sumatera,UTC+07:00,Daerah Khusus,18,5,289,,6497,57956,5247257,90.54,96.91052174,4.225614628,0.00,0.95,0.00,0.00,0.00%,60.00%,1.00,1.00
4/15/2020,ID-JT,Jawa Tengah,13,2,1,10,278,33,32,213,Province,,Jawa Tengah,Indonesia,Asia,Jawa,UTC+07:00,,29,6,576,753,7809,32801,36364072,1108.64,110.2011149,-7.259097177,0.36,7.64,0.05,0.91,11.87%,11.51%,0.17,2.00
4/15/2020,ID-BT,Banten,0,2,1,-3,207,26,12,169,Province,,Banten,Indonesia,Asia,Jawa,UTC+07:00,,4,4,155,313,1238,9663,10722374,1109.64,106.1090043,-6.456736388,0.00,19.31,0.19,2.42,12.56%,5.80%,0.00,
4/15/2020,ID-SA,Sulawesi Utara,1,0,0,1,16,3,3,10,Province,,Sulawesi Utara,Indonesia,Asia,Sulawesi,UTC+08:00,,11,4,171,332,1507,13892,2641884,190.17,124.5212396,1.259638212,0.38,6.06,0.00,1.14,18.75%,18.75%,,1.00
4/15/2020,ID-SU,Sumatera Utara,6,0,0,6,71,9,10,52,Province,,Sumatera Utara,Indonesia,Asia,Sumatera,UTC+07:00,,25,8,450,693,5417,72981,14874889,203.82,99.05196442,2.191894453,0.40,4.77,0.00,0.61,12.68%,14.08%,1.20,1.00
4/15/2020,ID-SB,Sumatera Barat,7,0,1,6,55,4,7,44,Province,,Sumatera Barat,Indonesia,Asia,Sumatera,UTC+07:00,,12,7,179,230,928,42013,5519245,131.37,100.4650624,-0.850253225,1.27,9.97,0.00,0.72,7.27%,12.73%,2.33,0.00
4/15/2020,ID-BA,Bali,6,0,0,6,89,0,14,75,Province,,Bali,Indonesia,Asia,Nusa Tenggara,UTC+08:00,,8,1,57,80,636,5780,4216171,729.43,115.1317136,-8.369471688,1.42,21.11,0.00,0.00,0.00%,15.73%,1.00,1.00
4/15/2020,ID-NT,Nusa Tenggara Timur,0,0,0,0,1,0,0,1,Province,,Nusa Tenggara Timur,Indonesia,Asia,Nusa Tenggara,UTC+08:00,,21,1,309,327,3026,48718,5411321,111.07,121.592271,-8.682205,0.00,0.18,0.00,0.00,0.00%,0.00%,1.00,1.00
4/15/2020,ID-KI,Kalimantan Timur,0,0,0,0,32,1,6,25,Province,,Kalimantan Timur,Indonesia,Asia,Kalimantan,UTC+08:00,,7,3,103,197,841,129067,3552191,27.52,116.4684405,0.45385803,0.00,9.01,0.00,0.28,3.13%,18.75%,1.00,1.00
4/15/2020,ID-KS,Kalimantan Selatan,12,0,1,11,48,7,5,36,Province,,Kalimantan Selatan,Indonesia,Asia,Kalimantan,UTC+08:00,,11,2,153,144,1864,38744,4023049,103.84,115.4385783,-2.993594979,2.98,11.93,0.00,1.74,14.58%,10.42%,4.00,0.00
4/15/2020,ID-MA,Maluku,3,0,0,3,14,0,0,14,Province,,Maluku,Indonesia,Asia,Maluku,UTC+09:00,,9,2,118,35,1198,46914,1847097,39.37,129.576792,-3.192572,1.62,7.58,0.00,0.00,0.00%,0.00%,,1.00
4/15/2020,ID-KR,Kepulauan Riau,5,0,3,2,27,6,5,16,Province,,Kepulauan Riau,Indonesia,Asia,Sumatera,UTC+07:00,,5,2,75,142,275,8202,1929400,235.24,108.261746,3.916346,2.59,13.99,0.00,3.11,22.22%,18.52%,0.83,0.00
4/15/2020,ID-NB,Nusa Tenggara Barat,0,0,0,0,35,2,2,31,Province,,Nusa Tenggara Barat,Indonesia,Asia,Nusa Tenggara,UTC+08:00,,8,2,117,145,995,18572,5270247,283.77,117.5086257,-8.606998866,0.00,6.64,0.00,0.38,5.71%,5.71%,1.00,1.00
4/15/2020,ID-RI,Riau,0,2,4,-6,19,5,7,7,Province,,Riau,Indonesia,Asia,Sumatera,UTC+07:00,,10,2,169,268,1591,87024,6074100,69.80,101.8051092,0.511647851,0.00,3.13,0.33,0.82,26.32%,36.84%,1.00,
4/15/2020,ID-SS,Sumatera Selatan,3,0,0,3,21,0,3,18,Province,,Sumatera Selatan,Indonesia,Asia,Sumatera,UTC+07:00,,13,4,241,387,2853,91592,8217551,89.72,104.1694647,-3.216211808,0.37,2.56,0.00,0.00,0.00%,14.29%,3.00,1.00
4/15/2020,ID-SR,Sulawesi Barat,2,0,0,2,7,1,1,5,Province,,Sulawesi Barat,Indonesia,Asia,Sulawesi,UTC+08:00,,6,,69,73,575,16787,1559984,92.93,119.3450194,-2.461746053,1.28,4.49,0.00,0.64,14.29%,14.29%,,1.00
4/16/2020,ID-GO,Gorontalo,3,0,0,3,4,0,0,4,Province,,Gorontalo,Indonesia,Asia,Sulawesi,UTC+08:00,,5,1,77,72,657,11257,1180651,104.88,122.3760581,0.687002604,2.54,3.39,0.00,0.00,0.00%,0.00%,,1.00
4/16/2020,ID-MU,Maluku Utara,0,0,0,0,4,0,2,2,Province,,Maluku Utara,Indonesia,Asia,Maluku,UTC+09:00,,8,2,116,118,1063,31983,1307803,40.89,127.5391072,0.212036949,0.00,3.06,0.00,0.00,0.00%,50.00%,0.00,1.00
4/16/2020,ID-ST,Sulawesi Tengah,0,0,0,0,22,3,2,17,Province,,Sulawesi Tengah,Indonesia,Asia,Sulawesi,UTC+08:00,,12,1,175,175,1842,61841,2955567,47.79,121.2010927,-1.00413668,0.00,7.44,0.00,1.02,13.64%,9.09%,0.00,1.00
4/16/2020,ID-KU,Kalimantan Utara,8,0,1,7,28,1,2,25,Province,,Kalimantan Utara,Indonesia,Asia,Kalimantan,UTC+08:00,,4,1,53,35,447,75468,648407,8.59,116.2188791,2.891012621,12.34,43.18,0.00,1.54,3.57%,7.14%,2.00,1.00
4/16/2020,ID-SG,Sulawesi Tenggara,3,0,0,3,24,1,4,19,Province,,Sulawesi Tenggara,Indonesia,Asia,Sulawesi,UTC+08:00,,15,2,219,377,1911,38068,2635461,69.23,122.070311,-4.124688793,1.14,9.11,0.00,0.38,4.17%,16.67%,0.38,1.00
4/16/2020,ID-SS,Sumatera Selatan,18,0,0,18,39,0,3,36,Province,,Sumatera Selatan,Indonesia,Asia,Sumatera,UTC+07:00,,13,4,241,387,2853,91592,8217551,89.72,104.1694647,-3.216211808,2.19,4.75,0.00,0.00,0.00%,7.69%,6.00,1.00
4/16/2020,ID-SR,Sulawesi Barat,0,0,0,0,7,1,1,5,Province,,Sulawesi Barat,Indonesia,Asia,Sulawesi,UTC+08:00,,6,,69,73,575,16787,1559984,92.93,119.3450194,-2.461746053,0.00,4.49,0.00,0.64,14.29%,14.29%,0.00,1.00
4/16/2020,ID-JA,Jambi,1,0,0,1,6,0,0,6,Province,,Jambi,Indonesia,Asia,Sumatera,UTC+07:00,,9,2,141,163,1399,50058,3493357,69.79,102.7236404,-1.69769766,0.29,1.72,0.00,0.00,0.00%,0.00%,1.00,1.00
4/16/2020,ID-JB,Jawa Barat,13,1,5,7,528,53,31,444,Province,,Jawa Barat,Indonesia,Asia,Jawa,UTC+07:00,,18,9,627,645,5312,35378,45161325,1276.55,107.6037083,-6.920432083,0.29,11.69,0.02,1.17,10.04%,5.87%,0.43,1.00
4/16/2020,ID-KT,Kalimantan Tengah,1,0,0,1,30,2,8,20,Province,,Kalimantan Tengah,Indonesia,Asia,Kalimantan,UTC+07:00,,13,1,136,139,1432,153565,2570289,16.74,113.4176536,-1.602484653,0.39,11.67,0.00,0.78,6.67%,26.67%,0.13,1.00
4/16/2020,ID-BB,Kepulauan Bangka Belitung,1,0,0,1,6,1,0,5,Province,,Kepulauan Bangka Belitung,Indonesia,Asia,Sumatera,UTC+07:00,,6,1,47,82,309,16424,1379767,84.01,106.5499324,-2.447444127,0.72,4.35,0.00,0.72,16.67%,0.00%,1.00,1.00
4/16/2020,ID-PA,Papua,5,2,5,-2,79,6,14,59,Province,,Papua,Indonesia,Asia,Papua,UTC+09:00,Daerah Khusus,28,1,560,110,5411,319036,4340348,13.60,138.69603,-4.66620953,1.15,18.20,0.46,1.38,7.59%,17.72%,0.71,
4/16/2020,IDN,Indonesia,380,27,102,251,5516,496,548,4472,Country,,,Indonesia,Asia,,,,416,98,7230,8488,74953,1916907,265185520,138.34,113.921327,-0.789275,1.43,20.80,0.10,1.87,8.99%,9.93%,1.28,2.70
4/16/2020,ID-BE,Bengkulu,0,0,0,0,4,1,0,3,Province,,Bengkulu,Indonesia,Asia,Sumatera,UTC+07:00,,9,1,129,172,1341,19919,1999539,100.38,102.3384213,-3.533583627,0.00,2.00,0.00,0.50,25.00%,0.00%,1.00,1.00
4/16/2020,ID-PB,Papua Barat,3,0,0,3,5,0,0,5,Province,,Papua Barat,Indonesia,Asia,Papua,UTC+09:00,Daerah Khusus,12,1,218,95,1742,102955,1140701,11.08,132.9762624,-2.045160182,2.63,4.38,0.00,0.00,0.00%,0.00%,,1.00
4/16/2020,ID-KB,Kalimantan Barat,8,0,0,8,18,1,5,12,Province,,Kalimantan Barat,Indonesia,Asia,Kalimantan,UTC+07:00,,12,2,174,99,2031,147307,5422814,36.81,111.1211776,-0.086474572,1.48,3.32,0.00,0.18,5.56%,27.78%,,1.00
4/16/2020,ID-LA,Lampung,5,0,0,5,25,5,4,16,Province,,Lampung,Indonesia,Asia,Sumatera,UTC+07:00,,13,2,228,205,2435,34624,9095591,262.70,105.0214366,-4.916792975,0.55,2.75,0.00,0.55,20.00%,16.00%,,1.00
4/16/2020,ID-YO,Daerah Istimewa Yogyakarta,1,0,0,1,48,6,22,20,Province,,Daerah Istimewa Yogyakarta,Indonesia,Asia,Jawa,UTC+07:00,Daerah Istimewa,4,1,78,46,392,3133,3631015,1158.90,110.4448783,-7.89450185,0.28,13.22,0.00,1.65,12.50%,45.83%,1.00,1.00
4/16/2020,ID-JI,Jawa Timur,15,1,3,11,465,44,74,347,Province,,Jawa Timur,Indonesia,Asia,Jawa,UTC+07:00,,29,9,666,777,7724,47803,40479023,846.78,112.7329414,-7.723345579,0.37,11.49,0.02,1.09,9.46%,15.91%,0.60,0.25
4/16/2020,ID-SN,Sulawesi Selatan,27,2,0,25,257,25,39,193,Province,,Sulawesi Selatan,Indonesia,Asia,Sulawesi,UTC+08:00,,21,3,311,792,2255,46717,9426885,201.78,120.1620559,-3.731080714,2.86,27.26,0.21,2.65,9.73%,15.18%,2.70,2.00
4/16/2020,ID-JK,DKI Jakarta,186,1,0,185,2132,275,140,1717,Province,,DKI Jakarta,Indonesia,Asia,Jawa,UTC+07:00,Daerah Khusus Ibu Kota,1,5,44,267,,664,10846145,16334.31,106.8361183,-6.204698991,17.15,196.57,0.09,25.35,12.90%,6.57%,1.38,0.09
4/16/2020,ID-JT,Jawa Tengah,8,2,1,5,286,35,33,218,Province,,Jawa Tengah,Indonesia,Asia,Jawa,UTC+07:00,,29,6,576,753,7809,32801,36364072,1108.64,110.2011149,-7.259097177,0.22,7.86,0.05,0.96,12.24%,11.54%,0.62,1.00
4/16/2020,ID-SB,Sumatera Barat,0,0,0,0,55,4,7,44,Province,,Sumatera Barat,Indonesia,Asia,Sumatera,UTC+07:00,,12,7,179,230,928,42013,5519245,131.37,100.4650624,-0.850253225,0.00,9.97,0.00,0.72,7.27%,12.73%,0.00,1.00
4/16/2020,ID-RI,Riau,5,0,3,2,24,5,10,9,Province,,Riau,Indonesia,Asia,Sumatera,UTC+07:00,,10,2,169,268,1591,87024,6074100,69.80,101.8051092,0.511647851,0.82,3.95,0.00,0.82,20.83%,41.67%,,0.00
4/16/2020,ID-AC,Aceh,0,0,0,0,5,0,3,2,Province,,Aceh,Indonesia,Asia,Sumatera,UTC+07:00,Daerah Khusus,18,5,289,,6497,57956,5247257,90.54,96.91052174,4.225614628,0.00,0.95,0.00,0.00,0.00%,60.00%,1.00,1.00
4/16/2020,ID-BT,Banten,15,6,0,9,222,32,12,178,Province,,Banten,Indonesia,Asia,Jawa,UTC+07:00,,4,4,155,313,1238,9663,10722374,1109.64,106.1090043,-6.456736388,1.40,20.70,0.56,2.98,14.41%,5.41%,,3.00
4/16/2020,ID-SU,Sumatera Utara,1,0,3,-2,72,9,13,50,Province,,Sumatera Utara,Indonesia,Asia,Sumatera,UTC+07:00,,25,8,450,693,5417,72981,14874889,203.82,99.05196442,2.191894453,0.07,4.84,0.00,0.61,12.50%,18.06%,0.17,1.00
4/16/2020,ID-SA,Sulawesi Utara,0,0,1,-1,16,3,4,9,Province,,Sulawesi Utara,Indonesia,Asia,Sulawesi,UTC+08:00,,11,4,171,332,1507,13892,2641884,190.17,124.5212396,1.259638212,0.00,6.06,0.00,1.14,18.75%,25.00%,0.00,1.00
4/16/2020,ID-BA,Bali,15,0,9,6,104,0,23,81,Province,,Bali,Indonesia,Asia,Nusa Tenggara,UTC+08:00,,8,1,57,80,636,5780,4216171,729.43,115.1317136,-8.369471688,3.56,24.67,0.00,0.00,0.00%,22.12%,2.50,1.00
4/16/2020,ID-KI,Kalimantan Timur,9,0,5,4,41,1,11,29,Province,,Kalimantan Timur,Indonesia,Asia,Kalimantan,UTC+08:00,,7,3,103,197,841,129067,3552191,27.52,116.4684405,0.45385803,2.53,11.54,0.00,0.28,2.44%,26.83%,,1.00
4/16/2020,ID-NB,Nusa Tenggara Barat,8,0,0,8,43,2,2,39,Province,,Nusa Tenggara Barat,Indonesia,Asia,Nusa Tenggara,UTC+08:00,,8,2,117,145,995,18572,5270247,283.77,117.5086257,-8.606998866,1.52,8.16,0.00,0.38,4.65%,4.65%,,1.00
4/16/2020,ID-NT,Nusa Tenggara Timur,0,0,0,0,1,0,0,1,Province,,Nusa Tenggara Timur,Indonesia,Asia,Nusa Tenggara,UTC+08:00,,21,1,309,327,3026,48718,5411321,111.07,121.592271,-8.682205,0.00,0.18,0.00,0.00,0.00%,0.00%,1.00,1.00
4/16/2020,ID-KS,Kalimantan Selatan,9,0,4,5,57,7,9,41,Province,,Kalimantan Selatan,Indonesia,Asia,Kalimantan,UTC+08:00,,11,2,153,144,1864,38744,4023049,103.84,115.4385783,-2.993594979,2.24,14.17,0.00,1.74,12.28%,15.79%,0.75,1.00
4/16/2020,ID-KR,Kepulauan Riau,7,0,0,7,34,6,5,23,Province,,Kepulauan Riau,Indonesia,Asia,Sumatera,UTC+07:00,,5,2,75,142,275,8202,1929400,235.24,108.261746,3.916346,3.63,17.62,0.00,3.11,17.65%,14.71%,1.40,1.00
4/16/2020,ID-MA,Maluku,0,0,0,0,14,0,0,14,Province,,Maluku,Indonesia,Asia,Maluku,UTC+09:00,,9,2,118,35,1198,46914,1847097,39.37,129.576792,-3.192572,0.00,7.58,0.00,0.00,0.00%,0.00%,0.00,1.00
4/17/2020,ID-GO,Gorontalo,0,0,0,0,4,0,0,4,Province,,Gorontalo,Indonesia,Asia,Sulawesi,UTC+08:00,,5,1,77,72,657,11257,1180651,104.88,122.3760581,0.687002604,0.00,3.39,0.00,0.00,0.00%,0.00%,0.00,1.00
4/17/2020,ID-ST,Sulawesi Tengah,2,0,0,2,24,3,2,19,Province,,Sulawesi Tengah,Indonesia,Asia,Sulawesi,UTC+08:00,,12,1,175,175,1842,61841,2955567,47.79,121.2010927,-1.00413668,0.68,8.12,0.00,1.02,12.50%,8.33%,,1.00
4/17/2020,ID-SS,Sumatera Selatan,14,0,0,14,53,0,3,50,Province,,Sumatera Selatan,Indonesia,Asia,Sumatera,UTC+07:00,,13,4,241,387,2853,91592,8217551,89.72,104.1694647,-3.216211808,1.70,6.45,0.00,0.00,0.00%,5.66%,0.78,1.00
4/17/2020,ID-KT,Kalimantan Tengah,1,0,0,1,31,2,8,21,Province,,Kalimantan Tengah,Indonesia,Asia,Kalimantan,UTC+07:00,,13,1,136,139,1432,153565,2570289,16.74,113.4176536,-1.602484653,0.39,12.06,0.00,0.78,6.45%,25.81%,1.00,1.00
4/17/2020,ID-YO,Daerah Istimewa Yogyakarta,1,1,3,-3,49,7,25,17,Province,,Daerah Istimewa Yogyakarta,Indonesia,Asia,Jawa,UTC+07:00,Daerah Istimewa,4,1,78,46,392,3133,3631015,1158.90,110.4448783,-7.89450185,0.28,13.49,0.28,1.93,14.29%,51.02%,1.00,
4/17/2020,ID-KR,Kepulauan Riau,19,0,1,18,53,6,6,41,Province,,Kepulauan Riau,Indonesia,Asia,Sumatera,UTC+07:00,,5,2,75,142,275,8202,1929400,235.24,108.261746,3.916346,9.85,27.47,0.00,3.11,11.32%,11.32%,2.71,1.00
4/17/2020,ID-MA,Maluku,0,0,0,0,14,0,0,14,Province,,Maluku,Indonesia,Asia,Maluku,UTC+09:00,,9,2,118,35,1198,46914,1847097,39.37,129.576792,-3.192572,0.00,7.58,0.00,0.00,0.00%,0.00%,1.00,1.00
4/17/2020,ID-MU,Maluku Utara,0,0,0,0,4,0,2,2,Province,,Maluku Utara,Indonesia,Asia,Maluku,UTC+09:00,,8,2,116,118,1063,31983,1307803,40.89,127.5391072,0.212036949,0.00,3.06,0.00,0.00,0.00%,50.00%,1.00,1.00
4/17/2020,ID-KU,Kalimantan Utara,19,0,0,19,47,1,2,44,Province,,Kalimantan Utara,Indonesia,Asia,Kalimantan,UTC+08:00,,4,1,53,35,447,75468,648407,8.59,116.2188791,2.891012621,29.30,72.49,0.00,1.54,2.13%,4.26%,2.38,1.00
4/17/2020,ID-SG,Sulawesi Tenggara,0,0,0,0,24,1,4,19,Province,,Sulawesi Tenggara,Indonesia,Asia,Sulawesi,UTC+08:00,,15,2,219,377,1911,38068,2635461,69.23,122.070311,-4.124688793,0.00,9.11,0.00,0.38,4.17%,16.67%,0.00,1.00
4/17/2020,ID-SR,Sulawesi Barat,0,0,0,0,7,1,1,5,Province,,Sulawesi Barat,Indonesia,Asia,Sulawesi,UTC+08:00,,6,,69,73,575,16787,1559984,92.93,119.3450194,-2.461746053,0.00,4.49,0.00,0.64,14.29%,14.29%,1.00,1.00
4/17/2020,ID-JB,Jawa Barat,59,3,15,41,587,56,46,485,Province,,Jawa Barat,Indonesia,Asia,Jawa,UTC+07:00,,18,9,627,645,5312,35378,45161325,1276.55,107.6037083,-6.920432083,1.31,13.00,0.07,1.24,9.54%,7.84%,4.54,3.00
4/17/2020,ID-JA,Jambi,1,0,0,1,7,0,0,7,Province,,Jambi,Indonesia,Asia,Sumatera,UTC+07:00,,9,2,141,163,1399,50058,3493357,69.79,102.7236404,-1.69769766,0.29,2.00,0.00,0.00,0.00%,0.00%,1.00,1.00
4/17/2020,ID-BB,Kepulauan Bangka Belitung,0,0,0,0,6,1,0,5,Province,,Kepulauan Bangka Belitung,Indonesia,Asia,Sumatera,UTC+07:00,,6,1,47,82,309,16424,1379767,84.01,106.5499324,-2.447444127,0.00,4.35,0.00,0.72,16.67%,0.00%,0.00,1.00
4/17/2020,IDN,Indonesia,407,24,59,324,5923,520,607,4796,Country,,,Indonesia,Asia,,,,416,98,7230,8488,74953,1916907,265185520,138.34,113.921327,-0.789275,1.53,22.34,0.09,1.96,8.78%,10.25%,1.07,0.89
4/17/2020,ID-LA,Lampung,0,0,0,0,25,5,4,16,Province,,Lampung,Indonesia,Asia,Sumatera,UTC+07:00,,13,2,228,205,2435,34624,9095591,262.70,105.0214366,-4.916792975,0.00,2.75,0.00,0.55,20.00%,16.00%,0.00,1.00
4/17/2020,ID-PA,Papua,9,0,0,9,88,6,14,68,Province,,Papua,Indonesia,Asia,Papua,UTC+09:00,Daerah Khusus,28,1,560,110,5411,319036,4340348,13.60,138.69603,-4.66620953,2.07,20.27,0.00,1.38,6.82%,15.91%,1.80,0.00
4/17/2020,ID-BE,Bengkulu,0,0,0,0,4,1,0,3,Province,,Bengkulu,Indonesia,Asia,Sumatera,UTC+07:00,,9,1,129,172,1341,19919,1999539,100.38,102.3384213,-3.533583627,0.00,2.00,0.00,0.50,25.00%,0.00%,1.00,1.00
4/17/2020,ID-KB,Kalimantan Barat,0,0,0,0,18,1,5,12,Province,,Kalimantan Barat,Indonesia,Asia,Kalimantan,UTC+07:00,,12,2,174,99,2031,147307,5422814,36.81,111.1211776,-0.086474572,0.00,3.32,0.00,0.18,5.56%,27.78%,0.00,1.00
4/17/2020,ID-PB,Papua Barat,0,0,0,0,5,0,0,5,Province,,Papua Barat,Indonesia,Asia,Papua,UTC+09:00,Daerah Khusus,12,1,218,95,1742,102955,1140701,11.08,132.9762624,-2.045160182,0.00,4.38,0.00,0.00,0.00%,0.00%,0.00,1.00
4/17/2020,ID-JI,Jawa Timur,8,1,8,-1,473,45,82,346,Province,,Jawa Timur,Indonesia,Asia,Jawa,UTC+07:00,,29,9,666,777,7724,47803,40479023,846.78,112.7329414,-7.723345579,0.20,11.69,0.02,1.11,9.51%,17.34%,0.53,1.00
4/17/2020,ID-JK,DKI Jakarta,148,8,36,104,2280,283,176,1821,Province,,DKI Jakarta,Indonesia,Asia,Jawa,UTC+07:00,Daerah Khusus Ibu Kota,1,5,44,267,,664,10846145,16334.31,106.8361183,-6.204698991,13.65,210.21,0.74,26.09,12.41%,7.72%,0.80,8.00
4/17/2020,ID-AC,Aceh,0,0,0,0,5,0,3,2,Province,,Aceh,Indonesia,Asia,Sumatera,UTC+07:00,Daerah Khusus,18,5,289,,6497,57956,5247257,90.54,96.91052174,4.225614628,0.00,0.95,0.00,0.00,0.00%,60.00%,1.00,1.00
4/17/2020,ID-KS,Kalimantan Selatan,15,0,0,15,72,7,9,56,Province,,Kalimantan Selatan,Indonesia,Asia,Kalimantan,UTC+08:00,,11,2,153,144,1864,38744,4023049,103.84,115.4385783,-2.993594979,3.73,17.90,0.00,1.74,9.72%,12.50%,1.67,1.00
4/17/2020,ID-SN,Sulawesi Selatan,65,2,2,61,322,27,41,254,Province,,Sulawesi Selatan,Indonesia,Asia,Sulawesi,UTC+08:00,,21,3,311,792,2255,46717,9426885,201.78,120.1620559,-3.731080714,6.90,34.16,0.21,2.86,8.39%,12.73%,2.41,1.00
4/17/2020,ID-JT,Jawa Tengah,5,4,15,-14,291,39,48,204,Province,,Jawa Tengah,Indonesia,Asia,Jawa,UTC+07:00,,29,6,576,753,7809,32801,36364072,1108.64,110.2011149,-7.259097177,0.14,8.00,0.11,1.07,13.40%,16.49%,0.63,2.00
4/17/2020,ID-RI,Riau,1,0,0,1,25,5,10,10,Province,,Riau,Indonesia,Asia,Sumatera,UTC+07:00,,10,2,169,268,1591,87024,6074100,69.80,101.8051092,0.511647851,0.16,4.12,0.00,0.82,20.00%,40.00%,0.20,1.00
4/17/2020,ID-SB,Sumatera Barat,7,2,3,2,62,6,10,46,Province,,Sumatera Barat,Indonesia,Asia,Sumatera,UTC+07:00,,12,7,179,230,928,42013,5519245,131.37,100.4650624,-0.850253225,1.27,11.23,0.36,1.09,9.68%,16.13%,,
4/17/2020,ID-BT,Banten,8,2,0,6,230,34,12,184,Province,,Banten,Indonesia,Asia,Jawa,UTC+07:00,,4,4,155,313,1238,9663,10722374,1109.64,106.1090043,-6.456736388,0.75,21.45,0.19,3.17,14.78%,5.22%,0.53,0.33
4/17/2020,ID-SA,Sulawesi Utara,0,0,0,0,16,3,4,9,Province,,Sulawesi Utara,Indonesia,Asia,Sulawesi,UTC+08:00,,11,4,171,332,1507,13892,2641884,190.17,124.5212396,1.259638212,0.00,6.06,0.00,1.14,18.75%,25.00%,1.00,1.00
4/17/2020,ID-NT,Nusa Tenggara Timur,0,0,0,0,1,0,0,1,Province,,Nusa Tenggara Timur,Indonesia,Asia,Nusa Tenggara,UTC+08:00,,21,1,309,327,3026,48718,5411321,111.07,121.592271,-8.682205,0.00,0.18,0.00,0.00,0.00%,0.00%,1.00,1.00
4/17/2020,ID-SU,Sumatera Utara,0,0,0,0,72,9,13,50,Province,,Sumatera Utara,Indonesia,Asia,Sumatera,UTC+07:00,,25,8,450,693,5417,72981,14874889,203.82,99.05196442,2.191894453,0.00,4.84,0.00,0.61,12.50%,18.06%,0.00,1.00
4/17/2020,ID-BA,Bali,11,0,5,6,115,0,28,87,Province,,Bali,Indonesia,Asia,Nusa Tenggara,UTC+08:00,,8,1,57,80,636,5780,4216171,729.43,115.1317136,-8.369471688,2.61,27.28,0.00,0.00,0.00%,24.35%,0.73,1.00
4/17/2020,ID-NB,Nusa Tenggara Barat,6,0,0,6,49,2,2,45,Province,,Nusa Tenggara Barat,Indonesia,Asia,Nusa Tenggara,UTC+08:00,,8,2,117,145,995,18572,5270247,283.77,117.5086257,-8.606998866,1.14,9.30,0.00,0.38,4.08%,4.08%,0.75,1.00
4/17/2020,ID-KI,Kalimantan Timur,0,0,1,-1,41,1,12,28,Province,,Kalimantan Timur,Indonesia,Asia,Kalimantan,UTC+08:00,,7,3,103,197,841,129067,3552191,27.52,116.4684405,0.45385803,0.00,11.54,0.00,0.28,2.44%,29.27%,0.00,1.00
4/18/2020,ID-GO,Gorontalo,0,0,0,0,4,0,0,4,Province,,Gorontalo,Indonesia,Asia,Sulawesi,UTC+08:00,,5,1,77,72,657,11257,1180651,104.88,122.3760581,0.687002604,0.00,3.39,0.00,0.00,0.00%,0.00%,1.00,1.00
4/18/2020,ID-SS,Sumatera Selatan,30,1,0,29,83,1,3,79,Province,,Sumatera Selatan,Indonesia,Asia,Sumatera,UTC+07:00,,13,4,241,387,2853,91592,8217551,89.72,104.1694647,-3.216211808,3.65,10.10,0.12,0.12,1.20%,3.61%,2.14,
4/18/2020,ID-KR,Kepulauan Riau,21,0,0,21,74,6,6,62,Province,,Kepulauan Riau,Indonesia,Asia,Sumatera,UTC+07:00,,5,2,75,142,275,8202,1929400,235.24,108.261746,3.916346,10.88,38.35,0.00,3.11,8.11%,8.11%,1.11,1.00
4/18/2020,ID-SG,Sulawesi Tenggara,0,1,0,-1,24,2,4,18,Province,,Sulawesi Tenggara,Indonesia,Asia,Sulawesi,UTC+08:00,,15,2,219,377,1911,38068,2635461,69.23,122.070311,-4.124688793,0.00,9.11,0.38,0.76,8.33%,16.67%,1.00,
4/18/2020,ID-BE,Bengkulu,0,0,1,-1,4,1,1,2,Province,,Bengkulu,Indonesia,Asia,Sumatera,UTC+07:00,,9,1,129,172,1341,19919,1999539,100.38,102.3384213,-3.533583627,0.00,2.00,0.00,0.50,25.00%,25.00%,1.00,1.00
4/18/2020,ID-NB,Nusa Tenggara Barat,4,0,0,4,53,2,2,49,Province,,Nusa Tenggara Barat,Indonesia,Asia,Nusa Tenggara,UTC+08:00,,8,2,117,145,995,18572,5270247,283.77,117.5086257,-8.606998866,0.76,10.06,0.00,0.38,3.77%,3.77%,0.67,1.00
4/18/2020,ID-KI,Kalimantan Timur,10,0,0,10,51,1,12,38,Province,,Kalimantan Timur,Indonesia,Asia,Kalimantan,UTC+08:00,,7,3,103,197,841,129067,3552191,27.52,116.4684405,0.45385803,2.82,14.36,0.00,0.28,1.96%,23.53%,,1.00
4/18/2020,ID-ST,Sulawesi Tengah,0,0,0,0,24,3,2,19,Province,,Sulawesi Tengah,Indonesia,Asia,Sulawesi,UTC+08:00,,12,1,175,175,1842,61841,2955567,47.79,121.2010927,-1.00413668,0.00,8.12,0.00,1.02,12.50%,8.33%,0.00,1.00
4/18/2020,ID-KT,Kalimantan Tengah,6,1,0,5,37,3,8,26,Province,,Kalimantan Tengah,Indonesia,Asia,Kalimantan,UTC+07:00,,13,1,136,139,1432,153565,2570289,16.74,113.4176536,-1.602484653,2.33,14.40,0.39,1.17,8.11%,21.62%,6.00,
4/18/2020,ID-YO,Daerah Istimewa Yogyakarta,3,0,2,1,52,7,27,18,Province,,Daerah Istimewa Yogyakarta,Indonesia,Asia,Jawa,UTC+07:00,Daerah Istimewa,4,1,78,46,392,3133,3631015,1158.90,110.4448783,-7.89450185,0.83,14.32,0.00,1.93,13.46%,51.92%,3.00,0.00
4/18/2020,ID-MA,Maluku,3,0,5,-2,17,0,5,12,Province,,Maluku,Indonesia,Asia,Maluku,UTC+09:00,,9,2,118,35,1198,46914,1847097,39.37,129.576792,-3.192572,1.62,9.20,0.00,0.00,0.00%,29.41%,,1.00
4/18/2020,ID-KU,Kalimantan Utara,3,0,0,3,50,1,2,47,Province,,Kalimantan Utara,Indonesia,Asia,Kalimantan,UTC+08:00,,4,1,53,35,447,75468,648407,8.59,116.2188791,2.891012621,4.63,77.11,0.00,1.54,2.00%,4.00%,0.16,1.00
4/18/2020,ID-MU,Maluku Utara,0,0,0,0,4,0,2,2,Province,,Maluku Utara,Indonesia,Asia,Maluku,UTC+09:00,,8,2,116,118,1063,31983,1307803,40.89,127.5391072,0.212036949,0.00,3.06,0.00,0.00,0.00%,50.00%,1.00,1.00
4/18/2020,ID-SR,Sulawesi Barat,0,0,0,0,7,1,1,5,Province,,Sulawesi Barat,Indonesia,Asia,Sulawesi,UTC+08:00,,6,,69,73,575,16787,1559984,92.93,119.3450194,-2.461746053,0.00,4.49,0.00,0.64,14.29%,14.29%,1.00,1.00
4/18/2020,ID-JA,Jambi,0,0,1,-1,7,0,1,6,Province,,Jambi,Indonesia,Asia,Sumatera,UTC+07:00,,9,2,141,163,1399,50058,3493357,69.79,102.7236404,-1.69769766,0.00,2.00,0.00,0.00,0.00%,14.29%,0.00,1.00
4/18/2020,ID-PA,Papua,6,0,0,6,94,6,14,74,Province,,Papua,Indonesia,Asia,Papua,UTC+09:00,Daerah Khusus,28,1,560,110,5411,319036,4340348,13.60,138.69603,-4.66620953,1.38,21.66,0.00,1.38,6.38%,14.89%,0.67,1.00
4/18/2020,ID-JB,Jawa Barat,9,0,0,9,596,56,46,494,Province,,Jawa Barat,Indonesia,Asia,Jawa,UTC+07:00,,18,9,627,645,5312,35378,45161325,1276.55,107.6037083,-6.920432083,0.20,13.20,0.00,1.24,9.40%,7.72%,0.15,0.00
4/18/2020,ID-BB,Kepulauan Bangka Belitung,0,0,1,-1,6,1,1,4,Province,,Kepulauan Bangka Belitung,Indonesia,Asia,Sumatera,UTC+07:00,,6,1,47,82,309,16424,1379767,84.01,106.5499324,-2.447444127,0.00,4.35,0.00,0.72,16.67%,16.67%,1.00,1.00
4/18/2020,ID-LA,Lampung,0,0,0,0,25,5,4,16,Province,,Lampung,Indonesia,Asia,Sumatera,UTC+07:00,,13,2,228,205,2435,34624,9095591,262.70,105.0214366,-4.916792975,0.00,2.75,0.00,0.55,20.00%,16.00%,1.00,1.00
4/18/2020,IDN,Indonesia,325,15,24,286,6248,535,631,5082,Country,,,Indonesia,Asia,,,,416,98,7230,8488,74953,1916907,265185520,138.34,113.921327,-0.789275,1.23,23.56,0.06,2.02,8.56%,10.10%,0.80,0.63
4/18/2020,ID-KB,Kalimantan Barat,0,0,0,0,18,1,5,12,Province,,Kalimantan Barat,Indonesia,Asia,Kalimantan,UTC+07:00,,12,2,174,99,2031,147307,5422814,36.81,111.1211776,-0.086474572,0.00,3.32,0.00,0.18,5.56%,27.78%,1.00,1.00
4/18/2020,ID-JI,Jawa Timur,33,3,2,28,506,48,84,374,Province,,Jawa Timur,Indonesia,Asia,Jawa,UTC+07:00,,29,9,666,777,7724,47803,40479023,846.78,112.7329414,-7.723345579,0.82,12.50,0.07,1.19,9.49%,16.60%,4.13,3.00
4/18/2020,ID-SN,Sulawesi Selatan,10,2,5,3,332,29,46,257,Province,,Sulawesi Selatan,Indonesia,Asia,Sulawesi,UTC+08:00,,21,3,311,792,2255,46717,9426885,201.78,120.1620559,-3.731080714,1.06,35.22,0.21,3.08,8.73%,13.86%,0.15,1.00
4/18/2020,ID-BA,Bali,7,0,0,7,122,0,28,94,Province,,Bali,Indonesia,Asia,Nusa Tenggara,UTC+08:00,,8,1,57,80,636,5780,4216171,729.43,115.1317136,-8.369471688,1.66,28.94,0.00,0.00,0.00%,22.95%,0.64,1.00
4/18/2020,ID-PB,Papua Barat,0,0,0,0,5,0,0,5,Province,,Papua Barat,Indonesia,Asia,Papua,UTC+09:00,Daerah Khusus,12,1,218,95,1742,102955,1140701,11.08,132.9762624,-2.045160182,0.00,4.38,0.00,0.00,0.00%,0.00%,1.00,1.00
4/18/2020,ID-JK,DKI Jakarta,105,7,1,97,2385,290,177,1918,Province,,DKI Jakarta,Indonesia,Asia,Jawa,UTC+07:00,Daerah Khusus Ibu Kota,1,5,44,267,,664,10846145,16334.31,106.8361183,-6.204698991,9.68,219.89,0.65,26.74,12.16%,7.42%,0.71,0.88
4/18/2020,ID-KS,Kalimantan Selatan,18,0,1,17,90,7,10,73,Province,,Kalimantan Selatan,Indonesia,Asia,Kalimantan,UTC+08:00,,11,2,153,144,1864,38744,4023049,103.84,115.4385783,-2.993594979,4.47,22.37,0.00,1.74,7.78%,11.11%,1.20,1.00
4/18/2020,ID-AC,Aceh,1,0,0,1,6,0,3,3,Province,,Aceh,Indonesia,Asia,Sumatera,UTC+07:00,Daerah Khusus,18,5,289,,6497,57956,5247257,90.54,96.91052174,4.225614628,0.19,1.14,0.00,0.00,0.00%,50.00%,,1.00
4/18/2020,ID-JT,Jawa Tengah,24,0,3,21,315,39,51,225,Province,,Jawa Tengah,Indonesia,Asia,Jawa,UTC+07:00,,29,6,576,753,7809,32801,36364072,1108.64,110.2011149,-7.259097177,0.66,8.66,0.00,1.07,12.38%,16.19%,4.80,0.00
4/18/2020,ID-SB,Sumatera Barat,9,1,2,6,71,7,12,52,Province,,Sumatera Barat,Indonesia,Asia,Sumatera,UTC+07:00,,12,7,179,230,928,42013,5519245,131.37,100.4650624,-0.850253225,1.63,12.86,0.18,1.27,9.86%,16.90%,1.29,0.50
4/18/2020,ID-SU,Sumatera Utara,0,0,0,0,72,9,13,50,Province,,Sumatera Utara,Indonesia,Asia,Sumatera,UTC+07:00,,25,8,450,693,5417,72981,14874889,203.82,99.05196442,2.191894453,0.00,4.84,0.00,0.61,12.50%,18.06%,1.00,1.00
4/18/2020,ID-RI,Riau,4,0,0,4,29,5,10,14,Province,,Riau,Indonesia,Asia,Sumatera,UTC+07:00,,10,2,169,268,1591,87024,6074100,69.80,101.8051092,0.511647851,0.66,4.77,0.00,0.82,17.24%,34.48%,4.00,1.00
4/18/2020,ID-BT,Banten,11,0,0,11,241,34,12,195,Province,,Banten,Indonesia,Asia,Jawa,UTC+07:00,,4,4,155,313,1238,9663,10722374,1109.64,106.1090043,-6.456736388,1.03,22.48,0.00,3.17,14.11%,4.98%,1.38,0.00
4/18/2020,ID-NT,Nusa Tenggara Timur,0,0,0,0,1,0,0,1,Province,,Nusa Tenggara Timur,Indonesia,Asia,Nusa Tenggara,UTC+08:00,,21,1,309,327,3026,48718,5411321,111.07,121.592271,-8.682205,0.00,0.18,0.00,0.00,0.00%,0.00%,1.00,1.00
4/18/2020,ID-SA,Sulawesi Utara,2,0,0,2,18,3,4,11,Province,,Sulawesi Utara,Indonesia,Asia,Sulawesi,UTC+08:00,,11,4,171,332,1507,13892,2641884,190.17,124.5212396,1.259638212,0.76,6.81,0.00,1.14,16.67%,22.22%,,1.00
4/19/2020,ID-GO,Gorontalo,0,0,0,0,4,0,0,4,Province,,Gorontalo,Indonesia,Asia,Sulawesi,UTC+08:00,,5,1,77,72,657,11257,1180651,104.88,122.3760581,0.687002604,0.00,3.39,0.00,0.00,0.00%,0.00%,1.00,1.00
4/19/2020,ID-KR,Kepulauan Riau,0,0,0,0,74,6,6,62,Province,,Kepulauan Riau,Indonesia,Asia,Sumatera,UTC+07:00,,5,2,75,142,275,8202,1929400,235.24,108.261746,3.916346,0.00,38.35,0.00,3.11,8.11%,8.11%,0.00,1.00
4/19/2020,ID-NB,Nusa Tenggara Barat,6,1,9,-4,59,3,11,45,Province,,Nusa Tenggara Barat,Indonesia,Asia,Nusa Tenggara,UTC+08:00,,8,2,117,145,995,18572,5270247,283.77,117.5086257,-8.606998866,1.14,11.19,0.19,0.57,5.08%,18.64%,1.50,
4/19/2020,ID-YO,Daerah Istimewa Yogyakarta,0,0,1,-1,52,7,28,17,Province,,Daerah Istimewa Yogyakarta,Indonesia,Asia,Jawa,UTC+07:00,Daerah Istimewa,4,1,78,46,392,3133,3631015,1158.90,110.4448783,-7.89450185,0.00,14.32,0.00,1.93,13.46%,53.85%,0.00,1.00
4/19/2020,ID-BB,Kepulauan Bangka Belitung,1,0,0,1,7,1,1,5,Province,,Kepulauan Bangka Belitung,Indonesia,Asia,Sumatera,UTC+07:00,,6,1,47,82,309,16424,1379767,84.01,106.5499324,-2.447444127,0.72,5.07,0.00,0.72,14.29%,14.29%,,1.00
4/19/2020,ID-NT,Nusa Tenggara Timur,0,0,0,0,1,0,0,1,Province,,Nusa Tenggara Timur,Indonesia,Asia,Nusa Tenggara,UTC+08:00,,21,1,309,327,3026,48718,5411321,111.07,121.592271,-8.682205,0.00,0.18,0.00,0.00,0.00%,0.00%,1.00,1.00
4/19/2020,ID-SA,Sulawesi Utara,0,0,0,0,18,3,4,11,Province,,Sulawesi Utara,Indonesia,Asia,Sulawesi,UTC+08:00,,11,4,171,332,1507,13892,2641884,190.17,124.5212396,1.259638212,0.00,6.81,0.00,1.14,16.67%,22.22%,0.00,1.00
4/19/2020,ID-SS,Sumatera Selatan,5,0,0,5,88,1,3,84,Province,,Sumatera Selatan,Indonesia,Asia,Sumatera,UTC+07:00,,13,4,241,387,2853,91592,8217551,89.72,104.1694647,-3.216211808,0.61,10.71,0.00,0.12,1.14%,3.41%,0.17,0.00
4/19/2020,ID-SG,Sulawesi Tenggara,9,0,0,9,33,2,4,27,Province,,Sulawesi Tenggara,Indonesia,Asia,Sulawesi,UTC+08:00,,15,2,219,377,1911,38068,2635461,69.23,122.070311,-4.124688793,3.41,12.52,0.00,0.76,6.06%,12.12%,,0.00
4/19/2020,ID-BE,Bengkulu,0,0,0,0,4,1,1,2,Province,,Bengkulu,Indonesia,Asia,Sumatera,UTC+07:00,,9,1,129,172,1341,19919,1999539,100.38,102.3384213,-3.533583627,0.00,2.00,0.00,0.50,25.00%,25.00%,1.00,1.00
4/19/2020,ID-KI,Kalimantan Timur,5,0,0,5,56,1,12,43,Province,,Kalimantan Timur,Indonesia,Asia,Kalimantan,UTC+08:00,,7,3,103,197,841,129067,3552191,27.52,116.4684405,0.45385803,1.41,15.76,0.00,0.28,1.79%,21.43%,0.50,1.00
4/19/2020,ID-KT,Kalimantan Tengah,5,0,0,5,42,3,8,31,Province,,Kalimantan Tengah,Indonesia,Asia,Kalimantan,UTC+07:00,,13,1,136,139,1432,153565,2570289,16.74,113.4176536,-1.602484653,1.95,16.34,0.00,1.17,7.14%,19.05%,0.83,0.00
4/19/2020,ID-ST,Sulawesi Tengah,3,0,0,3,27,3,2,22,Province,,Sulawesi Tengah,Indonesia,Asia,Sulawesi,UTC+08:00,,12,1,175,175,1842,61841,2955567,47.79,121.2010927,-1.00413668,1.02,9.14,0.00,1.02,11.11%,7.41%,,1.00
4/19/2020,ID-MA,Maluku,0,0,0,0,17,0,5,12,Province,,Maluku,Indonesia,Asia,Maluku,UTC+09:00,,9,2,118,35,1198,46914,1847097,39.37,129.576792,-3.192572,0.00,9.20,0.00,0.00,0.00%,29.41%,0.00,1.00
4/19/2020,ID-MU,Maluku Utara,0,0,0,0,4,0,2,2,Province,,Maluku Utara,Indonesia,Asia,Maluku,UTC+09:00,,8,2,116,118,1063,31983,1307803,40.89,127.5391072,0.212036949,0.00,3.06,0.00,0.00,0.00%,50.00%,1.00,1.00
4/19/2020,ID-JB,Jawa Barat,50,1,5,44,646,57,51,538,Province,,Jawa Barat,Indonesia,Asia,Jawa,UTC+07:00,,18,9,627,645,5312,35378,45161325,1276.55,107.6037083,-6.920432083,1.11,14.30,0.02,1.26,8.82%,7.89%,5.56,
4/19/2020,ID-KU,Kalimantan Utara,19,0,0,19,69,1,2,66,Province,,Kalimantan Utara,Indonesia,Asia,Kalimantan,UTC+08:00,,4,1,53,35,447,75468,648407,8.59,116.2188791,2.891012621,29.30,106.41,0.00,1.54,1.45%,2.90%,6.33,1.00
4/19/2020,ID-SR,Sulawesi Barat,0,0,0,0,7,1,1,5,Province,,Sulawesi Barat,Indonesia,Asia,Sulawesi,UTC+08:00,,6,,69,73,575,16787,1559984,92.93,119.3450194,-2.461746053,0.00,4.49,0.00,0.64,14.29%,14.29%,1.00,1.00
4/19/2020,ID-PA,Papua,12,0,0,12,106,6,14,86,Province,,Papua,Indonesia,Asia,Papua,UTC+09:00,Daerah Khusus,28,1,560,110,5411,319036,4340348,13.60,138.69603,-4.66620953,2.76,24.42,0.00,1.38,5.66%,13.21%,2.00,1.00
4/19/2020,ID-JA,Jambi,0,0,0,0,7,0,1,6,Province,,Jambi,Indonesia,Asia,Sumatera,UTC+07:00,,9,2,141,163,1399,50058,3493357,69.79,102.7236404,-1.69769766,0.00,2.00,0.00,0.00,0.00%,14.29%,1.00,1.00
4/19/2020,ID-LA,Lampung,0,0,0,0,25,5,4,16,Province,,Lampung,Indonesia,Asia,Sumatera,UTC+07:00,,13,2,228,205,2435,34624,9095591,262.70,105.0214366,-4.916792975,0.00,2.75,0.00,0.55,20.00%,16.00%,1.00,1.00
4/19/2020,ID-KB,Kalimantan Barat,0,0,0,0,18,1,5,12,Province,,Kalimantan Barat,Indonesia,Asia,Kalimantan,UTC+07:00,,12,2,174,99,2031,147307,5422814,36.81,111.1211776,-0.086474572,0.00,3.32,0.00,0.18,5.56%,27.78%,1.00,1.00
4/19/2020,ID-PB,Papua Barat,2,0,0,2,7,0,0,7,Province,,Papua Barat,Indonesia,Asia,Papua,UTC+09:00,Daerah Khusus,12,1,218,95,1742,102955,1140701,11.08,132.9762624,-2.045160182,1.75,6.14,0.00,0.00,0.00%,0.00%,,1.00
4/19/2020,ID-BT,Banten,3,0,0,3,244,34,12,198,Province,,Banten,Indonesia,Asia,Jawa,UTC+07:00,,4,4,155,313,1238,9663,10722374,1109.64,106.1090043,-6.456736388,0.28,22.76,0.00,3.17,13.93%,4.92%,0.27,1.00
4/19/2020,IDN,Indonesia,327,47,55,225,6575,582,686,5307,Country,,,Indonesia,Asia,,,,416,98,7230,8488,74953,1916907,265185520,138.34,113.921327,-0.789275,1.23,24.79,0.18,2.19,8.85%,10.43%,1.01,3.13
4/19/2020,ID-JI,Jawa Timur,33,5,2,26,539,53,86,400,Province,,Jawa Timur,Indonesia,Asia,Jawa,UTC+07:00,,29,9,666,777,7724,47803,40479023,846.78,112.7329414,-7.723345579,0.82,13.32,0.12,1.31,9.83%,15.96%,1.00,1.67
4/19/2020,ID-BA,Bali,4,1,2,1,126,1,30,95,Province,,Bali,Indonesia,Asia,Nusa Tenggara,UTC+08:00,,8,1,57,80,636,5780,4216171,729.43,115.1317136,-8.369471688,0.95,29.88,0.24,0.24,0.79%,23.81%,0.57,
4/19/2020,ID-SN,Sulawesi Selatan,27,1,10,16,359,30,56,273,Province,,Sulawesi Selatan,Indonesia,Asia,Sulawesi,UTC+08:00,,21,3,311,792,2255,46717,9426885,201.78,120.1620559,-3.731080714,2.86,38.08,0.11,3.18,8.36%,15.60%,2.70,0.50
4/19/2020,ID-JK,DKI Jakarta,102,4,25,73,2487,294,202,1991,Province,,DKI Jakarta,Indonesia,Asia,Jawa,UTC+07:00,Daerah Khusus Ibu Kota,1,5,44,267,,664,10846145,16334.31,106.8361183,-6.204698991,9.40,229.30,0.37,27.11,11.82%,8.12%,0.97,0.57
4/19/2020,ID-AC,Aceh,1,0,0,1,7,0,3,4,Province,,Aceh,Indonesia,Asia,Sumatera,UTC+07:00,Daerah Khusus,18,5,289,,6497,57956,5247257,90.54,96.91052174,4.225614628,0.19,1.33,0.00,0.00,0.00%,42.86%,1.00,1.00
4/19/2020,ID-RI,Riau,0,0,0,0,29,5,10,14,Province,,Riau,Indonesia,Asia,Sumatera,UTC+07:00,,10,2,169,268,1591,87024,6074100,69.80,101.8051092,0.511647851,0.00,4.77,0.00,0.82,17.24%,34.48%,0.00,1.00
4/19/2020,ID-KS,Kalimantan Selatan,4,0,0,4,94,7,10,77,Province,,Kalimantan Selatan,Indonesia,Asia,Kalimantan,UTC+08:00,,11,2,153,144,1864,38744,4023049,103.84,115.4385783,-2.993594979,0.99,23.37,0.00,1.74,7.45%,10.64%,0.22,1.00
4/19/2020,ID-JT,Jawa Tengah,21,2,0,19,336,41,51,244,Province,,Jawa Tengah,Indonesia,Asia,Jawa,UTC+07:00,,29,6,576,753,7809,32801,36364072,1108.64,110.2011149,-7.259097177,0.58,9.24,0.05,1.13,12.20%,15.18%,0.88,
4/19/2020,ID-SU,Sumatera Utara,2,0,0,2,74,9,13,52,Province,,Sumatera Utara,Indonesia,Asia,Sumatera,UTC+07:00,,25,8,450,693,5417,72981,14874889,203.82,99.05196442,2.191894453,0.13,4.97,0.00,0.61,12.16%,17.57%,,1.00
4/19/2020,ID-SB,Sumatera Barat,1,0,0,1,72,7,12,53,Province,,Sumatera Barat,Indonesia,Asia,Sumatera,UTC+07:00,,12,7,179,230,928,42013,5519245,131.37,100.4650624,-0.850253225,0.18,13.05,0.00,1.27,9.72%,16.67%,0.11,0.00
4/20/2020,ID-GO,Gorontalo,0,0,0,0,4,0,0,4,Province,,Gorontalo,Indonesia,Asia,Sulawesi,UTC+08:00,,5,1,77,72,657,11257,1180651,104.88,122.3760581,0.687002604,0.00,3.39,0.00,0.00,0.00%,0.00%,1.00,1.00
4/20/2020,ID-NB,Nusa Tenggara Barat,11,1,0,10,70,4,11,55,Province,,Nusa Tenggara Barat,Indonesia,Asia,Nusa Tenggara,UTC+08:00,,8,2,117,145,995,18572,5270247,283.77,117.5086257,-8.606998866,2.09,13.28,0.19,0.76,5.71%,15.71%,1.83,1.00
4/20/2020,ID-NT,Nusa Tenggara Timur,0,0,0,0,1,0,0,1,Province,,Nusa Tenggara Timur,Indonesia,Asia,Nusa Tenggara,UTC+08:00,,21,1,309,327,3026,48718,5411321,111.07,121.592271,-8.682205,0.00,0.18,0.00,0.00,0.00%,0.00%,1.00,1.00
4/20/2020,ID-BE,Bengkulu,0,0,0,0,4,1,1,2,Province,,Bengkulu,Indonesia,Asia,Sumatera,UTC+07:00,,9,1,129,172,1341,19919,1999539,100.38,102.3384213,-3.533583627,0.00,2.00,0.00,0.50,25.00%,25.00%,1.00,1.00
4/20/2020,ID-SR,Sulawesi Barat,0,0,0,0,7,1,1,5,Province,,Sulawesi Barat,Indonesia,Asia,Sulawesi,UTC+08:00,,6,,69,73,575,16787,1559984,92.93,119.3450194,-2.461746053,0.00,4.49,0.00,0.64,14.29%,14.29%,1.00,1.00
4/20/2020,ID-SU,Sumatera Utara,2,1,1,0,76,10,14,52,Province,,Sumatera Utara,Indonesia,Asia,Sumatera,UTC+07:00,,25,8,450,693,5417,72981,14874889,203.82,99.05196442,2.191894453,0.13,5.11,0.07,0.67,13.16%,18.42%,1.00,
4/20/2020,ID-SB,Sumatera Barat,2,0,1,1,74,7,13,54,Province,,Sumatera Barat,Indonesia,Asia,Sumatera,UTC+07:00,,12,7,179,230,928,42013,5519245,131.37,100.4650624,-0.850253225,0.36,13.41,0.00,1.27,9.46%,17.57%,2.00,1.00
4/20/2020,ID-KR,Kepulauan Riau,0,1,2,-3,74,7,8,59,Province,,Kepulauan Riau,Indonesia,Asia,Sumatera,UTC+07:00,,5,2,75,142,275,8202,1929400,235.24,108.261746,3.916346,0.00,38.35,0.52,3.63,9.46%,10.81%,1.00,
4/20/2020,ID-YO,Daerah Istimewa Yogyakarta,2,0,0,2,54,7,28,19,Province,,Daerah Istimewa Yogyakarta,Indonesia,Asia,Jawa,UTC+07:00,Daerah Istimewa,4,1,78,46,392,3133,3631015,1158.90,110.4448783,-7.89450185,0.55,14.87,0.00,1.93,12.96%,51.85%,,1.00
4/20/2020,ID-BB,Kepulauan Bangka Belitung,0,0,0,0,7,1,1,5,Province,,Kepulauan Bangka Belitung,Indonesia,Asia,Sumatera,UTC+07:00,,6,1,47,82,309,16424,1379767,84.01,106.5499324,-2.447444127,0.00,5.07,0.00,0.72,14.29%,14.29%,0.00,1.00
4/20/2020,ID-SA,Sulawesi Utara,0,0,0,0,18,3,4,11,Province,,Sulawesi Utara,Indonesia,Asia,Sulawesi,UTC+08:00,,11,4,171,332,1507,13892,2641884,190.17,124.5212396,1.259638212,0.00,6.81,0.00,1.14,16.67%,22.22%,1.00,1.00
4/20/2020,ID-SG,Sulawesi Tenggara,0,0,0,0,33,2,4,27,Province,,Sulawesi Tenggara,Indonesia,Asia,Sulawesi,UTC+08:00,,15,2,219,377,1911,38068,2635461,69.23,122.070311,-4.124688793,0.00,12.52,0.00,0.76,6.06%,12.12%,0.00,1.00
4/20/2020,ID-SS,Sumatera Selatan,0,0,0,0,88,1,3,84,Province,,Sumatera Selatan,Indonesia,Asia,Sumatera,UTC+07:00,,13,4,241,387,2853,91592,8217551,89.72,104.1694647,-3.216211808,0.00,10.71,0.00,0.12,1.14%,3.41%,0.00,1.00
4/20/2020,ID-KI,Kalimantan Timur,4,0,0,4,60,1,12,47,Province,,Kalimantan Timur,Indonesia,Asia,Kalimantan,UTC+08:00,,7,3,103,197,841,129067,3552191,27.52,116.4684405,0.45385803,1.13,16.89,0.00,0.28,1.67%,20.00%,0.80,1.00
4/20/2020,ID-ST,Sulawesi Tengah,0,0,0,0,27,3,2,22,Province,,Sulawesi Tengah,Indonesia,Asia,Sulawesi,UTC+08:00,,12,1,175,175,1842,61841,2955567,47.79,121.2010927,-1.00413668,0.00,9.14,0.00,1.02,11.11%,7.41%,0.00,1.00
4/20/2020,ID-KU,Kalimantan Utara,4,0,0,4,73,1,2,70,Province,,Kalimantan Utara,Indonesia,Asia,Kalimantan,UTC+08:00,,4,1,53,35,447,75468,648407,8.59,116.2188791,2.891012621,6.17,112.58,0.00,1.54,1.37%,2.74%,0.21,1.00
4/20/2020,ID-KT,Kalimantan Tengah,14,1,1,12,56,4,9,43,Province,,Kalimantan Tengah,Indonesia,Asia,Kalimantan,UTC+07:00,,13,1,136,139,1432,153565,2570289,16.74,113.4176536,-1.602484653,5.45,21.79,0.39,1.56,7.14%,16.07%,2.80,
4/20/2020,ID-MA,Maluku,0,0,4,-4,17,0,9,8,Province,,Maluku,Indonesia,Asia,Maluku,UTC+09:00,,9,2,118,35,1198,46914,1847097,39.37,129.576792,-3.192572,0.00,9.20,0.00,0.00,0.00%,52.94%,1.00,1.00
4/20/2020,ID-JB,Jawa Barat,26,3,3,20,672,60,54,558,Province,,Jawa Barat,Indonesia,Asia,Jawa,UTC+07:00,,18,9,627,645,5312,35378,45161325,1276.55,107.6037083,-6.920432083,0.58,14.88,0.07,1.33,8.93%,8.04%,0.52,3.00
4/20/2020,ID-MU,Maluku Utara,0,0,0,0,4,0,2,2,Province,,Maluku Utara,Indonesia,Asia,Maluku,UTC+09:00,,8,2,116,118,1063,31983,1307803,40.89,127.5391072,0.212036949,0.00,3.06,0.00,0.00,0.00%,50.00%,1.00,1.00
4/20/2020,ID-PA,Papua,0,0,14,-14,106,6,28,72,Province,,Papua,Indonesia,Asia,Papua,UTC+09:00,Daerah Khusus,28,1,560,110,5411,319036,4340348,13.60,138.69603,-4.66620953,0.00,24.42,0.00,1.38,5.66%,26.42%,0.00,1.00
4/20/2020,ID-LA,Lampung,0,0,0,0,25,5,4,16,Province,,Lampung,Indonesia,Asia,Sumatera,UTC+07:00,,13,2,228,205,2435,34624,9095591,262.70,105.0214366,-4.916792975,0.00,2.75,0.00,0.55,20.00%,16.00%,1.00,1.00
4/20/2020,IDN,Indonesia,185,8,61,116,6760,590,747,5423,Country,,,Indonesia,Asia,,,,416,98,7230,8488,74953,1916907,265185520,138.34,113.921327,-0.789275,0.70,25.49,0.03,2.22,8.73%,11.05%,0.57,0.17
4/20/2020,ID-JT,Jawa Tengah,3,1,2,0,339,42,53,244,Province,,Jawa Tengah,Indonesia,Asia,Jawa,UTC+07:00,,29,6,576,753,7809,32801,36364072,1108.64,110.2011149,-7.259097177,0.08,9.32,0.03,1.15,12.39%,15.63%,0.14,0.50
4/20/2020,ID-JA,Jambi,0,0,0,0,7,0,1,6,Province,,Jambi,Indonesia,Asia,Sumatera,UTC+07:00,,9,2,141,163,1399,50058,3493357,69.79,102.7236404,-1.69769766,0.00,2.00,0.00,0.00,0.00%,14.29%,1.00,1.00
4/20/2020,ID-KB,Kalimantan Barat,0,0,0,0,18,1,5,12,Province,,Kalimantan Barat,Indonesia,Asia,Kalimantan,UTC+07:00,,12,2,174,99,2031,147307,5422814,36.81,111.1211776,-0.086474572,0.00,3.32,0.00,0.18,5.56%,27.78%,1.00,1.00
4/20/2020,ID-BT,Banten,29,0,6,23,273,34,18,221,Province,,Banten,Indonesia,Asia,Jawa,UTC+07:00,,4,4,155,313,1238,9663,10722374,1109.64,106.1090043,-6.456736388,2.70,25.46,0.00,3.17,12.45%,6.59%,9.67,1.00
4/20/2020,ID-PB,Papua Barat,0,0,0,0,7,0,0,7,Province,,Papua Barat,Indonesia,Asia,Papua,UTC+09:00,Daerah Khusus,12,1,218,95,1742,102955,1140701,11.08,132.9762624,-2.045160182,0.00,6.14,0.00,0.00,0.00%,0.00%,0.00,1.00
4/20/2020,ID-JI,Jawa Timur,0,3,2,-5,539,56,88,395,Province,,Jawa Timur,Indonesia,Asia,Jawa,UTC+07:00,,29,9,666,777,7724,47803,40479023,846.78,112.7329414,-7.723345579,0.00,13.32,0.07,1.38,10.39%,16.33%,0.00,0.60
4/20/2020,ID-SN,Sulawesi Selatan,0,1,9,-10,359,31,65,263,Province,,Sulawesi Selatan,Indonesia,Asia,Sulawesi,UTC+08:00,,21,3,311,792,2255,46717,9426885,201.78,120.1620559,-3.731080714,0.00,38.08,0.11,3.29,8.64%,18.11%,0.00,1.00
4/20/2020,ID-KS,Kalimantan Selatan,0,0,0,0,94,7,10,77,Province,,Kalimantan Selatan,Indonesia,Asia,Kalimantan,UTC+08:00,,11,2,153,144,1864,38744,4023049,103.84,115.4385783,-2.993594979,0.00,23.37,0.00,1.74,7.45%,10.64%,0.00,1.00
4/20/2020,ID-BA,Bali,5,0,4,1,131,1,34,96,Province,,Bali,Indonesia,Asia,Nusa Tenggara,UTC+08:00,,8,1,57,80,636,5780,4216171,729.43,115.1317136,-8.369471688,1.19,31.07,0.00,0.24,0.76%,25.95%,1.25,0.00
4/20/2020,ID-JK,DKI Jakarta,71,5,7,59,2558,299,209,2050,Province,,DKI Jakarta,Indonesia,Asia,Jawa,UTC+07:00,Daerah Khusus Ibu Kota,1,5,44,267,,664,10846145,16334.31,106.8361183,-6.204698991,6.55,235.84,0.46,27.57,11.69%,8.17%,0.70,1.25
4/20/2020,ID-RI,Riau,4,1,0,3,33,6,10,17,Province,,Riau,Indonesia,Asia,Sumatera,UTC+07:00,,10,2,169,268,1591,87024,6074100,69.80,101.8051092,0.511647851,0.66,5.43,0.16,0.99,18.18%,30.30%,,
4/20/2020,ID-AC,Aceh,0,0,0,0,7,0,3,4,Province,,Aceh,Indonesia,Asia,Sumatera,UTC+07:00,Daerah Khusus,18,5,289,,6497,57956,5247257,90.54,96.91052174,4.225614628,0.00,1.33,0.00,0.00,0.00%,42.86%,0.00,1.00
4/21/2020,ID-GO,Gorontalo,3,1,0,2,7,1,0,6,Province,,Gorontalo,Indonesia,Asia,Sulawesi,UTC+08:00,,5,1,77,72,657,11257,1180651,104.88,122.3760581,0.687002604,2.54,5.93,0.85,0.85,14.29%,0.00%,,
4/21/2020,ID-NT,Nusa Tenggara Timur,0,0,0,0,1,0,0,1,Province,,Nusa Tenggara Timur,Indonesia,Asia,Nusa Tenggara,UTC+08:00,,21,1,309,327,3026,48718,5411321,111.07,121.592271,-8.682205,0.00,0.18,0.00,0.00,0.00%,0.00%,1.00,1.00
4/21/2020,ID-SU,Sumatera Utara,1,0,0,1,77,10,14,53,Province,,Sumatera Utara,Indonesia,Asia,Sumatera,UTC+07:00,,25,8,450,693,5417,72981,14874889,203.82,99.05196442,2.191894453,0.07,5.18,0.00,0.67,12.99%,18.18%,0.50,0.00
4/21/2020,ID-BB,Kepulauan Bangka Belitung,1,0,1,0,8,1,2,5,Province,,Kepulauan Bangka Belitung,Indonesia,Asia,Sumatera,UTC+07:00,,6,1,47,82,309,16424,1379767,84.01,106.5499324,-2.447444127,0.72,5.80,0.00,0.72,12.50%,25.00%,,1.00
4/21/2020,ID-MA,Maluku,0,0,0,0,17,0,9,8,Province,,Maluku,Indonesia,Asia,Maluku,UTC+09:00,,9,2,118,35,1198,46914,1847097,39.37,129.576792,-3.192572,0.00,9.20,0.00,0.00,0.00%,52.94%,1.00,1.00
4/21/2020,ID-RI,Riau,1,0,0,1,34,6,10,18,Province,,Riau,Indonesia,Asia,Sumatera,UTC+07:00,,10,2,169,268,1591,87024,6074100,69.80,101.8051092,0.511647851,0.16,5.60,0.00,0.99,17.65%,29.41%,0.25,0.00
4/21/2020,ID-AC,Aceh,0,0,0,0,7,0,3,4,Province,,Aceh,Indonesia,Asia,Sumatera,UTC+07:00,Daerah Khusus,18,5,289,,6497,57956,5247257,90.54,96.91052174,4.225614628,0.00,1.33,0.00,0.00,0.00%,42.86%,1.00,1.00
4/21/2020,ID-NB,Nusa Tenggara Barat,21,0,0,21,91,4,11,76,Province,,Nusa Tenggara Barat,Indonesia,Asia,Nusa Tenggara,UTC+08:00,,8,2,117,145,995,18572,5270247,283.77,117.5086257,-8.606998866,3.98,17.27,0.00,0.76,4.40%,12.09%,1.91,0.00
4/21/2020,ID-BE,Bengkulu,4,0,0,4,8,1,1,6,Province,,Bengkulu,Indonesia,Asia,Sumatera,UTC+07:00,,9,1,129,172,1341,19919,1999539,100.38,102.3384213,-3.533583627,2.00,4.00,0.00,0.50,12.50%,12.50%,,1.00
4/21/2020,ID-SR,Sulawesi Barat,0,0,0,0,7,1,1,5,Province,,Sulawesi Barat,Indonesia,Asia,Sulawesi,UTC+08:00,,6,,69,73,575,16787,1559984,92.93,119.3450194,-2.461746053,0.00,4.49,0.00,0.64,14.29%,14.29%,1.00,1.00
4/21/2020,ID-SB,Sumatera Barat,2,1,0,1,76,8,13,55,Province,,Sumatera Barat,Indonesia,Asia,Sumatera,UTC+07:00,,12,7,179,230,928,42013,5519245,131.37,100.4650624,-0.850253225,0.36,13.77,0.18,1.45,10.53%,17.11%,1.00,
4/21/2020,ID-YO,Daerah Istimewa Yogyakarta,3,0,3,0,57,7,31,19,Province,,Daerah Istimewa Yogyakarta,Indonesia,Asia,Jawa,UTC+07:00,Daerah Istimewa,4,1,78,46,392,3133,3631015,1158.90,110.4448783,-7.89450185,0.83,15.70,0.00,1.93,12.28%,54.39%,1.50,1.00
4/21/2020,ID-KR,Kepulauan Riau,2,0,1,1,76,7,9,60,Province,,Kepulauan Riau,Indonesia,Asia,Sumatera,UTC+07:00,,5,2,75,142,275,8202,1929400,235.24,108.261746,3.916346,1.04,39.39,0.00,3.63,9.21%,11.84%,,0.00
4/21/2020,ID-SA,Sulawesi Utara,0,0,0,0,18,3,4,11,Province,,Sulawesi Utara,Indonesia,Asia,Sulawesi,UTC+08:00,,11,4,171,332,1507,13892,2641884,190.17,124.5212396,1.259638212,0.00,6.81,0.00,1.14,16.67%,22.22%,1.00,1.00
4/21/2020,ID-SS,Sumatera Selatan,0,0,0,0,88,1,3,84,Province,,Sumatera Selatan,Indonesia,Asia,Sumatera,UTC+07:00,,13,4,241,387,2853,91592,8217551,89.72,104.1694647,-3.216211808,0.00,10.71,0.00,0.12,1.14%,3.41%,1.00,1.00
4/21/2020,ID-KT,Kalimantan Tengah,7,1,0,6,63,5,9,49,Province,,Kalimantan Tengah,Indonesia,Asia,Kalimantan,UTC+07:00,,13,1,136,139,1432,153565,2570289,16.74,113.4176536,-1.602484653,2.72,24.51,0.39,1.95,7.94%,14.29%,0.50,1.00
4/21/2020,ID-SG,Sulawesi Tenggara,0,0,0,0,33,2,4,27,Province,,Sulawesi Tenggara,Indonesia,Asia,Sulawesi,UTC+08:00,,15,2,219,377,1911,38068,2635461,69.23,122.070311,-4.124688793,0.00,12.52,0.00,0.76,6.06%,12.12%,1.00,1.00
4/21/2020,ID-KI,Kalimantan Timur,5,0,0,5,65,1,12,52,Province,,Kalimantan Timur,Indonesia,Asia,Kalimantan,UTC+08:00,,7,3,103,197,841,129067,3552191,27.52,116.4684405,0.45385803,1.41,18.30,0.00,0.28,1.54%,18.46%,1.25,1.00
4/21/2020,ID-KU,Kalimantan Utara,4,0,0,4,77,1,2,74,Province,,Kalimantan Utara,Indonesia,Asia,Kalimantan,UTC+08:00,,4,1,53,35,447,75468,648407,8.59,116.2188791,2.891012621,6.17,118.75,0.00,1.54,1.30%,2.60%,1.00,1.00
4/21/2020,ID-ST,Sulawesi Tengah,0,0,1,-1,27,3,3,21,Province,,Sulawesi Tengah,Indonesia,Asia,Sulawesi,UTC+08:00,,12,1,175,175,1842,61841,2955567,47.79,121.2010927,-1.00413668,0.00,9.14,0.00,1.02,11.11%,11.11%,1.00,1.00
4/21/2020,ID-JB,Jawa Barat,10,5,19,-14,682,65,73,544,Province,,Jawa Barat,Indonesia,Asia,Jawa,UTC+07:00,,18,9,627,645,5312,35378,45161325,1276.55,107.6037083,-6.920432083,0.22,15.10,0.11,1.44,9.53%,10.70%,0.38,1.67
4/21/2020,ID-PA,Papua,11,0,4,7,117,6,32,79,Province,,Papua,Indonesia,Asia,Papua,UTC+09:00,Daerah Khusus,28,1,560,110,5411,319036,4340348,13.60,138.69603,-4.66620953,2.53,26.96,0.00,1.38,5.13%,27.35%,,1.00
4/21/2020,ID-JA,Jambi,5,0,0,5,12,0,1,11,Province,,Jambi,Indonesia,Asia,Sumatera,UTC+07:00,,9,2,141,163,1399,50058,3493357,69.79,102.7236404,-1.69769766,1.43,3.44,0.00,0.00,0.00%,8.33%,,1.00
4/21/2020,ID-JK,DKI Jakarta,156,2,62,92,2714,301,271,2142,Province,,DKI Jakarta,Indonesia,Asia,Jawa,UTC+07:00,Daerah Khusus Ibu Kota,1,5,44,267,,664,10846145,16334.31,106.8361183,-6.204698991,14.38,250.23,0.18,27.75,11.09%,9.99%,2.20,0.40
4/21/2020,ID-MU,Maluku Utara,0,0,0,0,4,0,2,2,Province,,Maluku Utara,Indonesia,Asia,Maluku,UTC+09:00,,8,2,116,118,1063,31983,1307803,40.89,127.5391072,0.212036949,0.00,3.06,0.00,0.00,0.00%,50.00%,1.00,1.00
4/21/2020,ID-LA,Lampung,1,0,1,0,26,5,5,16,Province,,Lampung,Indonesia,Asia,Sumatera,UTC+07:00,,13,2,228,205,2435,34624,9095591,262.70,105.0214366,-4.916792975,0.11,2.86,0.00,0.55,19.23%,19.23%,,1.00
4/21/2020,ID-JT,Jawa Tengah,99,0,1,98,438,42,54,342,Province,,Jawa Tengah,Indonesia,Asia,Jawa,UTC+07:00,,29,6,576,753,7809,32801,36364072,1108.64,110.2011149,-7.259097177,2.72,12.04,0.00,1.15,9.59%,12.33%,33.00,0.00
4/21/2020,IDN,Indonesia,375,26,95,254,7135,616,842,5677,Country,,,Indonesia,Asia,,,,416,98,7230,8488,74953,1916907,265185520,138.34,113.921327,-0.789275,1.41,26.91,0.10,2.32,8.63%,11.80%,2.03,3.25
4/21/2020,ID-KB,Kalimantan Barat,6,0,1,5,24,1,6,17,Province,,Kalimantan Barat,Indonesia,Asia,Kalimantan,UTC+07:00,,12,2,174,99,2031,147307,5422814,36.81,111.1211776,-0.086474572,1.11,4.43,0.00,0.18,4.17%,25.00%,,1.00
4/21/2020,ID-PB,Papua Barat,0,0,0,0,7,0,0,7,Province,,Papua Barat,Indonesia,Asia,Papua,UTC+09:00,Daerah Khusus,12,1,218,95,1742,102955,1140701,11.08,132.9762624,-2.045160182,0.00,6.14,0.00,0.00,0.00%,0.00%,1.00,1.00
4/21/2020,ID-BA,Bali,10,0,0,10,141,1,34,106,Province,,Bali,Indonesia,Asia,Nusa Tenggara,UTC+08:00,,8,1,57,80,636,5780,4216171,729.43,115.1317136,-8.369471688,2.37,33.44,0.00,0.24,0.71%,24.11%,2.00,1.00
4/21/2020,ID-BT,Banten,0,0,0,0,273,34,18,221,Province,,Banten,Indonesia,Asia,Jawa,UTC+07:00,,4,4,155,313,1238,9663,10722374,1109.64,106.1090043,-6.456736388,0.00,25.46,0.00,3.17,12.45%,6.59%,0.00,1.00
4/21/2020,ID-JI,Jawa Timur,15,1,1,13,554,57,89,408,Province,,Jawa Timur,Indonesia,Asia,Jawa,UTC+07:00,,29,9,666,777,7724,47803,40479023,846.78,112.7329414,-7.723345579,0.37,13.69,0.02,1.41,10.29%,16.06%,,0.33
4/21/2020,ID-KS,Kalimantan Selatan,2,0,1,1,96,7,11,78,Province,,Kalimantan Selatan,Indonesia,Asia,Kalimantan,UTC+08:00,,11,2,153,144,1864,38744,4023049,103.84,115.4385783,-2.993594979,0.50,23.86,0.00,1.74,7.29%,11.46%,,1.00
4/21/2020,ID-SN,Sulawesi Selatan,6,2,0,4,365,33,65,267,Province,,Sulawesi Selatan,Indonesia,Asia,Sulawesi,UTC+08:00,,21,3,311,792,2255,46717,9426885,201.78,120.1620559,-3.731080714,0.64,38.72,0.21,3.50,9.04%,17.81%,,2.00
4/22/2020,ID-GO,Gorontalo,0,0,0,0,7,1,0,6,Province,,Gorontalo,Indonesia,Asia,Sulawesi,UTC+08:00,,5,1,77,72,657,11257,1180651,104.88,122.3760581,0.687002604,0.00,5.93,0.00,0.85,14.29%,0.00%,0.00,0.00
4/22/2020,ID-SU,Sumatera Utara,9,0,7,2,86,10,21,55,Province,,Sumatera Utara,Indonesia,Asia,Sumatera,UTC+07:00,,25,8,450,693,5417,72981,14874889,203.82,99.05196442,2.191894453,0.61,5.78,0.00,0.67,11.63%,24.42%,9.00,1.00
4/22/2020,ID-RI,Riau,0,0,0,0,34,6,10,18,Province,,Riau,Indonesia,Asia,Sumatera,UTC+07:00,,10,2,169,268,1591,87024,6074100,69.80,101.8051092,0.511647851,0.00,5.60,0.00,0.99,17.65%,29.41%,0.00,1.00
4/22/2020,ID-SR,Sulawesi Barat,1,0,0,1,8,1,1,6,Province,,Sulawesi Barat,Indonesia,Asia,Sulawesi,UTC+08:00,,6,,69,73,575,16787,1559984,92.93,119.3450194,-2.461746053,0.64,5.13,0.00,0.64,12.50%,12.50%,,1.00
4/22/2020,ID-KI,Kalimantan Timur,1,0,0,1,66,1,12,53,Province,,Kalimantan Timur,Indonesia,Asia,Kalimantan,UTC+08:00,,7,3,103,197,841,129067,3552191,27.52,116.4684405,0.45385803,0.28,18.58,0.00,0.28,1.52%,18.18%,0.20,1.00
4/22/2020,ID-KS,Kalimantan Selatan,10,0,0,10,106,7,11,88,Province,,Kalimantan Selatan,Indonesia,Asia,Kalimantan,UTC+08:00,,11,2,153,144,1864,38744,4023049,103.84,115.4385783,-2.993594979,2.49,26.35,0.00,1.74,6.60%,10.38%,5.00,1.00
4/22/2020,ID-SN,Sulawesi Selatan,13,0,5,8,378,33,70,275,Province,,Sulawesi Selatan,Indonesia,Asia,Sulawesi,UTC+08:00,,21,3,311,792,2255,46717,9426885,201.78,120.1620559,-3.731080714,1.38,40.10,0.00,3.50,8.73%,18.52%,2.17,0.00
4/22/2020,ID-NT,Nusa Tenggara Timur,0,0,0,0,1,0,0,1,Province,,Nusa Tenggara Timur,Indonesia,Asia,Nusa Tenggara,UTC+08:00,,21,1,309,327,3026,48718,5411321,111.07,121.592271,-8.682205,0.00,0.18,0.00,0.00,0.00%,0.00%,1.00,1.00
4/22/2020,ID-BB,Kepulauan Bangka Belitung,0,0,0,0,8,1,2,5,Province,,Kepulauan Bangka Belitung,Indonesia,Asia,Sumatera,UTC+07:00,,6,1,47,82,309,16424,1379767,84.01,106.5499324,-2.447444127,0.00,5.80,0.00,0.72,12.50%,25.00%,0.00,1.00
4/22/2020,ID-MA,Maluku,0,0,0,0,17,0,9,8,Province,,Maluku,Indonesia,Asia,Maluku,UTC+09:00,,9,2,118,35,1198,46914,1847097,39.37,129.576792,-3.192572,0.00,9.20,0.00,0.00,0.00%,52.94%,1.00,1.00
4/22/2020,ID-AC,Aceh,0,0,0,0,7,0,3,4,Province,,Aceh,Indonesia,Asia,Sumatera,UTC+07:00,Daerah Khusus,18,5,289,,6497,57956,5247257,90.54,96.91052174,4.225614628,0.00,1.33,0.00,0.00,0.00%,42.86%,1.00,1.00
4/22/2020,ID-BE,Bengkulu,0,0,0,0,8,1,1,6,Province,,Bengkulu,Indonesia,Asia,Sumatera,UTC+07:00,,9,1,129,172,1341,19919,1999539,100.38,102.3384213,-3.533583627,0.00,4.00,0.00,0.50,12.50%,12.50%,0.00,1.00
4/22/2020,ID-NB,Nusa Tenggara Barat,15,0,0,15,106,4,11,91,Province,,Nusa Tenggara Barat,Indonesia,Asia,Nusa Tenggara,UTC+08:00,,8,2,117,145,995,18572,5270247,283.77,117.5086257,-8.606998866,2.85,20.11,0.00,0.76,3.77%,10.38%,0.71,1.00
4/22/2020,ID-SB,Sumatera Barat,5,1,0,4,81,9,13,59,Province,,Sumatera Barat,Indonesia,Asia,Sumatera,UTC+07:00,,12,7,179,230,928,42013,5519245,131.37,100.4650624,-0.850253225,0.91,14.68,0.18,1.63,11.11%,16.05%,2.50,1.00
4/22/2020,ID-KR,Kepulauan Riau,0,0,0,0,76,7,9,60,Province,,Kepulauan Riau,Indonesia,Asia,Sumatera,UTC+07:00,,5,2,75,142,275,8202,1929400,235.24,108.261746,3.916346,0.00,39.39,0.00,3.63,9.21%,11.84%,0.00,1.00
4/22/2020,ID-SG,Sulawesi Tenggara,0,0,0,0,33,2,4,27,Province,,Sulawesi Tenggara,Indonesia,Asia,Sulawesi,UTC+08:00,,15,2,219,377,1911,38068,2635461,69.23,122.070311,-4.124688793,0.00,12.52,0.00,0.76,6.06%,12.12%,1.00,1.00
4/22/2020,ID-YO,Daerah Istimewa Yogyakarta,3,0,5,-2,60,7,36,17,Province,,Daerah Istimewa Yogyakarta,Indonesia,Asia,Jawa,UTC+07:00,Daerah Istimewa,4,1,78,46,392,3133,3631015,1158.90,110.4448783,-7.89450185,0.83,16.52,0.00,1.93,11.67%,60.00%,1.00,1.00
4/22/2020,ID-SA,Sulawesi Utara,0,0,0,0,18,3,4,11,Province,,Sulawesi Utara,Indonesia,Asia,Sulawesi,UTC+08:00,,11,4,171,332,1507,13892,2641884,190.17,124.5212396,1.259638212,0.00,6.81,0.00,1.14,16.67%,22.22%,1.00,1.00
4/22/2020,ID-KT,Kalimantan Tengah,15,0,0,15,78,5,9,64,Province,,Kalimantan Tengah,Indonesia,Asia,Kalimantan,UTC+07:00,,13,1,136,139,1432,153565,2570289,16.74,113.4176536,-1.602484653,5.84,30.35,0.00,1.95,6.41%,11.54%,2.14,0.00
4/22/2020,ID-SS,Sumatera Selatan,0,0,0,0,88,1,3,84,Province,,Sumatera Selatan,Indonesia,Asia,Sumatera,UTC+07:00,,13,4,241,387,2853,91592,8217551,89.72,104.1694647,-3.216211808,0.00,10.71,0.00,0.12,1.14%,3.41%,1.00,1.00
4/22/2020,ID-KU,Kalimantan Utara,0,0,0,0,77,1,2,74,Province,,Kalimantan Utara,Indonesia,Asia,Kalimantan,UTC+08:00,,4,1,53,35,447,75468,648407,8.59,116.2188791,2.891012621,0.00,118.75,0.00,1.54,1.30%,2.60%,0.00,1.00
4/22/2020,ID-JB,Jawa Barat,6,3,3,0,688,68,76,544,Province,,Jawa Barat,Indonesia,Asia,Jawa,UTC+07:00,,18,9,627,645,5312,35378,45161325,1276.55,107.6037083,-6.920432083,0.13,15.23,0.07,1.51,9.88%,11.05%,0.60,0.60
4/22/2020,ID-MU,Maluku Utara,8,0,0,8,12,0,2,10,Province,,Maluku Utara,Indonesia,Asia,Maluku,UTC+09:00,,8,2,116,118,1063,31983,1307803,40.89,127.5391072,0.212036949,6.12,9.18,0.00,0.00,0.00%,16.67%,,1.00
4/22/2020,ID-JI,Jawa Timur,34,0,0,34,588,57,89,442,Province,,Jawa Timur,Indonesia,Asia,Jawa,UTC+07:00,,29,9,666,777,7724,47803,40479023,846.78,112.7329414,-7.723345579,0.84,14.53,0.00,1.41,9.69%,15.14%,2.27,0.00
4/22/2020,ID-ST,Sulawesi Tengah,2,0,0,2,29,3,3,23,Province,,Sulawesi Tengah,Indonesia,Asia,Sulawesi,UTC+08:00,,12,1,175,175,1842,61841,2955567,47.79,121.2010927,-1.00413668,0.68,9.81,0.00,1.02,10.34%,10.34%,,1.00
4/22/2020,ID-PA,Papua,5,0,0,5,122,6,32,84,Province,,Papua,Indonesia,Asia,Papua,UTC+09:00,Daerah Khusus,28,1,560,110,5411,319036,4340348,13.60,138.69603,-4.66620953,1.15,28.11,0.00,1.38,4.92%,26.23%,0.45,1.00
4/22/2020,ID-JK,DKI Jakarta,111,1,8,102,2825,302,279,2244,Province,,DKI Jakarta,Indonesia,Asia,Jawa,UTC+07:00,Daerah Khusus Ibu Kota,1,5,44,267,,664,10846145,16334.31,106.8361183,-6.204698991,10.23,260.46,0.09,27.84,10.69%,9.88%,0.71,0.50
4/22/2020,ID-JA,Jambi,0,0,0,0,12,0,1,11,Province,,Jambi,Indonesia,Asia,Sumatera,UTC+07:00,,9,2,141,163,1399,50058,3493357,69.79,102.7236404,-1.69769766,0.00,3.44,0.00,0.00,0.00%,8.33%,0.00,1.00
4/22/2020,ID-LA,Lampung,0,0,1,-1,26,5,6,15,Province,,Lampung,Indonesia,Asia,Sumatera,UTC+07:00,,13,2,228,205,2435,34624,9095591,262.70,105.0214366,-4.916792975,0.00,2.86,0.00,0.55,19.23%,23.08%,0.00,1.00
4/22/2020,IDN,Indonesia,283,19,71,193,7418,635,913,5870,Country,,,Indonesia,Asia,,,,416,98,7230,8488,74953,1916907,265185520,138.34,113.921327,-0.789275,1.07,27.97,0.07,2.39,8.56%,12.31%,0.75,0.73
4/22/2020,ID-BT,Banten,1,0,11,-10,274,34,29,211,Province,,Banten,Indonesia,Asia,Jawa,UTC+07:00,,4,4,155,313,1238,9663,10722374,1109.64,106.1090043,-6.456736388,0.09,25.55,0.00,3.17,12.41%,10.58%,,1.00
4/22/2020,ID-JT,Jawa Tengah,30,1,7,22,468,43,61,364,Province,,Jawa Tengah,Indonesia,Asia,Jawa,UTC+07:00,,29,6,576,753,7809,32801,36364072,1108.64,110.2011149,-7.259097177,0.82,12.87,0.03,1.18,9.19%,13.03%,0.30,
4/22/2020,ID-KB,Kalimantan Barat,4,0,1,3,28,1,7,20,Province,,Kalimantan Barat,Indonesia,Asia,Kalimantan,UTC+07:00,,12,2,174,99,2031,147307,5422814,36.81,111.1211776,-0.086474572,0.74,5.16,0.00,0.18,3.57%,25.00%,0.67,1.00
4/22/2020,ID-BA,Bali,2,1,5,-4,143,2,39,102,Province,,Bali,Indonesia,Asia,Nusa Tenggara,UTC+08:00,,8,1,57,80,636,5780,4216171,729.43,115.1317136,-8.369471688,0.47,33.92,0.24,0.47,1.40%,27.27%,0.20,
4/22/2020,ID-PB,Papua Barat,1,0,0,1,8,0,0,8,Province,,Papua Barat,Indonesia,Asia,Papua,UTC+09:00,Daerah Khusus,12,1,218,95,1742,102955,1140701,11.08,132.9762624,-2.045160182,0.88,7.01,0.00,0.00,0.00%,0.00%,,1.00
4/23/2020,ID-GO,Gorontalo,0,0,0,0,7,1,0,6,Province,,Gorontalo,Indonesia,Asia,Sulawesi,UTC+08:00,,5,1,77,72,657,11257,1180651,104.88,122.3760581,0.687002604,0.00,5.93,0.00,0.85,14.29%,0.00%,1.00,1.00
4/23/2020,ID-RI,Riau,1,0,3,-2,35,6,13,16,Province,,Riau,Indonesia,Asia,Sumatera,UTC+07:00,,10,2,169,268,1591,87024,6074100,69.80,101.8051092,0.511647851,0.16,5.76,0.00,0.99,17.14%,37.14%,,1.00
4/23/2020,ID-KS,Kalimantan Selatan,7,1,0,6,113,8,11,94,Province,,Kalimantan Selatan,Indonesia,Asia,Kalimantan,UTC+08:00,,11,2,153,144,1864,38744,4023049,103.84,115.4385783,-2.993594979,1.74,28.09,0.25,1.99,7.08%,9.73%,0.70,
4/23/2020,ID-MA,Maluku,0,0,0,0,17,0,9,8,Province,,Maluku,Indonesia,Asia,Maluku,UTC+09:00,,9,2,118,35,1198,46914,1847097,39.37,129.576792,-3.192572,0.00,9.20,0.00,0.00,0.00%,52.94%,1.00,1.00
4/23/2020,ID-SA,Sulawesi Utara,11,0,2,9,29,3,6,20,Province,,Sulawesi Utara,Indonesia,Asia,Sulawesi,UTC+08:00,,11,4,171,332,1507,13892,2641884,190.17,124.5212396,1.259638212,4.16,10.98,0.00,1.14,10.34%,20.69%,,1.00
4/23/2020,ID-BA,Bali,15,0,8,7,158,2,47,109,Province,,Bali,Indonesia,Asia,Nusa Tenggara,UTC+08:00,,8,1,57,80,636,5780,4216171,729.43,115.1317136,-8.369471688,3.56,37.47,0.00,0.47,1.27%,29.75%,7.50,0.00
4/23/2020,ID-PB,Papua Barat,5,0,0,5,13,0,0,13,Province,,Papua Barat,Indonesia,Asia,Papua,UTC+09:00,Daerah Khusus,12,1,218,95,1742,102955,1140701,11.08,132.9762624,-2.045160182,4.38,11.40,0.00,0.00,0.00%,0.00%,5.00,1.00
4/23/2020,ID-SU,Sumatera Utara,2,1,0,1,88,11,21,56,Province,,Sumatera Utara,Indonesia,Asia,Sumatera,UTC+07:00,,25,8,450,693,5417,72981,14874889,203.82,99.05196442,2.191894453,0.13,5.92,0.07,0.74,12.50%,23.86%,0.22,
4/23/2020,ID-SR,Sulawesi Barat,0,0,0,0,8,1,1,6,Province,,Sulawesi Barat,Indonesia,Asia,Sulawesi,UTC+08:00,,6,,69,73,575,16787,1559984,92.93,119.3450194,-2.461746053,0.00,5.13,0.00,0.64,12.50%,12.50%,0.00,1.00
4/23/2020,ID-KI,Kalimantan Timur,5,0,0,5,71,1,12,58,Province,,Kalimantan Timur,Indonesia,Asia,Kalimantan,UTC+08:00,,7,3,103,197,841,129067,3552191,27.52,116.4684405,0.45385803,1.41,19.99,0.00,0.28,1.41%,16.90%,5.00,1.00
4/23/2020,ID-SN,Sulawesi Selatan,10,0,5,5,388,33,75,280,Province,,Sulawesi Selatan,Indonesia,Asia,Sulawesi,UTC+08:00,,21,3,311,792,2255,46717,9426885,201.78,120.1620559,-3.731080714,1.06,41.16,0.00,3.50,8.51%,19.33%,0.77,1.00
4/23/2020,ID-BB,Kepulauan Bangka Belitung,1,0,0,1,9,1,2,6,Province,,Kepulauan Bangka Belitung,Indonesia,Asia,Sumatera,UTC+07:00,,6,1,47,82,309,16424,1379767,84.01,106.5499324,-2.447444127,0.72,6.52,0.00,0.72,11.11%,22.22%,,1.00
4/23/2020,ID-NT,Nusa Tenggara Timur,0,0,0,0,1,0,0,1,Province,,Nusa Tenggara Timur,Indonesia,Asia,Nusa Tenggara,UTC+08:00,,21,1,309,327,3026,48718,5411321,111.07,121.592271,-8.682205,0.00,0.18,0.00,0.00,0.00%,0.00%,1.00,1.00
4/23/2020,ID-AC,Aceh,0,1,0,-1,7,1,3,3,Province,,Aceh,Indonesia,Asia,Sumatera,UTC+07:00,Daerah Khusus,18,5,289,,6497,57956,5247257,90.54,96.91052174,4.225614628,0.00,1.33,0.19,0.19,14.29%,42.86%,1.00,
4/23/2020,ID-NB,Nusa Tenggara Barat,7,0,2,5,113,4,13,96,Province,,Nusa Tenggara Barat,Indonesia,Asia,Nusa Tenggara,UTC+08:00,,8,2,117,145,995,18572,5270247,283.77,117.5086257,-8.606998866,1.33,21.44,0.00,0.76,3.54%,11.50%,0.47,1.00
4/23/2020,ID-YO,Daerah Istimewa Yogyakarta,1,0,1,0,61,7,37,17,Province,,Daerah Istimewa Yogyakarta,Indonesia,Asia,Jawa,UTC+07:00,Daerah Istimewa,4,1,78,46,392,3133,3631015,1158.90,110.4448783,-7.89450185,0.28,16.80,0.00,1.93,11.48%,60.66%,0.33,1.00
4/23/2020,ID-BE,Bengkulu,0,0,0,0,8,1,1,6,Province,,Bengkulu,Indonesia,Asia,Sumatera,UTC+07:00,,9,1,129,172,1341,19919,1999539,100.38,102.3384213,-3.533583627,0.00,4.00,0.00,0.50,12.50%,12.50%,1.00,1.00
4/23/2020,ID-SB,Sumatera Barat,5,0,3,2,86,9,16,61,Province,,Sumatera Barat,Indonesia,Asia,Sumatera,UTC+07:00,,12,7,179,230,928,42013,5519245,131.37,100.4650624,-0.850253225,0.91,15.58,0.00,1.63,10.47%,18.60%,1.00,0.00
4/23/2020,ID-SG,Sulawesi Tenggara,0,0,0,0,33,2,4,27,Province,,Sulawesi Tenggara,Indonesia,Asia,Sulawesi,UTC+08:00,,15,2,219,377,1911,38068,2635461,69.23,122.070311,-4.124688793,0.00,12.52,0.00,0.76,6.06%,12.12%,1.00,1.00
4/23/2020,ID-KR,Kepulauan Riau,2,0,0,2,78,7,9,62,Province,,Kepulauan Riau,Indonesia,Asia,Sumatera,UTC+07:00,,5,2,75,142,275,8202,1929400,235.24,108.261746,3.916346,1.04,40.43,0.00,3.63,8.97%,11.54%,,1.00
4/23/2020,ID-KT,Kalimantan Tengah,1,0,0,1,79,5,9,65,Province,,Kalimantan Tengah,Indonesia,Asia,Kalimantan,UTC+07:00,,13,1,136,139,1432,153565,2570289,16.74,113.4176536,-1.602484653,0.39,30.74,0.00,1.95,6.33%,11.39%,0.07,1.00
4/23/2020,ID-KU,Kalimantan Utara,0,0,0,0,77,1,2,74,Province,,Kalimantan Utara,Indonesia,Asia,Kalimantan,UTC+08:00,,4,1,53,35,447,75468,648407,8.59,116.2188791,2.891012621,0.00,118.75,0.00,1.54,1.30%,2.60%,1.00,1.00
4/23/2020,ID-ST,Sulawesi Tengah,0,0,0,0,29,3,3,23,Province,,Sulawesi Tengah,Indonesia,Asia,Sulawesi,UTC+08:00,,12,1,175,175,1842,61841,2955567,47.79,121.2010927,-1.00413668,0.00,9.81,0.00,1.02,10.34%,10.34%,0.00,1.00
4/23/2020,ID-KB,Kalimantan Barat,19,0,0,19,47,1,7,39,Province,,Kalimantan Barat,Indonesia,Asia,Kalimantan,UTC+07:00,,12,2,174,99,2031,147307,5422814,36.81,111.1211776,-0.086474572,3.50,8.67,0.00,0.18,2.13%,14.89%,4.75,1.00
4/23/2020,ID-SS,Sumatera Selatan,4,0,1,3,92,1,4,87,Province,,Sumatera Selatan,Indonesia,Asia,Sumatera,UTC+07:00,,13,4,241,387,2853,91592,8217551,89.72,104.1694647,-3.216211808,0.49,11.20,0.00,0.12,1.09%,4.35%,,1.00
4/23/2020,ID-JB,Jawa Barat,25,3,9,13,713,71,85,557,Province,,Jawa Barat,Indonesia,Asia,Jawa,UTC+07:00,,18,9,627,645,5312,35378,45161325,1276.55,107.6037083,-6.920432083,0.55,15.79,0.07,1.57,9.96%,11.92%,4.17,1.00
4/23/2020,ID-JI,Jawa Timur,25,2,11,12,613,59,100,454,Province,,Jawa Timur,Indonesia,Asia,Jawa,UTC+07:00,,29,9,666,777,7724,47803,40479023,846.78,112.7329414,-7.723345579,0.62,15.14,0.05,1.46,9.62%,16.31%,0.74,
4/23/2020,ID-MU,Maluku Utara,2,0,0,2,14,0,2,12,Province,,Maluku Utara,Indonesia,Asia,Maluku,UTC+09:00,,8,2,116,118,1063,31983,1307803,40.89,127.5391072,0.212036949,1.53,10.70,0.00,0.00,0.00%,14.29%,0.25,1.00
4/23/2020,ID-PA,Papua,7,0,0,7,129,6,32,91,Province,,Papua,Indonesia,Asia,Papua,UTC+09:00,Daerah Khusus,28,1,560,110,5411,319036,4340348,13.60,138.69603,-4.66620953,1.61,29.72,0.00,1.38,4.65%,24.81%,1.40,1.00
4/23/2020,ID-JA,Jambi,1,0,0,1,13,0,1,12,Province,,Jambi,Indonesia,Asia,Sumatera,UTC+07:00,,9,2,141,163,1399,50058,3493357,69.79,102.7236404,-1.69769766,0.29,3.72,0.00,0.00,0.00%,7.69%,,1.00
4/23/2020,ID-JT,Jawa Tengah,59,1,4,54,527,44,65,418,Province,,Jawa Tengah,Indonesia,Asia,Jawa,UTC+07:00,,29,6,576,753,7809,32801,36364072,1108.64,110.2011149,-7.259097177,1.62,14.49,0.03,1.21,8.35%,12.33%,1.97,1.00
4/23/2020,ID-JK,DKI Jakarta,127,0,4,123,2952,302,283,2367,Province,,DKI Jakarta,Indonesia,Asia,Jawa,UTC+07:00,Daerah Khusus Ibu Kota,1,5,44,267,,664,10846145,16334.31,106.8361183,-6.204698991,11.71,272.17,0.00,27.84,10.23%,9.59%,1.14,0.00
4/23/2020,ID-LA,Lampung,11,0,0,11,37,5,6,26,Province,,Lampung,Indonesia,Asia,Sumatera,UTC+07:00,,13,2,228,205,2435,34624,9095591,262.70,105.0214366,-4.916792975,1.21,4.07,0.00,0.55,13.51%,16.22%,,1.00
4/23/2020,ID-BT,Banten,3,0,0,3,277,34,29,214,Province,,Banten,Indonesia,Asia,Jawa,UTC+07:00,,4,4,155,313,1238,9663,10722374,1109.64,106.1090043,-6.456736388,0.28,25.83,0.00,3.17,12.27%,10.47%,3.00,1.00
4/23/2020,IDN,Indonesia,357,12,47,298,7775,647,960,6168,Country,,,Indonesia,Asia,,,,416,98,7230,8488,74953,1916907,265185520,138.34,113.921327,-0.789275,1.35,29.32,0.05,2.44,8.32%,12.35%,1.26,0.63
4/24/2020,ID-GO,Gorontalo,5,0,0,5,12,1,0,11,Province,,Gorontalo,Indonesia,Asia,Sulawesi,UTC+08:00,,5,1,77,72,657,11257,1180651,104.88,122.3760581,0.687002604,4.23,10.16,0.00,0.85,8.33%,0.00%,,1.00
4/24/2020,ID-KS,Kalimantan Selatan,18,0,0,18,131,8,11,112,Province,,Kalimantan Selatan,Indonesia,Asia,Kalimantan,UTC+08:00,,11,2,153,144,1864,38744,4023049,103.84,115.4385783,-2.993594979,4.47,32.56,0.00,1.99,6.11%,8.40%,2.57,0.00
4/24/2020,ID-BA,Bali,10,0,2,8,168,2,49,117,Province,,Bali,Indonesia,Asia,Nusa Tenggara,UTC+08:00,,8,1,57,80,636,5780,4216171,729.43,115.1317136,-8.369471688,2.37,39.85,0.00,0.47,1.19%,29.17%,0.67,1.00
4/24/2020,ID-KI,Kalimantan Timur,11,0,2,9,82,1,14,67,Province,,Kalimantan Timur,Indonesia,Asia,Kalimantan,UTC+08:00,,7,3,103,197,841,129067,3552191,27.52,116.4684405,0.45385803,3.10,23.08,0.00,0.28,1.22%,17.07%,2.20,1.00
4/24/2020,ID-SB,Sumatera Barat,10,1,1,8,96,10,17,69,Province,,Sumatera Barat,Indonesia,Asia,Sumatera,UTC+07:00,,12,7,179,230,928,42013,5519245,131.37,100.4650624,-0.850253225,1.81,17.39,0.18,1.81,10.42%,17.71%,2.00,
4/24/2020,ID-BT,Banten,23,4,4,15,300,38,33,229,Province,,Banten,Indonesia,Asia,Jawa,UTC+07:00,,4,4,155,313,1238,9663,10722374,1109.64,106.1090043,-6.456736388,2.15,27.98,0.37,3.54,12.67%,11.00%,7.67,
4/24/2020,IDN,Indonesia,436,42,42,352,8211,689,1002,6520,Country,,,Indonesia,Asia,,,,416,98,7230,8488,74953,1916907,265185520,138.34,113.921327,-0.789275,1.64,30.96,0.16,2.60,8.39%,12.20%,1.22,3.50
4/24/2020,ID-RI,Riau,0,0,1,-1,35,6,14,15,Province,,Riau,Indonesia,Asia,Sumatera,UTC+07:00,,10,2,169,268,1591,87024,6074100,69.80,101.8051092,0.511647851,0.00,5.76,0.00,0.99,17.14%,40.00%,0.00,1.00
4/24/2020,ID-MA,Maluku,0,0,1,-1,17,0,10,7,Province,,Maluku,Indonesia,Asia,Maluku,UTC+09:00,,9,2,118,35,1198,46914,1847097,39.37,129.576792,-3.192572,0.00,9.20,0.00,0.00,0.00%,58.82%,1.00,1.00
4/24/2020,ID-SA,Sulawesi Utara,5,0,0,5,34,3,6,25,Province,,Sulawesi Utara,Indonesia,Asia,Sulawesi,UTC+08:00,,11,4,171,332,1507,13892,2641884,190.17,124.5212396,1.259638212,1.89,12.87,0.00,1.14,8.82%,17.65%,0.45,1.00
4/24/2020,ID-PB,Papua Barat,2,0,0,2,15,0,0,15,Province,,Papua Barat,Indonesia,Asia,Papua,UTC+09:00,Daerah Khusus,12,1,218,95,1742,102955,1140701,11.08,132.9762624,-2.045160182,1.75,13.15,0.00,0.00,0.00%,0.00%,0.40,1.00
4/24/2020,ID-SR,Sulawesi Barat,25,0,0,25,33,1,1,31,Province,,Sulawesi Barat,Indonesia,Asia,Sulawesi,UTC+08:00,,6,,69,73,575,16787,1559984,92.93,119.3450194,-2.461746053,16.03,21.15,0.00,0.64,3.03%,3.03%,,1.00
4/24/2020,ID-SU,Sumatera Utara,1,0,0,1,89,11,21,57,Province,,Sumatera Utara,Indonesia,Asia,Sumatera,UTC+07:00,,25,8,450,693,5417,72981,14874889,203.82,99.05196442,2.191894453,0.07,5.98,0.00,0.74,12.36%,23.60%,0.50,0.00
4/24/2020,ID-SN,Sulawesi Selatan,22,0,1,21,410,33,76,301,Province,,Sulawesi Selatan,Indonesia,Asia,Sulawesi,UTC+08:00,,21,3,311,792,2255,46717,9426885,201.78,120.1620559,-3.731080714,2.33,43.49,0.00,3.50,8.05%,18.54%,2.20,1.00
4/24/2020,ID-NT,Nusa Tenggara Timur,0,0,1,-1,1,0,1,0,Province,,Nusa Tenggara Timur,Indonesia,Asia,Nusa Tenggara,UTC+08:00,,21,1,309,327,3026,48718,5411321,111.07,121.592271,-8.682205,0.00,0.18,0.00,0.00,0.00%,100.00%,1.00,1.00
4/24/2020,ID-BE,Bengkulu,0,0,0,0,8,1,1,6,Province,,Bengkulu,Indonesia,Asia,Sumatera,UTC+07:00,,9,1,129,172,1341,19919,1999539,100.38,102.3384213,-3.533583627,0.00,4.00,0.00,0.50,12.50%,12.50%,1.00,1.00
4/24/2020,ID-BB,Kepulauan Bangka Belitung,0,0,0,0,9,1,2,6,Province,,Kepulauan Bangka Belitung,Indonesia,Asia,Sumatera,UTC+07:00,,6,1,47,82,309,16424,1379767,84.01,106.5499324,-2.447444127,0.00,6.52,0.00,0.72,11.11%,22.22%,0.00,1.00
4/24/2020,ID-AC,Aceh,1,0,0,1,8,1,3,4,Province,,Aceh,Indonesia,Asia,Sumatera,UTC+07:00,Daerah Khusus,18,5,289,,6497,57956,5247257,90.54,96.91052174,4.225614628,0.19,1.52,0.00,0.19,12.50%,37.50%,,0.00
4/24/2020,ID-YO,Daerah Istimewa Yogyakarta,1,0,0,1,62,7,37,18,Province,,Daerah Istimewa Yogyakarta,Indonesia,Asia,Jawa,UTC+07:00,Daerah Istimewa,4,1,78,46,392,3133,3631015,1158.90,110.4448783,-7.89450185,0.28,17.08,0.00,1.93,11.29%,59.68%,1.00,1.00
4/24/2020,ID-NB,Nusa Tenggara Barat,38,0,2,36,151,4,15,132,Province,,Nusa Tenggara Barat,Indonesia,Asia,Nusa Tenggara,UTC+08:00,,8,2,117,145,995,18572,5270247,283.77,117.5086257,-8.606998866,7.21,28.65,0.00,0.76,2.65%,9.93%,5.43,1.00
4/24/2020,ID-SG,Sulawesi Tenggara,5,0,1,4,38,2,5,31,Province,,Sulawesi Tenggara,Indonesia,Asia,Sulawesi,UTC+08:00,,15,2,219,377,1911,38068,2635461,69.23,122.070311,-4.124688793,1.90,14.42,0.00,0.76,5.26%,13.16%,,1.00
4/24/2020,ID-KT,Kalimantan Tengah,11,0,0,11,90,5,9,76,Province,,Kalimantan Tengah,Indonesia,Asia,Kalimantan,UTC+07:00,,13,1,136,139,1432,153565,2570289,16.74,113.4176536,-1.602484653,4.28,35.02,0.00,1.95,5.56%,10.00%,11.00,1.00
4/24/2020,ID-SS,Sumatera Selatan,13,0,2,11,105,1,6,98,Province,,Sumatera Selatan,Indonesia,Asia,Sumatera,UTC+07:00,,13,4,241,387,2853,91592,8217551,89.72,104.1694647,-3.216211808,1.58,12.78,0.00,0.12,0.95%,5.71%,3.25,1.00
4/24/2020,ID-LA,Lampung,0,0,0,0,37,5,6,26,Province,,Lampung,Indonesia,Asia,Sumatera,UTC+07:00,,13,2,228,205,2435,34624,9095591,262.70,105.0214366,-4.916792975,0.00,4.07,0.00,0.55,13.51%,16.22%,0.00,1.00
4/24/2020,ID-KR,Kepulauan Riau,0,0,0,0,78,7,9,62,Province,,Kepulauan Riau,Indonesia,Asia,Sumatera,UTC+07:00,,5,2,75,142,275,8202,1929400,235.24,108.261746,3.916346,0.00,40.43,0.00,3.63,8.97%,11.54%,0.00,1.00
4/24/2020,ID-KU,Kalimantan Utara,0,0,0,0,77,1,2,74,Province,,Kalimantan Utara,Indonesia,Asia,Kalimantan,UTC+08:00,,4,1,53,35,447,75468,648407,8.59,116.2188791,2.891012621,0.00,118.75,0.00,1.54,1.30%,2.60%,1.00,1.00
4/24/2020,ID-KB,Kalimantan Barat,0,0,0,0,47,1,7,39,Province,,Kalimantan Barat,Indonesia,Asia,Kalimantan,UTC+07:00,,12,2,174,99,2031,147307,5422814,36.81,111.1211776,-0.086474572,0.00,8.67,0.00,0.18,2.13%,14.89%,0.00,1.00
4/24/2020,ID-ST,Sulawesi Tengah,3,0,0,3,32,3,3,26,Province,,Sulawesi Tengah,Indonesia,Asia,Sulawesi,UTC+08:00,,12,1,175,175,1842,61841,2955567,47.79,121.2010927,-1.00413668,1.02,10.83,0.00,1.02,9.38%,9.38%,,1.00
4/24/2020,ID-JB,Jawa Barat,72,2,3,67,785,73,88,624,Province,,Jawa Barat,Indonesia,Asia,Jawa,UTC+07:00,,18,9,627,645,5312,35378,45161325,1276.55,107.6037083,-6.920432083,1.59,17.38,0.04,1.62,9.30%,11.21%,2.88,0.67
4/24/2020,ID-MU,Maluku Utara,0,0,0,0,14,0,2,12,Province,,Maluku Utara,Indonesia,Asia,Maluku,UTC+09:00,,8,2,116,118,1063,31983,1307803,40.89,127.5391072,0.212036949,0.00,10.70,0.00,0.00,0.00%,14.29%,0.00,1.00
4/24/2020,ID-JK,DKI Jakarta,81,0,1,80,3033,302,284,2447,Province,,DKI Jakarta,Indonesia,Asia,Jawa,UTC+07:00,Daerah Khusus Ibu Kota,1,5,44,267,,664,10846145,16334.31,106.8361183,-6.204698991,7.47,279.64,0.00,27.84,9.96%,9.36%,0.64,1.00
4/24/2020,ID-JI,Jawa Timur,28,7,16,5,641,66,116,459,Province,,Jawa Timur,Indonesia,Asia,Jawa,UTC+07:00,,29,9,666,777,7724,47803,40479023,846.78,112.7329414,-7.723345579,0.69,15.84,0.17,1.63,10.30%,18.10%,1.12,3.50
4/24/2020,ID-PA,Papua,6,0,0,6,135,6,32,97,Province,,Papua,Indonesia,Asia,Papua,UTC+09:00,Daerah Khusus,28,1,560,110,5411,319036,4340348,13.60,138.69603,-4.66620953,1.38,31.10,0.00,1.38,4.44%,23.70%,0.86,1.00
4/24/2020,ID-JT,Jawa Tengah,37,3,1,33,564,47,66,451,Province,,Jawa Tengah,Indonesia,Asia,Jawa,UTC+07:00,,29,6,576,753,7809,32801,36364072,1108.64,110.2011149,-7.259097177,1.02,15.51,0.08,1.29,8.33%,11.70%,0.63,3.00
4/24/2020,ID-JA,Jambi,4,0,0,4,17,0,1,16,Province,,Jambi,Indonesia,Asia,Sumatera,UTC+07:00,,9,2,141,163,1399,50058,3493357,69.79,102.7236404,-1.69769766,1.15,4.87,0.00,0.00,0.00%,5.88%,4.00,1.00
4/25/2020,ID-GO,Gorontalo,2,0,0,2,14,1,0,13,Province,,Gorontalo,Indonesia,Asia,Sulawesi,UTC+08:00,,5,1,77,72,657,11257,1180651,104.88,122.3760581,0.687002604,1.69,11.86,0.00,0.85,7.14%,0.00%,0.40,1.00
4/25/2020,ID-BA,Bali,6,0,13,-7,174,2,62,110,Province,,Bali,Indonesia,Asia,Nusa Tenggara,UTC+08:00,,8,1,57,80,636,5780,4216171,729.43,115.1317136,-8.369471688,1.42,41.27,0.00,0.47,1.15%,35.63%,0.60,1.00
4/25/2020,ID-BT,Banten,11,0,0,11,311,38,33,240,Province,,Banten,Indonesia,Asia,Jawa,UTC+07:00,,4,4,155,313,1238,9663,10722374,1109.64,106.1090043,-6.456736388,1.03,29.00,0.00,3.54,12.22%,10.61%,0.48,0.00
4/25/2020,ID-SA,Sulawesi Utara,0,0,0,0,34,3,6,25,Province,,Sulawesi Utara,Indonesia,Asia,Sulawesi,UTC+08:00,,11,4,171,332,1507,13892,2641884,190.17,124.5212396,1.259638212,0.00,12.87,0.00,1.14,8.82%,17.65%,0.00,1.00
4/25/2020,ID-AC,Aceh,1,0,0,1,9,1,3,5,Province,,Aceh,Indonesia,Asia,Sumatera,UTC+07:00,Daerah Khusus,18,5,289,,6497,57956,5247257,90.54,96.91052174,4.225614628,0.19,1.72,0.00,0.19,11.11%,33.33%,1.00,1.00
4/25/2020,ID-JT,Jawa Tengah,46,1,8,37,610,48,74,488,Province,,Jawa Tengah,Indonesia,Asia,Jawa,UTC+07:00,,29,6,576,753,7809,32801,36364072,1108.64,110.2011149,-7.259097177,1.26,16.77,0.03,1.32,7.87%,12.13%,1.24,0.33
4/25/2020,ID-JA,Jambi,3,0,0,3,20,0,1,19,Province,,Jambi,Indonesia,Asia,Sumatera,UTC+07:00,,9,2,141,163,1399,50058,3493357,69.79,102.7236404,-1.69769766,0.86,5.73,0.00,0.00,0.00%,5.00%,0.75,1.00
4/25/2020,ID-KS,Kalimantan Selatan,14,0,4,10,145,8,15,122,Province,,Kalimantan Selatan,Indonesia,Asia,Kalimantan,UTC+08:00,,11,2,153,144,1864,38744,4023049,103.84,115.4385783,-2.993594979,3.48,36.04,0.00,1.99,5.52%,10.34%,0.78,1.00
4/25/2020,ID-KI,Kalimantan Timur,12,0,0,12,94,1,14,79,Province,,Kalimantan Timur,Indonesia,Asia,Kalimantan,UTC+08:00,,7,3,103,197,841,129067,3552191,27.52,116.4684405,0.45385803,3.38,26.46,0.00,0.28,1.06%,14.89%,1.09,1.00
4/25/2020,ID-SB,Sumatera Barat,1,1,4,-4,97,11,21,65,Province,,Sumatera Barat,Indonesia,Asia,Sumatera,UTC+07:00,,12,7,179,230,928,42013,5519245,131.37,100.4650624,-0.850253225,0.18,17.57,0.18,1.99,11.34%,21.65%,0.10,1.00
4/25/2020,IDN,Indonesia,396,31,40,325,8607,720,1042,6845,Country,,,Indonesia,Asia,,,,416,98,7230,8488,74953,1916907,265185520,138.34,113.921327,-0.789275,1.49,32.46,0.12,2.72,8.37%,12.11%,0.91,0.74
4/25/2020,ID-MA,Maluku,3,0,0,3,20,0,10,10,Province,,Maluku,Indonesia,Asia,Maluku,UTC+09:00,,9,2,118,35,1198,46914,1847097,39.37,129.576792,-3.192572,1.62,10.83,0.00,0.00,0.00%,50.00%,,1.00
4/25/2020,ID-RI,Riau,2,0,1,1,37,6,15,16,Province,,Riau,Indonesia,Asia,Sumatera,UTC+07:00,,10,2,169,268,1591,87024,6074100,69.80,101.8051092,0.511647851,0.33,6.09,0.00,0.99,16.22%,40.54%,,1.00
4/25/2020,ID-PB,Papua Barat,1,0,0,1,16,0,0,16,Province,,Papua Barat,Indonesia,Asia,Papua,UTC+09:00,Daerah Khusus,12,1,218,95,1742,102955,1140701,11.08,132.9762624,-2.045160182,0.88,14.03,0.00,0.00,0.00%,0.00%,0.50,1.00
4/25/2020,ID-SU,Sumatera Utara,9,1,0,8,98,12,21,65,Province,,Sumatera Utara,Indonesia,Asia,Sumatera,UTC+07:00,,25,8,450,693,5417,72981,14874889,203.82,99.05196442,2.191894453,0.61,6.59,0.07,0.81,12.24%,21.43%,9.00,
4/25/2020,ID-BB,Kepulauan Bangka Belitung,0,0,0,0,9,1,2,6,Province,,Kepulauan Bangka Belitung,Indonesia,Asia,Sumatera,UTC+07:00,,6,1,47,82,309,16424,1379767,84.01,106.5499324,-2.447444127,0.00,6.52,0.00,0.72,11.11%,22.22%,1.00,1.00
4/25/2020,ID-SR,Sulawesi Barat,2,0,0,2,35,1,1,33,Province,,Sulawesi Barat,Indonesia,Asia,Sulawesi,UTC+08:00,,6,,69,73,575,16787,1559984,92.93,119.3450194,-2.461746053,1.28,22.44,0.00,0.64,2.86%,2.86%,0.08,1.00
4/25/2020,ID-SN,Sulawesi Selatan,13,1,1,11,423,34,77,312,Province,,Sulawesi Selatan,Indonesia,Asia,Sulawesi,UTC+08:00,,21,3,311,792,2255,46717,9426885,201.78,120.1620559,-3.731080714,1.38,44.87,0.11,3.61,8.04%,18.20%,0.59,
4/25/2020,ID-BE,Bengkulu,0,0,0,0,8,1,1,6,Province,,Bengkulu,Indonesia,Asia,Sumatera,UTC+07:00,,9,1,129,172,1341,19919,1999539,100.38,102.3384213,-3.533583627,0.00,4.00,0.00,0.50,12.50%,12.50%,1.00,1.00
4/25/2020,ID-NT,Nusa Tenggara Timur,0,0,0,0,1,0,1,0,Province,,Nusa Tenggara Timur,Indonesia,Asia,Nusa Tenggara,UTC+08:00,,21,1,309,327,3026,48718,5411321,111.07,121.592271,-8.682205,0.00,0.18,0.00,0.00,0.00%,100.00%,1.00,1.00
4/25/2020,ID-YO,Daerah Istimewa Yogyakarta,2,0,0,2,64,7,37,20,Province,,Daerah Istimewa Yogyakarta,Indonesia,Asia,Jawa,UTC+07:00,Daerah Istimewa,4,1,78,46,392,3133,3631015,1158.90,110.4448783,-7.89450185,0.55,17.63,0.00,1.93,10.94%,57.81%,2.00,1.00
4/25/2020,ID-SG,Sulawesi Tenggara,0,0,0,0,38,2,5,31,Province,,Sulawesi Tenggara,Indonesia,Asia,Sulawesi,UTC+08:00,,15,2,219,377,1911,38068,2635461,69.23,122.070311,-4.124688793,0.00,14.42,0.00,0.76,5.26%,13.16%,0.00,1.00
4/25/2020,ID-KR,Kepulauan Riau,0,0,2,-2,78,7,11,60,Province,,Kepulauan Riau,Indonesia,Asia,Sumatera,UTC+07:00,,5,2,75,142,275,8202,1929400,235.24,108.261746,3.916346,0.00,40.43,0.00,3.63,8.97%,14.10%,1.00,1.00
4/25/2020,ID-PA,Papua,0,0,0,0,135,6,32,97,Province,,Papua,Indonesia,Asia,Papua,UTC+09:00,Daerah Khusus,28,1,560,110,5411,319036,4340348,13.60,138.69603,-4.66620953,0.00,31.10,0.00,1.38,4.44%,23.70%,0.00,1.00
4/25/2020,ID-NB,Nusa Tenggara Barat,27,0,5,22,178,4,20,154,Province,,Nusa Tenggara Barat,Indonesia,Asia,Nusa Tenggara,UTC+08:00,,8,2,117,145,995,18572,5270247,283.77,117.5086257,-8.606998866,5.12,33.77,0.00,0.76,2.25%,11.24%,0.71,1.00
4/25/2020,ID-KT,Kalimantan Tengah,6,0,0,6,96,5,9,82,Province,,Kalimantan Tengah,Indonesia,Asia,Kalimantan,UTC+07:00,,13,1,136,139,1432,153565,2570289,16.74,113.4176536,-1.602484653,2.33,37.35,0.00,1.95,5.21%,9.38%,0.55,1.00
4/25/2020,ID-LA,Lampung,0,0,1,-1,37,5,7,25,Province,,Lampung,Indonesia,Asia,Sumatera,UTC+07:00,,13,2,228,205,2435,34624,9095591,262.70,105.0214366,-4.916792975,0.00,4.07,0.00,0.55,13.51%,18.92%,1.00,1.00
4/25/2020,ID-SS,Sumatera Selatan,13,0,10,3,118,1,16,101,Province,,Sumatera Selatan,Indonesia,Asia,Sumatera,UTC+07:00,,13,4,241,387,2853,91592,8217551,89.72,104.1694647,-3.216211808,1.58,14.36,0.00,0.12,0.85%,13.56%,1.00,1.00
4/25/2020,ID-KU,Kalimantan Utara,6,0,0,6,83,1,2,80,Province,,Kalimantan Utara,Indonesia,Asia,Kalimantan,UTC+08:00,,4,1,53,35,447,75468,648407,8.59,116.2188791,2.891012621,9.25,128.01,0.00,1.54,1.20%,2.41%,,1.00
4/25/2020,ID-ST,Sulawesi Tengah,4,0,0,4,36,3,3,30,Province,,Sulawesi Tengah,Indonesia,Asia,Sulawesi,UTC+08:00,,12,1,175,175,1842,61841,2955567,47.79,121.2010927,-1.00413668,1.35,12.18,0.00,1.02,8.33%,8.33%,1.33,1.00
4/25/2020,ID-JI,Jawa Timur,77,8,5,64,718,74,121,523,Province,,Jawa Timur,Indonesia,Asia,Jawa,UTC+07:00,,29,9,666,777,7724,47803,40479023,846.78,112.7329414,-7.723345579,1.90,17.74,0.20,1.83,10.31%,16.85%,2.75,1.14
4/25/2020,ID-KB,Kalimantan Barat,1,0,0,1,48,1,7,40,Province,,Kalimantan Barat,Indonesia,Asia,Kalimantan,UTC+07:00,,12,2,174,99,2031,147307,5422814,36.81,111.1211776,-0.086474572,0.18,8.85,0.00,0.18,2.08%,14.58%,,1.00
4/25/2020,ID-JB,Jawa Barat,44,0,3,41,829,73,91,665,Province,,Jawa Barat,Indonesia,Asia,Jawa,UTC+07:00,,18,9,627,645,5312,35378,45161325,1276.55,107.6037083,-6.920432083,0.97,18.36,0.00,1.62,8.81%,10.98%,0.61,0.00
4/25/2020,ID-JK,DKI Jakarta,83,19,7,57,3116,321,291,2504,Province,,DKI Jakarta,Indonesia,Asia,Jawa,UTC+07:00,Daerah Khusus Ibu Kota,1,5,44,267,,664,10846145,16334.31,106.8361183,-6.204698991,7.65,287.29,1.75,29.60,10.30%,9.34%,1.02,
4/25/2020,ID-MU,Maluku Utara,0,0,1,-1,14,0,3,11,Province,,Maluku Utara,Indonesia,Asia,Maluku,UTC+09:00,,8,2,116,118,1063,31983,1307803,40.89,127.5391072,0.212036949,0.00,10.70,0.00,0.00,0.00%,21.43%,1.00,1.00
4/26/2020,ID-GO,Gorontalo,0,0,0,0,14,1,0,13,Province,,Gorontalo,Indonesia,Asia,Sulawesi,UTC+08:00,,5,1,77,72,657,11257,1180651,104.88,122.3760581,0.687002604,0.00,11.86,0.00,0.85,7.14%,0.00%,0.00,1.00
4/26/2020,ID-BT,Banten,0,0,0,0,311,38,33,240,Province,,Banten,Indonesia,Asia,Jawa,UTC+07:00,,4,4,155,313,1238,9663,10722374,1109.64,106.1090043,-6.456736388,0.00,29.00,0.00,3.54,12.22%,10.61%,0.00,1.00
4/26/2020,ID-JT,Jawa Tengah,28,0,0,28,638,48,74,516,Province,,Jawa Tengah,Indonesia,Asia,Jawa,UTC+07:00,,29,6,576,753,7809,32801,36364072,1108.64,110.2011149,-7.259097177,0.77,17.54,0.00,1.32,7.52%,11.60%,0.61,0.00
4/26/2020,ID-SB,Sumatera Barat,5,0,0,5,102,11,21,70,Province,,Sumatera Barat,Indonesia,Asia,Sumatera,UTC+07:00,,12,7,179,230,928,42013,5519245,131.37,100.4650624,-0.850253225,0.91,18.48,0.00,1.99,10.78%,20.59%,5.00,0.00
4/26/2020,ID-SN,Sulawesi Selatan,8,1,18,-11,431,35,95,301,Province,,Sulawesi Selatan,Indonesia,Asia,Sulawesi,UTC+08:00,,21,3,311,792,2255,46717,9426885,201.78,120.1620559,-3.731080714,0.85,45.72,0.11,3.71,8.12%,22.04%,0.62,1.00
4/26/2020,ID-JK,DKI Jakarta,106,7,1,98,3222,328,292,2602,Province,,DKI Jakarta,Indonesia,Asia,Jawa,UTC+07:00,Daerah Khusus Ibu Kota,1,5,44,267,,664,10846145,16334.31,106.8361183,-6.204698991,9.77,297.06,0.65,30.24,10.18%,9.06%,1.28,0.37
4/26/2020,ID-MU,Maluku Utara,12,0,0,12,26,0,3,23,Province,,Maluku Utara,Indonesia,Asia,Maluku,UTC+09:00,,8,2,116,118,1063,31983,1307803,40.89,127.5391072,0.212036949,9.18,19.88,0.00,0.00,0.00%,11.54%,,1.00
4/26/2020,ID-BA,Bali,3,0,5,-2,177,2,67,108,Province,,Bali,Indonesia,Asia,Nusa Tenggara,UTC+08:00,,8,1,57,80,636,5780,4216171,729.43,115.1317136,-8.369471688,0.71,41.98,0.00,0.47,1.13%,37.85%,0.50,1.00
4/26/2020,ID-SA,Sulawesi Utara,4,0,6,-2,38,3,12,23,Province,,Sulawesi Utara,Indonesia,Asia,Sulawesi,UTC+08:00,,11,4,171,332,1507,13892,2641884,190.17,124.5212396,1.259638212,1.51,14.38,0.00,1.14,7.89%,31.58%,,1.00
4/26/2020,ID-AC,Aceh,0,0,0,0,9,1,3,5,Province,,Aceh,Indonesia,Asia,Sumatera,UTC+07:00,Daerah Khusus,18,5,289,,6497,57956,5247257,90.54,96.91052174,4.225614628,0.00,1.72,0.00,0.19,11.11%,33.33%,0.00,1.00
4/26/2020,ID-JA,Jambi,11,0,0,11,31,0,1,30,Province,,Jambi,Indonesia,Asia,Sumatera,UTC+07:00,,9,2,141,163,1399,50058,3493357,69.79,102.7236404,-1.69769766,3.15,8.87,0.00,0.00,0.00%,3.23%,3.67,1.00
4/26/2020,ID-KI,Kalimantan Timur,8,0,0,8,102,1,14,87,Province,,Kalimantan Timur,Indonesia,Asia,Kalimantan,UTC+08:00,,7,3,103,197,841,129067,3552191,27.52,116.4684405,0.45385803,2.25,28.71,0.00,0.28,0.98%,13.73%,0.67,1.00
4/26/2020,ID-KS,Kalimantan Selatan,0,0,1,-1,145,8,16,121,Province,,Kalimantan Selatan,Indonesia,Asia,Kalimantan,UTC+08:00,,11,2,153,144,1864,38744,4023049,103.84,115.4385783,-2.993594979,0.00,36.04,0.00,1.99,5.52%,11.03%,0.00,1.00
4/26/2020,IDN,Indonesia,275,23,65,187,8882,743,1107,7032,Country,,,Indonesia,Asia,,,,416,98,7230,8488,74953,1916907,265185520,138.34,113.921327,-0.789275,1.04,33.49,0.09,2.80,8.37%,12.46%,0.69,0.74
4/26/2020,ID-RI,Riau,1,0,0,1,38,6,15,17,Province,,Riau,Indonesia,Asia,Sumatera,UTC+07:00,,10,2,169,268,1591,87024,6074100,69.80,101.8051092,0.511647851,0.16,6.26,0.00,0.99,15.79%,39.47%,0.50,1.00
4/26/2020,ID-SR,Sulawesi Barat,0,0,0,0,35,1,1,33,Province,,Sulawesi Barat,Indonesia,Asia,Sulawesi,UTC+08:00,,6,,69,73,575,16787,1559984,92.93,119.3450194,-2.461746053,0.00,22.44,0.00,0.64,2.86%,2.86%,0.00,1.00
4/26/2020,ID-MA,Maluku,0,0,0,0,20,0,10,10,Province,,Maluku,Indonesia,Asia,Maluku,UTC+09:00,,9,2,118,35,1198,46914,1847097,39.37,129.576792,-3.192572,0.00,10.83,0.00,0.00,0.00%,50.00%,0.00,1.00
4/26/2020,ID-PB,Papua Barat,0,0,0,0,16,0,0,16,Province,,Papua Barat,Indonesia,Asia,Papua,UTC+09:00,Daerah Khusus,12,1,218,95,1742,102955,1140701,11.08,132.9762624,-2.045160182,0.00,14.03,0.00,0.00,0.00%,0.00%,0.00,1.00
4/26/2020,ID-BB,Kepulauan Bangka Belitung,1,0,0,1,10,1,2,7,Province,,Kepulauan Bangka Belitung,Indonesia,Asia,Sumatera,UTC+07:00,,6,1,47,82,309,16424,1379767,84.01,106.5499324,-2.447444127,0.72,7.25,0.00,0.72,10.00%,20.00%,,1.00
4/26/2020,ID-SU,Sumatera Utara,6,0,7,-1,104,12,28,64,Province,,Sumatera Utara,Indonesia,Asia,Sumatera,UTC+07:00,,25,8,450,693,5417,72981,14874889,203.82,99.05196442,2.191894453,0.40,6.99,0.00,0.81,11.54%,26.92%,0.67,0.00
4/26/2020,ID-BE,Bengkulu,0,0,0,0,8,1,1,6,Province,,Bengkulu,Indonesia,Asia,Sumatera,UTC+07:00,,9,1,129,172,1341,19919,1999539,100.38,102.3384213,-3.533583627,0.00,4.00,0.00,0.50,12.50%,12.50%,1.00,1.00
4/26/2020,ID-YO,Daerah Istimewa Yogyakarta,3,0,0,3,67,7,37,23,Province,,Daerah Istimewa Yogyakarta,Indonesia,Asia,Jawa,UTC+07:00,Daerah Istimewa,4,1,78,46,392,3133,3631015,1158.90,110.4448783,-7.89450185,0.83,18.45,0.00,1.93,10.45%,55.22%,1.50,1.00
4/26/2020,ID-NB,Nusa Tenggara Barat,15,0,0,15,193,4,20,169,Province,,Nusa Tenggara Barat,Indonesia,Asia,Nusa Tenggara,UTC+08:00,,8,2,117,145,995,18572,5270247,283.77,117.5086257,-8.606998866,2.85,36.62,0.00,0.76,2.07%,10.36%,0.56,1.00
4/26/2020,ID-JB,Jawa Barat,11,0,0,11,840,73,91,676,Province,,Jawa Barat,Indonesia,Asia,Jawa,UTC+07:00,,18,9,627,645,5312,35378,45161325,1276.55,107.6037083,-6.920432083,0.24,18.60,0.00,1.62,8.69%,10.83%,0.25,1.00
4/26/2020,ID-NT,Nusa Tenggara Timur,0,0,0,0,1,0,1,0,Province,,Nusa Tenggara Timur,Indonesia,Asia,Nusa Tenggara,UTC+08:00,,21,1,309,327,3026,48718,5411321,111.07,121.592271,-8.682205,0.00,0.18,0.00,0.00,0.00%,100.00%,1.00,1.00
4/26/2020,ID-SG,Sulawesi Tenggara,4,0,1,3,42,2,6,34,Province,,Sulawesi Tenggara,Indonesia,Asia,Sulawesi,UTC+08:00,,15,2,219,377,1911,38068,2635461,69.23,122.070311,-4.124688793,1.52,15.94,0.00,0.76,4.76%,14.29%,,1.00
4/26/2020,ID-PA,Papua,5,0,0,5,140,6,32,102,Province,,Papua,Indonesia,Asia,Papua,UTC+09:00,Daerah Khusus,28,1,560,110,5411,319036,4340348,13.60,138.69603,-4.66620953,1.15,32.26,0.00,1.38,4.29%,22.86%,,1.00
4/26/2020,ID-KR,Kepulauan Riau,2,0,0,2,80,7,11,62,Province,,Kepulauan Riau,Indonesia,Asia,Sumatera,UTC+07:00,,5,2,75,142,275,8202,1929400,235.24,108.261746,3.916346,1.04,41.46,0.00,3.63,8.75%,13.75%,,1.00
4/26/2020,ID-KT,Kalimantan Tengah,4,0,1,3,100,5,10,85,Province,,Kalimantan Tengah,Indonesia,Asia,Kalimantan,UTC+07:00,,13,1,136,139,1432,153565,2570289,16.74,113.4176536,-1.602484653,1.56,38.91,0.00,1.95,5.00%,10.00%,0.67,1.00
4/26/2020,ID-SS,Sumatera Selatan,10,0,0,10,128,1,16,111,Province,,Sumatera Selatan,Indonesia,Asia,Sumatera,UTC+07:00,,13,4,241,387,2853,91592,8217551,89.72,104.1694647,-3.216211808,1.22,15.58,0.00,0.12,0.78%,12.50%,0.77,1.00
4/26/2020,ID-KB,Kalimantan Barat,0,0,0,0,48,1,7,40,Province,,Kalimantan Barat,Indonesia,Asia,Kalimantan,UTC+07:00,,12,2,174,99,2031,147307,5422814,36.81,111.1211776,-0.086474572,0.00,8.85,0.00,0.18,2.08%,14.58%,0.00,1.00
4/26/2020,ID-LA,Lampung,4,0,0,4,41,5,7,29,Province,,Lampung,Indonesia,Asia,Sumatera,UTC+07:00,,13,2,228,205,2435,34624,9095591,262.70,105.0214366,-4.916792975,0.44,4.51,0.00,0.55,12.20%,17.07%,,1.00
4/26/2020,ID-KU,Kalimantan Utara,6,0,0,6,89,1,2,86,Province,,Kalimantan Utara,Indonesia,Asia,Kalimantan,UTC+08:00,,4,1,53,35,447,75468,648407,8.59,116.2188791,2.891012621,9.25,137.26,0.00,1.54,1.12%,2.25%,1.00,1.00
4/26/2020,ID-JI,Jawa Timur,17,12,5,0,735,86,126,523,Province,,Jawa Timur,Indonesia,Asia,Jawa,UTC+07:00,,29,9,666,777,7724,47803,40479023,846.78,112.7329414,-7.723345579,0.42,18.16,0.30,2.12,11.70%,17.14%,0.22,1.50
4/26/2020,ID-ST,Sulawesi Tengah,0,0,1,-1,36,3,4,29,Province,,Sulawesi Tengah,Indonesia,Asia,Sulawesi,UTC+08:00,,12,1,175,175,1842,61841,2955567,47.79,121.2010927,-1.00413668,0.00,12.18,0.00,1.02,8.33%,11.11%,0.00,1.00
4/27/2020,ID-GO,Gorontalo,0,0,0,0,14,1,0,13,Province,,Gorontalo,Indonesia,Asia,Sulawesi,UTC+08:00,,5,1,77,72,657,11257,1180651,104.88,122.3760581,0.687002604,0.00,11.86,0.00,0.85,7.14%,0.00%,1.00,1.00
4/27/2020,ID-JT,Jawa Tengah,17,1,10,6,655,49,84,522,Province,,Jawa Tengah,Indonesia,Asia,Jawa,UTC+07:00,,29,6,576,753,7809,32801,36364072,1108.64,110.2011149,-7.259097177,0.47,18.01,0.03,1.35,7.48%,12.82%,0.61,
4/27/2020,ID-JK,DKI Jakarta,69,14,1,54,3291,342,293,2656,Province,,DKI Jakarta,Indonesia,Asia,Jawa,UTC+07:00,Daerah Khusus Ibu Kota,1,5,44,267,,664,10846145,16334.31,106.8361183,-6.204698991,6.36,303.43,1.29,31.53,10.39%,8.90%,0.65,2.00
4/27/2020,ID-AC,Aceh,0,0,1,-1,9,1,4,4,Province,,Aceh,Indonesia,Asia,Sumatera,UTC+07:00,Daerah Khusus,18,5,289,,6497,57956,5247257,90.54,96.91052174,4.225614628,0.00,1.72,0.00,0.19,11.11%,44.44%,1.00,1.00
4/27/2020,ID-PB,Papua Barat,0,0,0,0,16,0,0,16,Province,,Papua Barat,Indonesia,Asia,Papua,UTC+09:00,Daerah Khusus,12,1,218,95,1742,102955,1140701,11.08,132.9762624,-2.045160182,0.00,14.03,0.00,0.00,0.00%,0.00%,1.00,1.00
4/27/2020,ID-JI,Jawa Timur,11,1,2,8,746,87,128,531,Province,,Jawa Timur,Indonesia,Asia,Jawa,UTC+07:00,,29,9,666,777,7724,47803,40479023,846.78,112.7329414,-7.723345579,0.27,18.43,0.02,2.15,11.66%,17.16%,0.65,0.08
4/27/2020,ID-ST,Sulawesi Tengah,0,0,0,0,36,3,4,29,Province,,Sulawesi Tengah,Indonesia,Asia,Sulawesi,UTC+08:00,,12,1,175,175,1842,61841,2955567,47.79,121.2010927,-1.00413668,0.00,12.18,0.00,1.02,8.33%,11.11%,1.00,1.00
4/27/2020,ID-BT,Banten,12,1,0,11,323,39,33,251,Province,,Banten,Indonesia,Asia,Jawa,UTC+07:00,,4,4,155,313,1238,9663,10722374,1109.64,106.1090043,-6.456736388,1.12,30.12,0.09,3.64,12.07%,10.22%,,
4/27/2020,ID-SB,Sumatera Barat,19,3,4,12,121,14,25,82,Province,,Sumatera Barat,Indonesia,Asia,Sumatera,UTC+07:00,,12,7,179,230,928,42013,5519245,131.37,100.4650624,-0.850253225,3.44,21.92,0.54,2.54,11.57%,20.66%,3.80,
4/27/2020,ID-SN,Sulawesi Selatan,0,0,7,-7,431,35,102,294,Province,,Sulawesi Selatan,Indonesia,Asia,Sulawesi,UTC+08:00,,21,3,311,792,2255,46717,9426885,201.78,120.1620559,-3.731080714,0.00,45.72,0.00,3.71,8.12%,23.67%,0.00,0.00
4/27/2020,ID-MU,Maluku Utara,0,0,0,0,26,0,3,23,Province,,Maluku Utara,Indonesia,Asia,Maluku,UTC+09:00,,8,2,116,118,1063,31983,1307803,40.89,127.5391072,0.212036949,0.00,19.88,0.00,0.00,0.00%,11.54%,0.00,1.00
4/27/2020,ID-SA,Sulawesi Utara,0,0,0,0,38,3,12,23,Province,,Sulawesi Utara,Indonesia,Asia,Sulawesi,UTC+08:00,,11,4,171,332,1507,13892,2641884,190.17,124.5212396,1.259638212,0.00,14.38,0.00,1.14,7.89%,31.58%,0.00,1.00
4/27/2020,ID-BA,Bali,7,0,6,1,184,2,73,109,Province,,Bali,Indonesia,Asia,Nusa Tenggara,UTC+08:00,,8,1,57,80,636,5780,4216171,729.43,115.1317136,-8.369471688,1.66,43.64,0.00,0.47,1.09%,39.67%,2.33,1.00
4/27/2020,ID-JA,Jambi,0,0,0,0,31,0,1,30,Province,,Jambi,Indonesia,Asia,Sumatera,UTC+07:00,,9,2,141,163,1399,50058,3493357,69.79,102.7236404,-1.69769766,0.00,8.87,0.00,0.00,0.00%,3.23%,0.00,1.00
4/27/2020,ID-KS,Kalimantan Selatan,4,0,0,4,149,8,16,125,Province,,Kalimantan Selatan,Indonesia,Asia,Kalimantan,UTC+08:00,,11,2,153,144,1864,38744,4023049,103.84,115.4385783,-2.993594979,0.99,37.04,0.00,1.99,5.37%,10.74%,,1.00
4/27/2020,ID-MA,Maluku,0,0,0,0,20,0,10,10,Province,,Maluku,Indonesia,Asia,Maluku,UTC+09:00,,9,2,118,35,1198,46914,1847097,39.37,129.576792,-3.192572,0.00,10.83,0.00,0.00,0.00%,50.00%,1.00,1.00
4/27/2020,ID-KI,Kalimantan Timur,2,0,1,1,104,1,15,88,Province,,Kalimantan Timur,Indonesia,Asia,Kalimantan,UTC+08:00,,7,3,103,197,841,129067,3552191,27.52,116.4684405,0.45385803,0.56,29.28,0.00,0.28,0.96%,14.42%,0.25,1.00
4/27/2020,IDN,Indonesia,214,22,44,148,9096,765,1151,7180,Country,,,Indonesia,Asia,,,,416,98,7230,8488,74953,1916907,265185520,138.34,113.921327,-0.789275,0.81,34.30,0.08,2.88,8.41%,12.65%,0.78,0.96
4/27/2020,ID-SR,Sulawesi Barat,0,0,0,0,35,1,1,33,Province,,Sulawesi Barat,Indonesia,Asia,Sulawesi,UTC+08:00,,6,,69,73,575,16787,1559984,92.93,119.3450194,-2.461746053,0.00,22.44,0.00,0.64,2.86%,2.86%,1.00,1.00
4/27/2020,ID-RI,Riau,0,0,1,-1,38,6,16,16,Province,,Riau,Indonesia,Asia,Sumatera,UTC+07:00,,10,2,169,268,1591,87024,6074100,69.80,101.8051092,0.511647851,0.00,6.26,0.00,0.99,15.79%,42.11%,0.00,1.00
4/27/2020,ID-BB,Kepulauan Bangka Belitung,0,0,0,0,10,1,2,7,Province,,Kepulauan Bangka Belitung,Indonesia,Asia,Sumatera,UTC+07:00,,6,1,47,82,309,16424,1379767,84.01,106.5499324,-2.447444127,0.00,7.25,0.00,0.72,10.00%,20.00%,0.00,1.00
4/27/2020,ID-BE,Bengkulu,0,0,0,0,8,1,1,6,Province,,Bengkulu,Indonesia,Asia,Sumatera,UTC+07:00,,9,1,129,172,1341,19919,1999539,100.38,102.3384213,-3.533583627,0.00,4.00,0.00,0.50,12.50%,12.50%,1.00,1.00
4/27/2020,ID-NT,Nusa Tenggara Timur,0,0,0,0,1,0,1,0,Province,,Nusa Tenggara Timur,Indonesia,Asia,Nusa Tenggara,UTC+08:00,,21,1,309,327,3026,48718,5411321,111.07,121.592271,-8.682205,0.00,0.18,0.00,0.00,0.00%,100.00%,1.00,1.00
4/27/2020,ID-KU,Kalimantan Utara,1,0,0,1,90,1,2,87,Province,,Kalimantan Utara,Indonesia,Asia,Kalimantan,UTC+08:00,,4,1,53,35,447,75468,648407,8.59,116.2188791,2.891012621,1.54,138.80,0.00,1.54,1.11%,2.22%,0.17,1.00
4/27/2020,ID-SU,Sumatera Utara,0,0,7,-7,104,12,35,57,Province,,Sumatera Utara,Indonesia,Asia,Sumatera,UTC+07:00,,25,8,450,693,5417,72981,14874889,203.82,99.05196442,2.191894453,0.00,6.99,0.00,0.81,11.54%,33.65%,0.00,1.00
4/27/2020,ID-YO,Daerah Istimewa Yogyakarta,1,0,2,-1,68,7,39,22,Province,,Daerah Istimewa Yogyakarta,Indonesia,Asia,Jawa,UTC+07:00,Daerah Istimewa,4,1,78,46,392,3133,3631015,1158.90,110.4448783,-7.89450185,0.28,18.73,0.00,1.93,10.29%,57.35%,0.33,1.00
4/27/2020,ID-JB,Jawa Barat,37,1,3,33,877,74,94,709,Province,,Jawa Barat,Indonesia,Asia,Jawa,UTC+07:00,,18,9,627,645,5312,35378,45161325,1276.55,107.6037083,-6.920432083,0.82,19.42,0.02,1.64,8.44%,10.72%,3.36,
4/27/2020,ID-NB,Nusa Tenggara Barat,11,0,2,9,204,4,22,178,Province,,Nusa Tenggara Barat,Indonesia,Asia,Nusa Tenggara,UTC+08:00,,8,2,117,145,995,18572,5270247,283.77,117.5086257,-8.606998866,2.09,38.71,0.00,0.76,1.96%,10.78%,0.73,1.00
4/27/2020,ID-SG,Sulawesi Tenggara,0,0,0,0,42,2,6,34,Province,,Sulawesi Tenggara,Indonesia,Asia,Sulawesi,UTC+08:00,,15,2,219,377,1911,38068,2635461,69.23,122.070311,-4.124688793,0.00,15.94,0.00,0.76,4.76%,14.29%,0.00,1.00
4/27/2020,ID-KR,Kepulauan Riau,1,0,0,1,81,7,11,63,Province,,Kepulauan Riau,Indonesia,Asia,Sumatera,UTC+07:00,,5,2,75,142,275,8202,1929400,235.24,108.261746,3.916346,0.52,41.98,0.00,3.63,8.64%,13.58%,0.50,1.00
4/27/2020,ID-LA,Lampung,0,0,1,-1,41,5,8,28,Province,,Lampung,Indonesia,Asia,Sumatera,UTC+07:00,,13,2,228,205,2435,34624,9095591,262.70,105.0214366,-4.916792975,0.00,4.51,0.00,0.55,12.20%,19.51%,0.00,1.00
4/27/2020,ID-PA,Papua,10,0,0,10,150,6,32,112,Province,,Papua,Indonesia,Asia,Papua,UTC+09:00,Daerah Khusus,28,1,560,110,5411,319036,4340348,13.60,138.69603,-4.66620953,2.30,34.56,0.00,1.38,4.00%,21.33%,2.00,1.00
4/27/2020,ID-KT,Kalimantan Tengah,8,0,0,8,108,5,10,93,Province,,Kalimantan Tengah,Indonesia,Asia,Kalimantan,UTC+07:00,,13,1,136,139,1432,153565,2570289,16.74,113.4176536,-1.602484653,3.11,42.02,0.00,1.95,4.63%,9.26%,2.00,1.00
4/27/2020,ID-KB,Kalimantan Barat,0,0,0,0,48,1,7,40,Province,,Kalimantan Barat,Indonesia,Asia,Kalimantan,UTC+07:00,,12,2,174,99,2031,147307,5422814,36.81,111.1211776,-0.086474572,0.00,8.85,0.00,0.18,2.08%,14.58%,1.00,1.00
4/27/2020,ID-SS,Sumatera Selatan,0,0,4,-4,128,1,20,107,Province,,Sumatera Selatan,Indonesia,Asia,Sumatera,UTC+07:00,,13,4,241,387,2853,91592,8217551,89.72,104.1694647,-3.216211808,0.00,15.58,0.00,0.12,0.78%,15.63%,0.00,1.00
4/28/2020,ID-GO,Gorontalo,1,0,2,-1,15,1,2,12,Province,,Gorontalo,Indonesia,Asia,Sulawesi,UTC+08:00,,5,1,77,72,657,11257,1180651,104.88,122.3760581,0.687002604,0.85,12.70,0.00,0.85,6.67%,13.33%,,1.00
4/28/2020,ID-JK,DKI Jakarta,126,3,23,100,3417,345,316,2756,Province,,DKI Jakarta,Indonesia,Asia,Jawa,UTC+07:00,Daerah Khusus Ibu Kota,1,5,44,267,,664,10846145,16334.31,106.8361183,-6.204698991,11.62,315.04,0.28,31.81,10.10%,9.25%,1.83,0.21
4/28/2020,ID-JI,Jawa Timur,61,2,4,55,807,89,132,586,Province,,Jawa Timur,Indonesia,Asia,Jawa,UTC+07:00,,29,9,666,777,7724,47803,40479023,846.78,112.7329414,-7.723345579,1.51,19.94,0.05,2.20,11.03%,16.36%,5.55,2.00
4/28/2020,ID-SN,Sulawesi Selatan,13,0,2,11,444,35,104,305,Province,,Sulawesi Selatan,Indonesia,Asia,Sulawesi,UTC+08:00,,21,3,311,792,2255,46717,9426885,201.78,120.1620559,-3.731080714,1.38,47.10,0.00,3.71,7.88%,23.42%,,1.00
4/28/2020,IDN,Indonesia,415,8,103,304,9511,773,1254,7484,Country,,,Indonesia,Asia,,,,416,98,7230,8488,74953,1916907,265185520,138.34,113.921327,-0.789275,1.56,35.87,0.03,2.91,8.13%,13.18%,1.94,0.36
4/28/2020,ID-KB,Kalimantan Barat,0,0,0,0,48,1,7,40,Province,,Kalimantan Barat,Indonesia,Asia,Kalimantan,UTC+07:00,,12,2,174,99,2031,147307,5422814,36.81,111.1211776,-0.086474572,0.00,8.85,0.00,0.18,2.08%,14.58%,1.00,1.00
4/28/2020,ID-SS,Sumatera Selatan,14,0,3,11,142,1,23,118,Province,,Sumatera Selatan,Indonesia,Asia,Sumatera,UTC+07:00,,13,4,241,387,2853,91592,8217551,89.72,104.1694647,-3.216211808,1.70,17.28,0.00,0.12,0.70%,16.20%,,1.00
4/28/2020,ID-JT,Jawa Tengah,16,0,13,3,671,49,97,525,Province,,Jawa Tengah,Indonesia,Asia,Jawa,UTC+07:00,,29,6,576,753,7809,32801,36364072,1108.64,110.2011149,-7.259097177,0.44,18.45,0.00,1.35,7.30%,14.46%,0.94,0.00
4/28/2020,ID-AC,Aceh,0,0,1,-1,9,1,5,3,Province,,Aceh,Indonesia,Asia,Sumatera,UTC+07:00,Daerah Khusus,18,5,289,,6497,57956,5247257,90.54,96.91052174,4.225614628,0.00,1.72,0.00,0.19,11.11%,55.56%,1.00,1.00
4/28/2020,ID-PB,Papua Barat,21,0,0,21,37,0,0,37,Province,,Papua Barat,Indonesia,Asia,Papua,UTC+09:00,Daerah Khusus,12,1,218,95,1742,102955,1140701,11.08,132.9762624,-2.045160182,18.41,32.44,0.00,0.00,0.00%,0.00%,,1.00
4/28/2020,ID-ST,Sulawesi Tengah,6,0,4,2,42,3,8,31,Province,,Sulawesi Tengah,Indonesia,Asia,Sulawesi,UTC+08:00,,12,1,175,175,1842,61841,2955567,47.79,121.2010927,-1.00413668,2.03,14.21,0.00,1.02,7.14%,19.05%,,1.00
4/28/2020,ID-SB,Sumatera Barat,23,0,0,23,144,14,25,105,Province,,Sumatera Barat,Indonesia,Asia,Sumatera,UTC+07:00,,12,7,179,230,928,42013,5519245,131.37,100.4650624,-0.850253225,4.17,26.09,0.00,2.54,9.72%,17.36%,1.21,0.00
4/28/2020,ID-BT,Banten,6,1,0,5,329,40,33,256,Province,,Banten,Indonesia,Asia,Jawa,UTC+07:00,,4,4,155,313,1238,9663,10722374,1109.64,106.1090043,-6.456736388,0.56,30.68,0.09,3.73,12.16%,10.03%,0.50,1.00
4/28/2020,ID-MU,Maluku Utara,0,0,1,-1,26,0,4,22,Province,,Maluku Utara,Indonesia,Asia,Maluku,UTC+09:00,,8,2,116,118,1063,31983,1307803,40.89,127.5391072,0.212036949,0.00,19.88,0.00,0.00,0.00%,15.38%,1.00,1.00
4/28/2020,ID-BA,Bali,22,0,7,15,206,2,80,124,Province,,Bali,Indonesia,Asia,Nusa Tenggara,UTC+08:00,,8,1,57,80,636,5780,4216171,729.43,115.1317136,-8.369471688,5.22,48.86,0.00,0.47,0.97%,38.83%,3.14,1.00
4/28/2020,ID-KI,Kalimantan Timur,8,0,0,8,112,1,15,96,Province,,Kalimantan Timur,Indonesia,Asia,Kalimantan,UTC+08:00,,7,3,103,197,841,129067,3552191,27.52,116.4684405,0.45385803,2.25,31.53,0.00,0.28,0.89%,13.39%,4.00,1.00
4/28/2020,ID-SA,Sulawesi Utara,3,0,0,3,41,3,12,26,Province,,Sulawesi Utara,Indonesia,Asia,Sulawesi,UTC+08:00,,11,4,171,332,1507,13892,2641884,190.17,124.5212396,1.259638212,1.14,15.52,0.00,1.14,7.32%,29.27%,,1.00
4/28/2020,ID-JA,Jambi,0,0,0,0,31,0,1,30,Province,,Jambi,Indonesia,Asia,Sumatera,UTC+07:00,,9,2,141,163,1399,50058,3493357,69.79,102.7236404,-1.69769766,0.00,8.87,0.00,0.00,0.00%,3.23%,1.00,1.00
4/28/2020,ID-MA,Maluku,2,0,1,1,22,0,11,11,Province,,Maluku,Indonesia,Asia,Maluku,UTC+09:00,,9,2,118,35,1198,46914,1847097,39.37,129.576792,-3.192572,1.08,11.91,0.00,0.00,0.00%,50.00%,,1.00
4/28/2020,ID-KS,Kalimantan Selatan,0,1,4,-5,149,9,20,120,Province,,Kalimantan Selatan,Indonesia,Asia,Kalimantan,UTC+08:00,,11,2,153,144,1864,38744,4023049,103.84,115.4385783,-2.993594979,0.00,37.04,0.25,2.24,6.04%,13.42%,0.00,
4/28/2020,ID-SR,Sulawesi Barat,2,0,2,0,37,1,3,33,Province,,Sulawesi Barat,Indonesia,Asia,Sulawesi,UTC+08:00,,6,,69,73,575,16787,1559984,92.93,119.3450194,-2.461746053,1.28,23.72,0.00,0.64,2.70%,8.11%,,1.00
4/28/2020,ID-BB,Kepulauan Bangka Belitung,0,0,0,0,10,1,2,7,Province,,Kepulauan Bangka Belitung,Indonesia,Asia,Sumatera,UTC+07:00,,6,1,47,82,309,16424,1379767,84.01,106.5499324,-2.447444127,0.00,7.25,0.00,0.72,10.00%,20.00%,1.00,1.00
4/28/2020,ID-SU,Sumatera Utara,0,1,0,-1,104,13,35,56,Province,,Sumatera Utara,Indonesia,Asia,Sumatera,UTC+07:00,,25,8,450,693,5417,72981,14874889,203.82,99.05196442,2.191894453,0.00,6.99,0.07,0.87,12.50%,33.65%,1.00,
4/28/2020,ID-KT,Kalimantan Tengah,9,1,2,6,117,6,12,99,Province,,Kalimantan Tengah,Indonesia,Asia,Kalimantan,UTC+07:00,,13,1,136,139,1432,153565,2570289,16.74,113.4176536,-1.602484653,3.50,45.52,0.39,2.33,5.13%,10.26%,1.13,
4/28/2020,ID-RI,Riau,1,0,0,1,39,6,16,17,Province,,Riau,Indonesia,Asia,Sumatera,UTC+07:00,,10,2,169,268,1591,87024,6074100,69.80,101.8051092,0.511647851,0.16,6.42,0.00,0.99,15.38%,41.03%,,1.00
4/28/2020,ID-BE,Bengkulu,0,1,0,-1,8,2,1,5,Province,,Bengkulu,Indonesia,Asia,Sumatera,UTC+07:00,,9,1,129,172,1341,19919,1999539,100.38,102.3384213,-3.533583627,0.00,4.00,0.50,1.00,25.00%,12.50%,1.00,
4/28/2020,ID-KU,Kalimantan Utara,2,0,0,2,92,1,2,89,Province,,Kalimantan Utara,Indonesia,Asia,Kalimantan,UTC+08:00,,4,1,53,35,447,75468,648407,8.59,116.2188791,2.891012621,3.08,141.89,0.00,1.54,1.09%,2.17%,2.00,1.00
4/28/2020,ID-NT,Nusa Tenggara Timur,0,0,0,0,1,0,1,0,Province,,Nusa Tenggara Timur,Indonesia,Asia,Nusa Tenggara,UTC+08:00,,21,1,309,327,3026,48718,5411321,111.07,121.592271,-8.682205,0.00,0.18,0.00,0.00,0.00%,100.00%,1.00,1.00
4/28/2020,ID-YO,Daerah Istimewa Yogyakarta,10,0,1,9,78,7,40,31,Province,,Daerah Istimewa Yogyakarta,Indonesia,Asia,Jawa,UTC+07:00,Daerah Istimewa,4,1,78,46,392,3133,3631015,1158.90,110.4448783,-7.89450185,2.75,21.48,0.00,1.93,8.97%,51.28%,10.00,1.00
4/28/2020,ID-NB,Nusa Tenggara Barat,15,0,2,13,219,4,24,191,Province,,Nusa Tenggara Barat,Indonesia,Asia,Nusa Tenggara,UTC+08:00,,8,2,117,145,995,18572,5270247,283.77,117.5086257,-8.606998866,2.85,41.55,0.00,0.76,1.83%,10.96%,1.36,1.00
4/28/2020,ID-PA,Papua,26,0,15,11,176,6,47,123,Province,,Papua,Indonesia,Asia,Papua,UTC+09:00,Daerah Khusus,28,1,560,110,5411,319036,4340348,13.60,138.69603,-4.66620953,5.99,40.55,0.00,1.38,3.41%,26.70%,2.60,1.00
4/28/2020,ID-JB,Jawa Barat,18,1,7,10,895,75,101,719,Province,,Jawa Barat,Indonesia,Asia,Jawa,UTC+07:00,,18,9,627,645,5312,35378,45161325,1276.55,107.6037083,-6.920432083,0.40,19.82,0.02,1.66,8.38%,11.28%,0.49,1.00
4/28/2020,ID-SG,Sulawesi Tenggara,0,0,0,0,42,2,6,34,Province,,Sulawesi Tenggara,Indonesia,Asia,Sulawesi,UTC+08:00,,15,2,219,377,1911,38068,2635461,69.23,122.070311,-4.124688793,0.00,15.94,0.00,0.76,4.76%,14.29%,1.00,1.00
4/28/2020,ID-LA,Lampung,2,0,2,0,43,5,10,28,Province,,Lampung,Indonesia,Asia,Sumatera,UTC+07:00,,13,2,228,205,2435,34624,9095591,262.70,105.0214366,-4.916792975,0.22,4.73,0.00,0.55,11.63%,23.26%,,1.00
4/28/2020,ID-KR,Kepulauan Riau,3,1,0,2,84,8,11,65,Province,,Kepulauan Riau,Indonesia,Asia,Sumatera,UTC+07:00,,5,2,75,142,275,8202,1929400,235.24,108.261746,3.916346,1.55,43.54,0.52,4.15,9.52%,13.10%,3.00,
4/29/2020,ID-GO,Gorontalo,0,0,0,0,15,1,2,12,Province,,Gorontalo,Indonesia,Asia,Sulawesi,UTC+08:00,,5,1,77,72,657,11257,1180651,104.88,122.3760581,0.687002604,0.00,12.70,0.00,0.85,6.67%,13.33%,0.00,1.00
4/29/2020,ID-JI,Jawa Timur,14,4,8,2,821,93,140,588,Province,,Jawa Timur,Indonesia,Asia,Jawa,UTC+07:00,,29,9,666,777,7724,47803,40479023,846.78,112.7329414,-7.723345579,0.35,20.28,0.10,2.30,11.33%,17.05%,0.23,2.00
4/29/2020,ID-KB,Kalimantan Barat,7,0,0,7,55,1,7,47,Province,,Kalimantan Barat,Indonesia,Asia,Kalimantan,UTC+07:00,,12,2,174,99,2031,147307,5422814,36.81,111.1211776,-0.086474572,1.29,10.14,0.00,0.18,1.82%,12.73%,,1.00
4/29/2020,ID-PB,Papua Barat,0,0,0,0,37,0,0,37,Province,,Papua Barat,Indonesia,Asia,Papua,UTC+09:00,Daerah Khusus,12,1,218,95,1742,102955,1140701,11.08,132.9762624,-2.045160182,0.00,32.44,0.00,0.00,0.00%,0.00%,0.00,1.00
4/29/2020,ID-JA,Jambi,0,0,0,0,31,0,1,30,Province,,Jambi,Indonesia,Asia,Sumatera,UTC+07:00,,9,2,141,163,1399,50058,3493357,69.79,102.7236404,-1.69769766,0.00,8.87,0.00,0.00,0.00%,3.23%,1.00,1.00
4/29/2020,ID-LA,Lampung,2,0,3,-1,45,5,13,27,Province,,Lampung,Indonesia,Asia,Sumatera,UTC+07:00,,13,2,228,205,2435,34624,9095591,262.70,105.0214366,-4.916792975,0.22,4.95,0.00,0.55,11.11%,28.89%,1.00,1.00
4/29/2020,ID-KR,Kepulauan Riau,0,0,4,-4,84,8,15,61,Province,,Kepulauan Riau,Indonesia,Asia,Sumatera,UTC+07:00,,5,2,75,142,275,8202,1929400,235.24,108.261746,3.916346,0.00,43.54,0.00,4.15,9.52%,17.86%,0.00,0.00
4/29/2020,ID-JK,DKI Jakarta,89,0,77,12,3506,345,393,2768,Province,,DKI Jakarta,Indonesia,Asia,Jawa,UTC+07:00,Daerah Khusus Ibu Kota,1,5,44,267,,664,10846145,16334.31,106.8361183,-6.204698991,8.21,323.25,0.00,31.81,9.84%,11.21%,0.71,0.00
4/29/2020,ID-SN,Sulawesi Selatan,12,0,10,2,456,35,114,307,Province,,Sulawesi Selatan,Indonesia,Asia,Sulawesi,UTC+08:00,,21,3,311,792,2255,46717,9426885,201.78,120.1620559,-3.731080714,1.27,48.37,0.00,3.71,7.68%,25.00%,0.92,1.00
4/29/2020,IDN,Indonesia,260,11,137,112,9771,784,1391,7596,Country,,,Indonesia,Asia,,,,416,98,7230,8488,74953,1916907,265185520,138.34,113.921327,-0.789275,0.98,36.85,0.04,2.96,8.02%,14.24%,0.63,1.38
4/29/2020,ID-SS,Sumatera Selatan,1,0,0,1,143,1,23,119,Province,,Sumatera Selatan,Indonesia,Asia,Sumatera,UTC+07:00,,13,4,241,387,2853,91592,8217551,89.72,104.1694647,-3.216211808,0.12,17.40,0.00,0.12,0.70%,16.08%,0.07,1.00
4/29/2020,ID-AC,Aceh,0,0,1,-1,9,1,6,2,Province,,Aceh,Indonesia,Asia,Sumatera,UTC+07:00,Daerah Khusus,18,5,289,,6497,57956,5247257,90.54,96.91052174,4.225614628,0.00,1.72,0.00,0.19,11.11%,66.67%,1.00,1.00
4/29/2020,ID-JT,Jawa Tengah,29,2,4,23,700,51,101,548,Province,,Jawa Tengah,Indonesia,Asia,Jawa,UTC+07:00,,29,6,576,753,7809,32801,36364072,1108.64,110.2011149,-7.259097177,0.80,19.25,0.05,1.40,7.29%,14.43%,1.81,
4/29/2020,ID-ST,Sulawesi Tengah,5,0,0,5,47,3,8,36,Province,,Sulawesi Tengah,Indonesia,Asia,Sulawesi,UTC+08:00,,12,1,175,175,1842,61841,2955567,47.79,121.2010927,-1.00413668,1.69,15.90,0.00,1.02,6.38%,17.02%,0.83,1.00
4/29/2020,ID-BT,Banten,0,0,0,0,329,40,33,256,Province,,Banten,Indonesia,Asia,Jawa,UTC+07:00,,4,4,155,313,1238,9663,10722374,1109.64,106.1090043,-6.456736388,0.00,30.68,0.00,3.73,12.16%,10.03%,0.00,0.00
4/29/2020,ID-SA,Sulawesi Utara,1,0,1,0,42,3,13,26,Province,,Sulawesi Utara,Indonesia,Asia,Sulawesi,UTC+08:00,,11,4,171,332,1507,13892,2641884,190.17,124.5212396,1.259638212,0.38,15.90,0.00,1.14,7.14%,30.95%,0.33,1.00
4/29/2020,ID-SB,Sumatera Barat,1,1,0,0,145,15,25,105,Province,,Sumatera Barat,Indonesia,Asia,Sumatera,UTC+07:00,,12,7,179,230,928,42013,5519245,131.37,100.4650624,-0.850253225,0.18,26.27,0.18,2.72,10.34%,17.24%,0.04,
4/29/2020,ID-MU,Maluku Utara,0,0,0,0,26,0,4,22,Province,,Maluku Utara,Indonesia,Asia,Maluku,UTC+09:00,,8,2,116,118,1063,31983,1307803,40.89,127.5391072,0.212036949,0.00,19.88,0.00,0.00,0.00%,15.38%,1.00,1.00
4/29/2020,ID-KI,Kalimantan Timur,4,0,0,4,116,1,15,100,Province,,Kalimantan Timur,Indonesia,Asia,Kalimantan,UTC+08:00,,7,3,103,197,841,129067,3552191,27.52,116.4684405,0.45385803,1.13,32.66,0.00,0.28,0.86%,12.93%,0.50,1.00
4/29/2020,ID-BA,Bali,0,0,8,-8,206,2,88,116,Province,,Bali,Indonesia,Asia,Nusa Tenggara,UTC+08:00,,8,1,57,80,636,5780,4216171,729.43,115.1317136,-8.369471688,0.00,48.86,0.00,0.47,0.97%,42.72%,0.00,1.00
4/29/2020,ID-MA,Maluku,1,0,0,1,23,0,11,12,Province,,Maluku,Indonesia,Asia,Maluku,UTC+09:00,,9,2,118,35,1198,46914,1847097,39.37,129.576792,-3.192572,0.54,12.45,0.00,0.00,0.00%,47.83%,0.50,1.00
4/29/2020,ID-SR,Sulawesi Barat,1,0,1,0,38,1,4,33,Province,,Sulawesi Barat,Indonesia,Asia,Sulawesi,UTC+08:00,,6,,69,73,575,16787,1559984,92.93,119.3450194,-2.461746053,0.64,24.36,0.00,0.64,2.63%,10.53%,0.50,1.00
4/29/2020,ID-RI,Riau,1,0,1,0,40,6,17,17,Province,,Riau,Indonesia,Asia,Sumatera,UTC+07:00,,10,2,169,268,1591,87024,6074100,69.80,101.8051092,0.511647851,0.16,6.59,0.00,0.99,15.00%,42.50%,1.00,1.00
4/29/2020,ID-SG,Sulawesi Tenggara,8,0,0,8,50,2,6,42,Province,,Sulawesi Tenggara,Indonesia,Asia,Sulawesi,UTC+08:00,,15,2,219,377,1911,38068,2635461,69.23,122.070311,-4.124688793,3.04,18.97,0.00,0.76,4.00%,12.00%,,1.00
4/29/2020,ID-KS,Kalimantan Selatan,7,0,0,7,156,9,20,127,Province,,Kalimantan Selatan,Indonesia,Asia,Kalimantan,UTC+08:00,,11,2,153,144,1864,38744,4023049,103.84,115.4385783,-2.993594979,1.74,38.78,0.00,2.24,5.77%,12.82%,,0.00
4/29/2020,ID-BB,Kepulauan Bangka Belitung,0,0,0,0,10,1,2,7,Province,,Kepulauan Bangka Belitung,Indonesia,Asia,Sumatera,UTC+07:00,,6,1,47,82,309,16424,1379767,84.01,106.5499324,-2.447444127,0.00,7.25,0.00,0.72,10.00%,20.00%,1.00,1.00
4/29/2020,ID-KT,Kalimantan Tengah,6,0,0,6,123,6,12,105,Province,,Kalimantan Tengah,Indonesia,Asia,Kalimantan,UTC+07:00,,13,1,136,139,1432,153565,2570289,16.74,113.4176536,-1.602484653,2.33,47.85,0.00,2.33,4.88%,9.76%,0.67,0.00
4/29/2020,ID-SU,Sumatera Utara,3,0,5,-2,107,13,40,54,Province,,Sumatera Utara,Indonesia,Asia,Sumatera,UTC+07:00,,25,8,450,693,5417,72981,14874889,203.82,99.05196442,2.191894453,0.20,7.19,0.00,0.87,12.15%,37.38%,,0.00
4/29/2020,ID-BE,Bengkulu,4,0,0,4,12,2,1,9,Province,,Bengkulu,Indonesia,Asia,Sumatera,UTC+07:00,,9,1,129,172,1341,19919,1999539,100.38,102.3384213,-3.533583627,2.00,6.00,0.00,1.00,16.67%,8.33%,,0.00
4/29/2020,ID-NT,Nusa Tenggara Timur,0,0,0,0,1,0,1,0,Province,,Nusa Tenggara Timur,Indonesia,Asia,Nusa Tenggara,UTC+08:00,,21,1,309,327,3026,48718,5411321,111.07,121.592271,-8.682205,0.00,0.18,0.00,0.00,0.00%,100.00%,1.00,1.00
4/29/2020,ID-JB,Jawa Barat,37,0,4,33,932,75,105,752,Province,,Jawa Barat,Indonesia,Asia,Jawa,UTC+07:00,,18,9,627,645,5312,35378,45161325,1276.55,107.6037083,-6.920432083,0.82,20.64,0.00,1.66,8.05%,11.27%,2.06,0.00
4/29/2020,ID-KU,Kalimantan Utara,0,0,2,-2,92,1,4,87,Province,,Kalimantan Utara,Indonesia,Asia,Kalimantan,UTC+08:00,,4,1,53,35,447,75468,648407,8.59,116.2188791,2.891012621,0.00,141.89,0.00,1.54,1.09%,4.35%,0.00,1.00
4/29/2020,ID-YO,Daerah Istimewa Yogyakarta,1,0,3,-2,79,7,43,29,Province,,Daerah Istimewa Yogyakarta,Indonesia,Asia,Jawa,UTC+07:00,Daerah Istimewa,4,1,78,46,392,3133,3631015,1158.90,110.4448783,-7.89450185,0.28,21.76,0.00,1.93,8.86%,54.43%,0.10,1.00
4/29/2020,ID-PA,Papua,12,0,0,12,188,6,47,135,Province,,Papua,Indonesia,Asia,Papua,UTC+09:00,Daerah Khusus,28,1,560,110,5411,319036,4340348,13.60,138.69603,-4.66620953,2.76,43.31,0.00,1.38,3.19%,25.00%,0.46,1.00
4/29/2020,ID-NB,Nusa Tenggara Barat,9,0,7,2,228,4,31,193,Province,,Nusa Tenggara Barat,Indonesia,Asia,Nusa Tenggara,UTC+08:00,,8,2,117,145,995,18572,5270247,283.77,117.5086257,-8.606998866,1.71,43.26,0.00,0.76,1.75%,13.60%,0.60,1.00
4/30/2020,ID-GO,Gorontalo,0,0,0,0,15,1,2,12,Province,,Gorontalo,Indonesia,Asia,Sulawesi,UTC+08:00,,5,1,77,72,657,11257,1180651,104.88,122.3760581,0.687002604,0.00,12.70,0.00,0.85,6.67%,13.33%,1.00,1.00
4/30/2020,ID-KB,Kalimantan Barat,0,0,0,0,55,1,7,47,Province,,Kalimantan Barat,Indonesia,Asia,Kalimantan,UTC+07:00,,12,2,174,99,2031,147307,5422814,36.81,111.1211776,-0.086474572,0.00,10.14,0.00,0.18,1.82%,12.73%,0.00,1.00
4/30/2020,ID-LA,Lampung,0,0,0,0,45,5,13,27,Province,,Lampung,Indonesia,Asia,Sumatera,UTC+07:00,,13,2,228,205,2435,34624,9095591,262.70,105.0214366,-4.916792975,0.00,4.95,0.00,0.55,11.11%,28.89%,0.00,1.00
4/30/2020,IDN,Indonesia,347,8,131,208,10118,792,1522,7804,Country,,,Indonesia,Asia,,,,416,98,7230,8488,74953,1916907,265185520,138.34,113.921327,-0.789275,1.31,38.15,0.03,2.99,7.83%,15.04%,1.33,0.73
4/30/2020,ID-MU,Maluku Utara,14,0,0,14,40,0,4,36,Province,,Maluku Utara,Indonesia,Asia,Maluku,UTC+09:00,,8,2,116,118,1063,31983,1307803,40.89,127.5391072,0.212036949,10.70,30.59,0.00,0.00,0.00%,10.00%,,1.00
4/30/2020,ID-PA,Papua,16,0,0,16,204,6,47,151,Province,,Papua,Indonesia,Asia,Papua,UTC+09:00,Daerah Khusus,28,1,560,110,5411,319036,4340348,13.60,138.69603,-4.66620953,3.69,47.00,0.00,1.38,2.94%,23.04%,1.33,1.00
4/30/2020,ID-NB,Nusa Tenggara Barat,0,0,0,0,228,4,31,193,Province,,Nusa Tenggara Barat,Indonesia,Asia,Nusa Tenggara,UTC+08:00,,8,2,117,145,995,18572,5270247,283.77,117.5086257,-8.606998866,0.00,43.26,0.00,0.76,1.75%,13.60%,0.00,1.00
4/30/2020,ID-JI,Jawa Timur,83,2,5,76,904,95,145,664,Province,,Jawa Timur,Indonesia,Asia,Jawa,UTC+07:00,,29,9,666,777,7724,47803,40479023,846.78,112.7329414,-7.723345579,2.05,22.33,0.05,2.35,10.51%,16.04%,5.93,0.50
4/30/2020,ID-PB,Papua Barat,0,0,0,0,37,0,0,37,Province,,Papua Barat,Indonesia,Asia,Papua,UTC+09:00,Daerah Khusus,12,1,218,95,1742,102955,1140701,11.08,132.9762624,-2.045160182,0.00,32.44,0.00,0.00,0.00%,0.00%,1.00,1.00
4/30/2020,ID-JA,Jambi,0,0,0,0,31,0,1,30,Province,,Jambi,Indonesia,Asia,Sumatera,UTC+07:00,,9,2,141,163,1399,50058,3493357,69.79,102.7236404,-1.69769766,0.00,8.87,0.00,0.00,0.00%,3.23%,1.00,1.00
4/30/2020,ID-KR,Kepulauan Riau,0,0,0,0,84,8,15,61,Province,,Kepulauan Riau,Indonesia,Asia,Sumatera,UTC+07:00,,5,2,75,142,275,8202,1929400,235.24,108.261746,3.916346,0.00,43.54,0.00,4.15,9.52%,17.86%,1.00,1.00
4/30/2020,ID-SN,Sulawesi Selatan,26,0,4,22,482,35,118,329,Province,,Sulawesi Selatan,Indonesia,Asia,Sulawesi,UTC+08:00,,21,3,311,792,2255,46717,9426885,201.78,120.1620559,-3.731080714,2.76,51.13,0.00,3.71,7.26%,24.48%,2.17,1.00
4/30/2020,ID-JK,DKI Jakarta,84,0,47,37,3590,345,440,2805,Province,,DKI Jakarta,Indonesia,Asia,Jawa,UTC+07:00,Daerah Khusus Ibu Kota,1,5,44,267,,664,10846145,16334.31,106.8361183,-6.204698991,7.74,330.99,0.00,31.81,9.61%,12.26%,0.94,1.00
4/30/2020,ID-SS,Sumatera Selatan,6,0,0,6,149,1,23,125,Province,,Sumatera Selatan,Indonesia,Asia,Sumatera,UTC+07:00,,13,4,241,387,2853,91592,8217551,89.72,104.1694647,-3.216211808,0.73,18.13,0.00,0.12,0.67%,15.44%,6.00,1.00
4/30/2020,ID-JT,Jawa Tengah,15,1,5,9,715,52,106,557,Province,,Jawa Tengah,Indonesia,Asia,Jawa,UTC+07:00,,29,6,576,753,7809,32801,36364072,1108.64,110.2011149,-7.259097177,0.41,19.66,0.03,1.43,7.27%,14.83%,0.52,0.50
4/30/2020,ID-SB,Sumatera Barat,3,0,1,2,148,15,26,107,Province,,Sumatera Barat,Indonesia,Asia,Sumatera,UTC+07:00,,12,7,179,230,928,42013,5519245,131.37,100.4650624,-0.850253225,0.54,26.82,0.00,2.72,10.14%,17.57%,3.00,0.00
4/30/2020,ID-AC,Aceh,1,0,0,1,10,1,6,3,Province,,Aceh,Indonesia,Asia,Sumatera,UTC+07:00,Daerah Khusus,18,5,289,,6497,57956,5247257,90.54,96.91052174,4.225614628,0.19,1.91,0.00,0.19,10.00%,60.00%,,1.00
4/30/2020,ID-ST,Sulawesi Tengah,0,0,0,0,47,3,8,36,Province,,Sulawesi Tengah,Indonesia,Asia,Sulawesi,UTC+08:00,,12,1,175,175,1842,61841,2955567,47.79,121.2010927,-1.00413668,0.00,15.90,0.00,1.02,6.38%,17.02%,0.00,1.00
4/30/2020,ID-SA,Sulawesi Utara,1,1,0,0,43,4,13,26,Province,,Sulawesi Utara,Indonesia,Asia,Sulawesi,UTC+08:00,,11,4,171,332,1507,13892,2641884,190.17,124.5212396,1.259638212,0.38,16.28,0.38,1.51,9.30%,30.23%,1.00,
4/30/2020,ID-BT,Banten,16,0,1,15,345,40,34,271,Province,,Banten,Indonesia,Asia,Jawa,UTC+07:00,,4,4,155,313,1238,9663,10722374,1109.64,106.1090043,-6.456736388,1.49,32.18,0.00,3.73,11.59%,9.86%,,1.00
4/30/2020,ID-KI,Kalimantan Timur,15,0,0,15,131,1,15,115,Province,,Kalimantan Timur,Indonesia,Asia,Kalimantan,UTC+08:00,,7,3,103,197,841,129067,3552191,27.52,116.4684405,0.45385803,4.22,36.88,0.00,0.28,0.76%,11.45%,3.75,1.00
4/30/2020,ID-MA,Maluku,0,0,0,0,23,0,11,12,Province,,Maluku,Indonesia,Asia,Maluku,UTC+09:00,,9,2,118,35,1198,46914,1847097,39.37,129.576792,-3.192572,0.00,12.45,0.00,0.00,0.00%,47.83%,0.00,1.00
4/30/2020,ID-KS,Kalimantan Selatan,13,0,0,13,169,9,20,140,Province,,Kalimantan Selatan,Indonesia,Asia,Kalimantan,UTC+08:00,,11,2,153,144,1864,38744,4023049,103.84,115.4385783,-2.993594979,3.23,42.01,0.00,2.24,5.33%,11.83%,1.86,1.00
4/30/2020,ID-YO,Daerah Istimewa Yogyakarta,1,0,0,1,80,7,43,30,Province,,Daerah Istimewa Yogyakarta,Indonesia,Asia,Jawa,UTC+07:00,Daerah Istimewa,4,1,78,46,392,3133,3631015,1158.90,110.4448783,-7.89450185,0.28,22.03,0.00,1.93,8.75%,53.75%,1.00,1.00
4/30/2020,ID-BA,Bali,7,0,17,-10,213,2,105,106,Province,,Bali,Indonesia,Asia,Nusa Tenggara,UTC+08:00,,8,1,57,80,636,5780,4216171,729.43,115.1317136,-8.369471688,1.66,50.52,0.00,0.47,0.94%,49.30%,,1.00
4/30/2020,ID-SR,Sulawesi Barat,4,0,0,4,42,1,4,37,Province,,Sulawesi Barat,Indonesia,Asia,Sulawesi,UTC+08:00,,6,,69,73,575,16787,1559984,92.93,119.3450194,-2.461746053,2.56,26.92,0.00,0.64,2.38%,9.52%,4.00,1.00
4/30/2020,ID-SG,Sulawesi Tenggara,9,0,4,5,59,2,10,47,Province,,Sulawesi Tenggara,Indonesia,Asia,Sulawesi,UTC+08:00,,15,2,219,377,1911,38068,2635461,69.23,122.070311,-4.124688793,3.41,22.39,0.00,0.76,3.39%,16.95%,1.13,1.00
4/30/2020,ID-RI,Riau,0,0,7,-7,40,6,24,10,Province,,Riau,Indonesia,Asia,Sumatera,UTC+07:00,,10,2,169,268,1591,87024,6074100,69.80,101.8051092,0.511647851,0.00,6.59,0.00,0.99,15.00%,60.00%,0.00,1.00
4/30/2020,ID-BB,Kepulauan Bangka Belitung,0,0,2,-2,10,1,4,5,Province,,Kepulauan Bangka Belitung,Indonesia,Asia,Sumatera,UTC+07:00,,6,1,47,82,309,16424,1379767,84.01,106.5499324,-2.447444127,0.00,7.25,0.00,0.72,10.00%,40.00%,1.00,1.00
4/30/2020,ID-SU,Sumatera Utara,3,1,1,1,110,14,41,55,Province,,Sumatera Utara,Indonesia,Asia,Sumatera,UTC+07:00,,25,8,450,693,5417,72981,14874889,203.82,99.05196442,2.191894453,0.20,7.40,0.07,0.94,12.73%,37.27%,1.00,
4/30/2020,ID-KU,Kalimantan Utara,8,0,0,8,100,1,4,95,Province,,Kalimantan Utara,Indonesia,Asia,Kalimantan,UTC+08:00,,4,1,53,35,447,75468,648407,8.59,116.2188791,2.891012621,12.34,154.22,0.00,1.54,1.00%,4.00%,,1.00
4/30/2020,ID-KT,Kalimantan Tengah,18,0,1,17,141,6,13,122,Province,,Kalimantan Tengah,Indonesia,Asia,Kalimantan,UTC+07:00,,13,1,136,139,1432,153565,2570289,16.74,113.4176536,-1.602484653,7.00,54.86,0.00,2.33,4.26%,9.22%,3.00,1.00
4/30/2020,ID-BE,Bengkulu,0,0,0,0,12,2,1,9,Province,,Bengkulu,Indonesia,Asia,Sumatera,UTC+07:00,,9,1,129,172,1341,19919,1999539,100.38,102.3384213,-3.533583627,0.00,6.00,0.00,1.00,16.67%,8.33%,0.00,1.00
4/30/2020,ID-JB,Jawa Barat,4,4,36,-36,936,79,141,716,Province,,Jawa Barat,Indonesia,Asia,Jawa,UTC+07:00,,18,9,627,645,5312,35378,45161325,1276.55,107.6037083,-6.920432083,0.09,20.73,0.09,1.75,8.44%,15.06%,0.11,
4/30/2020,ID-NT,Nusa Tenggara Timur,2,0,0,2,3,0,1,2,Province,,Nusa Tenggara Timur,Indonesia,Asia,Nusa Tenggara,UTC+08:00,,21,1,309,327,3026,48718,5411321,111.07,121.592271,-8.682205,0.37,0.55,0.00,0.00,0.00%,33.33%,,1.00
5/1/2020,ID-GO,Gorontalo,0,0,0,0,15,1,2,12,Province,,Gorontalo,Indonesia,Asia,Sulawesi,UTC+08:00,,5,1,77,72,657,11257,1180651,104.88,122.3760581,0.687002604,0.00,12.70,0.00,0.85,6.67%,13.33%,1.00,1.00
5/1/2020,ID-LA,Lampung,4,0,0,4,49,5,13,31,Province,,Lampung,Indonesia,Asia,Sumatera,UTC+07:00,,13,2,228,205,2435,34624,9095591,262.70,105.0214366,-4.916792975,0.44,5.39,0.00,0.55,10.20%,26.53%,,1.00
5/1/2020,ID-PA,Papua,5,0,1,4,209,6,48,155,Province,,Papua,Indonesia,Asia,Papua,UTC+09:00,Daerah Khusus,28,1,560,110,5411,319036,4340348,13.60,138.69603,-4.66620953,1.15,48.15,0.00,1.38,2.87%,22.97%,0.31,1.00
5/1/2020,ID-JA,Jambi,0,0,0,0,31,0,1,30,Province,,Jambi,Indonesia,Asia,Sumatera,UTC+07:00,,9,2,141,163,1399,50058,3493357,69.79,102.7236404,-1.69769766,0.00,8.87,0.00,0.00,0.00%,3.23%,1.00,1.00
5/1/2020,ID-ST,Sulawesi Tengah,0,0,3,-3,47,3,11,33,Province,,Sulawesi Tengah,Indonesia,Asia,Sulawesi,UTC+08:00,,12,1,175,175,1842,61841,2955567,47.79,121.2010927,-1.00413668,0.00,15.90,0.00,1.02,6.38%,23.40%,1.00,1.00
5/1/2020,ID-JB,Jawa Barat,4,0,3,1,940,79,144,717,Province,,Jawa Barat,Indonesia,Asia,Jawa,UTC+07:00,,18,9,627,645,5312,35378,45161325,1276.55,107.6037083,-6.920432083,0.09,20.81,0.00,1.75,8.40%,15.32%,1.00,0.00
5/1/2020,ID-NT,Nusa Tenggara Timur,0,0,0,0,3,0,1,2,Province,,Nusa Tenggara Timur,Indonesia,Asia,Nusa Tenggara,UTC+08:00,,21,1,309,327,3026,48718,5411321,111.07,121.592271,-8.682205,0.00,0.55,0.00,0.00,0.00%,33.33%,0.00,1.00
5/1/2020,ID-KB,Kalimantan Barat,3,0,0,3,58,1,7,50,Province,,Kalimantan Barat,Indonesia,Asia,Kalimantan,UTC+07:00,,12,2,174,99,2031,147307,5422814,36.81,111.1211776,-0.086474572,0.55,10.70,0.00,0.18,1.72%,12.07%,,1.00
5/1/2020,IDN,Indonesia,433,8,69,356,10551,800,1591,8160,Country,,,Indonesia,Asia,,,,416,98,7230,8488,74953,1916907,265185520,138.34,113.921327,-0.789275,1.63,39.79,0.03,3.02,7.58%,15.08%,1.25,1.00
5/1/2020,ID-MU,Maluku Utara,1,0,0,1,41,0,4,37,Province,,Maluku Utara,Indonesia,Asia,Maluku,UTC+09:00,,8,2,116,118,1063,31983,1307803,40.89,127.5391072,0.212036949,0.76,31.35,0.00,0.00,0.00%,9.76%,0.07,1.00
5/1/2020,ID-NB,Nusa Tenggara Barat,3,0,0,3,231,4,31,196,Province,,Nusa Tenggara Barat,Indonesia,Asia,Nusa Tenggara,UTC+08:00,,8,2,117,145,995,18572,5270247,283.77,117.5086257,-8.606998866,0.57,43.83,0.00,0.76,1.73%,13.42%,,1.00
5/1/2020,ID-PB,Papua Barat,5,0,0,5,42,0,0,42,Province,,Papua Barat,Indonesia,Asia,Papua,UTC+09:00,Daerah Khusus,12,1,218,95,1742,102955,1140701,11.08,132.9762624,-2.045160182,4.38,36.82,0.00,0.00,0.00%,0.00%,,1.00
5/1/2020,ID-JI,Jawa Timur,77,3,5,69,981,98,150,733,Province,,Jawa Timur,Indonesia,Asia,Jawa,UTC+07:00,,29,9,666,777,7724,47803,40479023,846.78,112.7329414,-7.723345579,1.90,24.23,0.07,2.42,9.99%,15.29%,0.93,1.50
5/1/2020,ID-KR,Kepulauan Riau,0,0,24,-24,84,8,39,37,Province,,Kepulauan Riau,Indonesia,Asia,Sumatera,UTC+07:00,,5,2,75,142,275,8202,1929400,235.24,108.261746,3.916346,0.00,43.54,0.00,4.15,9.52%,46.43%,1.00,1.00
5/1/2020,ID-JK,DKI Jakarta,135,4,2,129,3725,349,442,2934,Province,,DKI Jakarta,Indonesia,Asia,Jawa,UTC+07:00,Daerah Khusus Ibu Kota,1,5,44,267,,664,10846145,16334.31,106.8361183,-6.204698991,12.45,343.44,0.37,32.18,9.37%,11.87%,1.61,
5/1/2020,ID-AC,Aceh,1,0,0,1,11,1,6,4,Province,,Aceh,Indonesia,Asia,Sumatera,UTC+07:00,Daerah Khusus,18,5,289,,6497,57956,5247257,90.54,96.91052174,4.225614628,0.19,2.10,0.00,0.19,9.09%,54.55%,1.00,1.00
5/1/2020,ID-SN,Sulawesi Selatan,56,0,13,43,538,35,131,372,Province,,Sulawesi Selatan,Indonesia,Asia,Sulawesi,UTC+08:00,,21,3,311,792,2255,46717,9426885,201.78,120.1620559,-3.731080714,5.94,57.07,0.00,3.71,6.51%,24.35%,2.15,1.00
5/1/2020,ID-SS,Sumatera Selatan,6,0,5,1,155,1,28,126,Province,,Sumatera Selatan,Indonesia,Asia,Sumatera,UTC+07:00,,13,4,241,387,2853,91592,8217551,89.72,104.1694647,-3.216211808,0.73,18.86,0.00,0.12,0.65%,18.06%,1.00,1.00
5/1/2020,ID-SB,Sumatera Barat,24,0,5,19,172,15,31,126,Province,,Sumatera Barat,Indonesia,Asia,Sumatera,UTC+07:00,,12,7,179,230,928,42013,5519245,131.37,100.4650624,-0.850253225,4.35,31.16,0.00,2.72,8.72%,18.02%,8.00,1.00
5/1/2020,ID-JT,Jawa Tengah,22,1,6,15,737,53,112,572,Province,,Jawa Tengah,Indonesia,Asia,Jawa,UTC+07:00,,29,6,576,753,7809,32801,36364072,1108.64,110.2011149,-7.259097177,0.60,20.27,0.03,1.46,7.19%,15.20%,1.47,1.00
5/1/2020,ID-SA,Sulawesi Utara,0,0,0,0,43,4,13,26,Province,,Sulawesi Utara,Indonesia,Asia,Sulawesi,UTC+08:00,,11,4,171,332,1507,13892,2641884,190.17,124.5212396,1.259638212,0.00,16.28,0.00,1.51,9.30%,30.23%,0.00,0.00
5/1/2020,ID-KI,Kalimantan Timur,2,0,1,1,133,1,16,116,Province,,Kalimantan Timur,Indonesia,Asia,Kalimantan,UTC+08:00,,7,3,103,197,841,129067,3552191,27.52,116.4684405,0.45385803,0.56,37.44,0.00,0.28,0.75%,12.03%,0.13,1.00
5/1/2020,ID-BA,Bali,13,0,8,5,226,2,113,111,Province,,Bali,Indonesia,Asia,Nusa Tenggara,UTC+08:00,,8,1,57,80,636,5780,4216171,729.43,115.1317136,-8.369471688,3.08,53.60,0.00,0.47,0.88%,50.00%,1.86,1.00
5/1/2020,ID-BE,Bengkulu,0,0,0,0,12,2,1,9,Province,,Bengkulu,Indonesia,Asia,Sumatera,UTC+07:00,,9,1,129,172,1341,19919,1999539,100.38,102.3384213,-3.533583627,0.00,6.00,0.00,1.00,16.67%,8.33%,1.00,1.00
5/1/2020,ID-BT,Banten,14,0,0,14,359,40,34,285,Province,,Banten,Indonesia,Asia,Jawa,UTC+07:00,,4,4,155,313,1238,9663,10722374,1109.64,106.1090043,-6.456736388,1.31,33.48,0.00,3.73,11.14%,9.47%,0.88,1.00
5/1/2020,ID-MA,Maluku,0,0,0,0,23,0,11,12,Province,,Maluku,Indonesia,Asia,Maluku,UTC+09:00,,9,2,118,35,1198,46914,1847097,39.37,129.576792,-3.192572,0.00,12.45,0.00,0.00,0.00%,47.83%,1.00,1.00
5/1/2020,ID-YO,Daerah Istimewa Yogyakarta,9,0,5,4,89,7,48,34,Province,,Daerah Istimewa Yogyakarta,Indonesia,Asia,Jawa,UTC+07:00,Daerah Istimewa,4,1,78,46,392,3133,3631015,1158.90,110.4448783,-7.89450185,2.48,24.51,0.00,1.93,7.87%,53.93%,9.00,1.00
5/1/2020,ID-KS,Kalimantan Selatan,9,0,4,5,178,9,24,145,Province,,Kalimantan Selatan,Indonesia,Asia,Kalimantan,UTC+08:00,,11,2,153,144,1864,38744,4023049,103.84,115.4385783,-2.993594979,2.24,44.25,0.00,2.24,5.06%,13.48%,0.69,1.00
5/1/2020,ID-SR,Sulawesi Barat,1,0,1,0,43,1,5,37,Province,,Sulawesi Barat,Indonesia,Asia,Sulawesi,UTC+08:00,,6,,69,73,575,16787,1559984,92.93,119.3450194,-2.461746053,0.64,27.56,0.00,0.64,2.33%,11.63%,0.25,1.00
5/1/2020,ID-RI,Riau,1,0,0,1,41,6,24,11,Province,,Riau,Indonesia,Asia,Sumatera,UTC+07:00,,10,2,169,268,1591,87024,6074100,69.80,101.8051092,0.511647851,0.16,6.75,0.00,0.99,14.63%,58.54%,,1.00
5/1/2020,ID-KT,Kalimantan Tengah,11,1,2,8,152,7,15,130,Province,,Kalimantan Tengah,Indonesia,Asia,Kalimantan,UTC+07:00,,13,1,136,139,1432,153565,2570289,16.74,113.4176536,-1.602484653,4.28,59.14,0.39,2.72,4.61%,9.87%,0.61,
5/1/2020,ID-SG,Sulawesi Tenggara,0,0,1,-1,59,2,11,46,Province,,Sulawesi Tenggara,Indonesia,Asia,Sulawesi,UTC+08:00,,15,2,219,377,1911,38068,2635461,69.23,122.070311,-4.124688793,0.00,22.39,0.00,0.76,3.39%,18.64%,0.00,1.00
5/1/2020,ID-BB,Kepulauan Bangka Belitung,9,0,0,9,19,1,4,14,Province,,Kepulauan Bangka Belitung,Indonesia,Asia,Sumatera,UTC+07:00,,6,1,47,82,309,16424,1379767,84.01,106.5499324,-2.447444127,6.52,13.77,0.00,0.72,5.26%,21.05%,,1.00
5/1/2020,ID-KU,Kalimantan Utara,15,0,1,14,115,1,5,109,Province,,Kalimantan Utara,Indonesia,Asia,Kalimantan,UTC+08:00,,4,1,53,35,447,75468,648407,8.59,116.2188791,2.891012621,23.13,177.36,0.00,1.54,0.87%,4.35%,1.88,1.00
5/1/2020,ID-SU,Sumatera Utara,0,0,0,0,110,14,41,55,Province,,Sumatera Utara,Indonesia,Asia,Sumatera,UTC+07:00,,25,8,450,693,5417,72981,14874889,203.82,99.05196442,2.191894453,0.00,7.40,0.00,0.94,12.73%,37.27%,0.00,0.00
5/2/2020,ID-GO,Gorontalo,0,0,0,0,15,1,2,12,Province,,Gorontalo,Indonesia,Asia,Sulawesi,UTC+08:00,,5,1,77,72,657,11257,1180651,104.88,122.3760581,0.687002604,0.00,12.70,0.00,0.85,6.67%,13.33%,1.00,1.00
5/2/2020,ID-PA,Papua,29,0,0,29,238,6,48,184,Province,,Papua,Indonesia,Asia,Papua,UTC+09:00,Daerah Khusus,28,1,560,110,5411,319036,4340348,13.60,138.69603,-4.66620953,6.68,54.83,0.00,1.38,2.52%,20.17%,5.80,1.00
5/2/2020,ID-JB,Jawa Barat,34,1,2,31,974,80,146,748,Province,,Jawa Barat,Indonesia,Asia,Jawa,UTC+07:00,,18,9,627,645,5312,35378,45161325,1276.55,107.6037083,-6.920432083,0.75,21.57,0.02,1.77,8.21%,14.99%,8.50,
5/2/2020,ID-MU,Maluku Utara,0,0,0,0,41,0,4,37,Province,,Maluku Utara,Indonesia,Asia,Maluku,UTC+09:00,,8,2,116,118,1063,31983,1307803,40.89,127.5391072,0.212036949,0.00,31.35,0.00,0.00,0.00%,9.76%,0.00,1.00
5/2/2020,ID-SS,Sumatera Selatan,0,2,0,-2,155,3,28,124,Province,,Sumatera Selatan,Indonesia,Asia,Sumatera,UTC+07:00,,13,4,241,387,2853,91592,8217551,89.72,104.1694647,-3.216211808,0.00,18.86,0.24,0.37,1.94%,18.06%,0.00,
5/2/2020,ID-KU,Kalimantan Utara,7,0,0,7,122,1,5,116,Province,,Kalimantan Utara,Indonesia,Asia,Kalimantan,UTC+08:00,,4,1,53,35,447,75468,648407,8.59,116.2188791,2.891012621,10.80,188.15,0.00,1.54,0.82%,4.10%,0.47,1.00
5/2/2020,ID-SU,Sumatera Utara,0,0,0,0,110,14,41,55,Province,,Sumatera Utara,Indonesia,Asia,Sumatera,UTC+07:00,,25,8,450,693,5417,72981,14874889,203.82,99.05196442,2.191894453,0.00,7.40,0.00,0.94,12.73%,37.27%,1.00,1.00
5/2/2020,ID-LA,Lampung,0,0,0,0,49,5,13,31,Province,,Lampung,Indonesia,Asia,Sumatera,UTC+07:00,,13,2,228,205,2435,34624,9095591,262.70,105.0214366,-4.916792975,0.00,5.39,0.00,0.55,10.20%,26.53%,0.00,1.00
5/2/2020,ID-JA,Jambi,0,0,0,0,31,0,1,30,Province,,Jambi,Indonesia,Asia,Sumatera,UTC+07:00,,9,2,141,163,1399,50058,3493357,69.79,102.7236404,-1.69769766,0.00,8.87,0.00,0.00,0.00%,3.23%,1.00,1.00
5/2/2020,ID-ST,Sulawesi Tengah,12,0,0,12,59,3,11,45,Province,,Sulawesi Tengah,Indonesia,Asia,Sulawesi,UTC+08:00,,12,1,175,175,1842,61841,2955567,47.79,121.2010927,-1.00413668,4.06,19.96,0.00,1.02,5.08%,18.64%,,1.00
5/2/2020,ID-NT,Nusa Tenggara Timur,0,0,0,0,3,0,1,2,Province,,Nusa Tenggara Timur,Indonesia,Asia,Nusa Tenggara,UTC+08:00,,21,1,309,327,3026,48718,5411321,111.07,121.592271,-8.682205,0.00,0.55,0.00,0.00,0.00%,33.33%,1.00,1.00
5/2/2020,IDN,Indonesia,292,31,74,187,10843,831,1665,8347,Country,,,Indonesia,Asia,,,,416,98,7230,8488,74953,1916907,265185520,138.34,113.921327,-0.789275,1.10,40.89,0.12,3.13,7.66%,15.36%,0.67,3.88
5/2/2020,ID-KB,Kalimantan Barat,7,0,0,7,65,1,7,57,Province,,Kalimantan Barat,Indonesia,Asia,Kalimantan,UTC+07:00,,12,2,174,99,2031,147307,5422814,36.81,111.1211776,-0.086474572,1.29,11.99,0.00,0.18,1.54%,10.77%,2.33,1.00
5/2/2020,ID-NB,Nusa Tenggara Barat,17,0,1,16,248,4,32,212,Province,,Nusa Tenggara Barat,Indonesia,Asia,Nusa Tenggara,UTC+08:00,,8,2,117,145,995,18572,5270247,283.77,117.5086257,-8.606998866,3.23,47.06,0.00,0.76,1.61%,12.90%,5.67,1.00
5/2/2020,ID-JI,Jawa Timur,6,7,3,-4,987,105,153,729,Province,,Jawa Timur,Indonesia,Asia,Jawa,UTC+07:00,,29,9,666,777,7724,47803,40479023,846.78,112.7329414,-7.723345579,0.15,24.38,0.17,2.59,10.64%,15.50%,0.08,2.33
5/2/2020,ID-SN,Sulawesi Selatan,30,4,10,16,568,39,141,388,Province,,Sulawesi Selatan,Indonesia,Asia,Sulawesi,UTC+08:00,,21,3,311,792,2255,46717,9426885,201.78,120.1620559,-3.731080714,3.18,60.25,0.42,4.14,6.87%,24.82%,0.54,
5/2/2020,ID-PB,Papua Barat,1,0,0,1,43,0,0,43,Province,,Papua Barat,Indonesia,Asia,Papua,UTC+09:00,Daerah Khusus,12,1,218,95,1742,102955,1140701,11.08,132.9762624,-2.045160182,0.88,37.70,0.00,0.00,0.00%,0.00%,0.20,1.00
5/2/2020,ID-KR,Kepulauan Riau,0,0,9,-9,84,8,48,28,Province,,Kepulauan Riau,Indonesia,Asia,Sumatera,UTC+07:00,,5,2,75,142,275,8202,1929400,235.24,108.261746,3.916346,0.00,43.54,0.00,4.15,9.52%,57.14%,1.00,1.00
5/2/2020,ID-AC,Aceh,0,0,0,0,11,1,6,4,Province,,Aceh,Indonesia,Asia,Sumatera,UTC+07:00,Daerah Khusus,18,5,289,,6497,57956,5247257,90.54,96.91052174,4.225614628,0.00,2.10,0.00,0.19,9.09%,54.55%,0.00,1.00
5/2/2020,ID-JK,DKI Jakarta,72,17,25,30,3797,366,467,2964,Province,,DKI Jakarta,Indonesia,Asia,Jawa,UTC+07:00,Daerah Khusus Ibu Kota,1,5,44,267,,664,10846145,16334.31,106.8361183,-6.204698991,6.64,350.08,1.57,33.74,9.64%,12.30%,0.53,4.25
5/2/2020,ID-SB,Sumatera Barat,10,1,0,9,182,16,31,135,Province,,Sumatera Barat,Indonesia,Asia,Sumatera,UTC+07:00,,12,7,179,230,928,42013,5519245,131.37,100.4650624,-0.850253225,1.81,32.98,0.18,2.90,8.79%,17.03%,0.42,
5/2/2020,ID-SA,Sulawesi Utara,0,0,3,-3,43,4,16,23,Province,,Sulawesi Utara,Indonesia,Asia,Sulawesi,UTC+08:00,,11,4,171,332,1507,13892,2641884,190.17,124.5212396,1.259638212,0.00,16.28,0.00,1.51,9.30%,37.21%,1.00,1.00
5/2/2020,ID-BT,Banten,9,0,0,9,368,40,34,294,Province,,Banten,Indonesia,Asia,Jawa,UTC+07:00,,4,4,155,313,1238,9663,10722374,1109.64,106.1090043,-6.456736388,0.84,34.32,0.00,3.73,10.87%,9.24%,0.64,1.00
5/2/2020,ID-BB,Kepulauan Bangka Belitung,0,0,0,0,19,1,4,14,Province,,Kepulauan Bangka Belitung,Indonesia,Asia,Sumatera,UTC+07:00,,6,1,47,82,309,16424,1379767,84.01,106.5499324,-2.447444127,0.00,13.77,0.00,0.72,5.26%,21.05%,0.00,1.00
5/2/2020,ID-JT,Jawa Tengah,19,0,6,13,756,53,118,585,Province,,Jawa Tengah,Indonesia,Asia,Jawa,UTC+07:00,,29,6,576,753,7809,32801,36364072,1108.64,110.2011149,-7.259097177,0.52,20.79,0.00,1.46,7.01%,15.61%,0.86,0.00
5/2/2020,ID-KI,Kalimantan Timur,18,0,0,18,151,1,16,134,Province,,Kalimantan Timur,Indonesia,Asia,Kalimantan,UTC+08:00,,7,3,103,197,841,129067,3552191,27.52,116.4684405,0.45385803,5.07,42.51,0.00,0.28,0.66%,10.60%,9.00,1.00
5/2/2020,ID-BE,Bengkulu,0,0,0,0,12,2,1,9,Province,,Bengkulu,Indonesia,Asia,Sumatera,UTC+07:00,,9,1,129,172,1341,19919,1999539,100.38,102.3384213,-3.533583627,0.00,6.00,0.00,1.00,16.67%,8.33%,1.00,1.00
5/2/2020,ID-BA,Bali,2,0,8,-6,228,2,121,105,Province,,Bali,Indonesia,Asia,Nusa Tenggara,UTC+08:00,,8,1,57,80,636,5780,4216171,729.43,115.1317136,-8.369471688,0.47,54.08,0.00,0.47,0.88%,53.07%,0.15,1.00
5/2/2020,ID-MA,Maluku,0,0,0,0,23,0,11,12,Province,,Maluku,Indonesia,Asia,Maluku,UTC+09:00,,9,2,118,35,1198,46914,1847097,39.37,129.576792,-3.192572,0.00,12.45,0.00,0.00,0.00%,47.83%,1.00,1.00
5/2/2020,ID-KS,Kalimantan Selatan,0,0,0,0,178,9,24,145,Province,,Kalimantan Selatan,Indonesia,Asia,Kalimantan,UTC+08:00,,11,2,153,144,1864,38744,4023049,103.84,115.4385783,-2.993594979,0.00,44.25,0.00,2.24,5.06%,13.48%,0.00,1.00
5/2/2020,ID-SG,Sulawesi Tenggara,2,0,0,2,61,2,11,48,Province,,Sulawesi Tenggara,Indonesia,Asia,Sulawesi,UTC+08:00,,15,2,219,377,1911,38068,2635461,69.23,122.070311,-4.124688793,0.76,23.15,0.00,0.76,3.28%,18.03%,,1.00
5/2/2020,ID-YO,Daerah Istimewa Yogyakarta,10,0,0,10,99,7,48,44,Province,,Daerah Istimewa Yogyakarta,Indonesia,Asia,Jawa,UTC+07:00,Daerah Istimewa,4,1,78,46,392,3133,3631015,1158.90,110.4448783,-7.89450185,2.75,27.27,0.00,1.93,7.07%,48.48%,1.11,1.00
5/2/2020,ID-SR,Sulawesi Barat,1,0,0,1,44,1,5,38,Province,,Sulawesi Barat,Indonesia,Asia,Sulawesi,UTC+08:00,,6,,69,73,575,16787,1559984,92.93,119.3450194,-2.461746053,0.64,28.21,0.00,0.64,2.27%,11.36%,1.00,1.00
5/2/2020,ID-KT,Kalimantan Tengah,1,0,0,1,153,7,15,131,Province,,Kalimantan Tengah,Indonesia,Asia,Kalimantan,UTC+07:00,,13,1,136,139,1432,153565,2570289,16.74,113.4176536,-1.602484653,0.39,59.53,0.00,2.72,4.58%,9.80%,0.09,0.00
5/2/2020,ID-RI,Riau,3,0,2,1,44,6,26,12,Province,,Riau,Indonesia,Asia,Sumatera,UTC+07:00,,10,2,169,268,1591,87024,6074100,69.80,101.8051092,0.511647851,0.49,7.24,0.00,0.99,13.64%,59.09%,3.00,1.00
5/3/2020,ID-GO,Gorontalo,0,0,0,0,15,1,2,12,Province,,Gorontalo,Indonesia,Asia,Sulawesi,UTC+08:00,,5,1,77,72,657,11257,1180651,104.88,122.3760581,0.687002604,0.00,12.70,0.00,0.85,6.67%,13.33%,1.00,1.00
5/3/2020,ID-JB,Jawa Barat,13,0,5,8,987,80,151,756,Province,,Jawa Barat,Indonesia,Asia,Jawa,UTC+07:00,,18,9,627,645,5312,35378,45161325,1276.55,107.6037083,-6.920432083,0.29,21.85,0.00,1.77,8.11%,15.30%,0.38,0.00
5/3/2020,ID-KU,Kalimantan Utara,0,0,0,0,122,1,5,116,Province,,Kalimantan Utara,Indonesia,Asia,Kalimantan,UTC+08:00,,4,1,53,35,447,75468,648407,8.59,116.2188791,2.891012621,0.00,188.15,0.00,1.54,0.82%,4.10%,0.00,1.00
5/3/2020,ID-ST,Sulawesi Tengah,0,0,0,0,59,3,11,45,Province,,Sulawesi Tengah,Indonesia,Asia,Sulawesi,UTC+08:00,,12,1,175,175,1842,61841,2955567,47.79,121.2010927,-1.00413668,0.00,19.96,0.00,1.02,5.08%,18.64%,0.00,1.00
5/3/2020,ID-KR,Kepulauan Riau,3,1,1,1,87,9,49,29,Province,,Kepulauan Riau,Indonesia,Asia,Sumatera,UTC+07:00,,5,2,75,142,275,8202,1929400,235.24,108.261746,3.916346,1.55,45.09,0.52,4.66,10.34%,56.32%,,
5/3/2020,ID-KT,Kalimantan Tengah,0,0,0,0,153,7,15,131,Province,,Kalimantan Tengah,Indonesia,Asia,Kalimantan,UTC+07:00,,13,1,136,139,1432,153565,2570289,16.74,113.4176536,-1.602484653,0.00,59.53,0.00,2.72,4.58%,9.80%,0.00,1.00
5/3/2020,ID-RI,Riau,8,0,0,8,52,6,26,20,Province,,Riau,Indonesia,Asia,Sumatera,UTC+07:00,,10,2,169,268,1591,87024,6074100,69.80,101.8051092,0.511647851,1.32,8.56,0.00,0.99,11.54%,50.00%,2.67,1.00
5/3/2020,ID-PA,Papua,0,0,0,0,238,6,48,184,Province,,Papua,Indonesia,Asia,Papua,UTC+09:00,Daerah Khusus,28,1,560,110,5411,319036,4340348,13.60,138.69603,-4.66620953,0.00,54.83,0.00,1.38,2.52%,20.17%,0.00,1.00
5/3/2020,ID-MU,Maluku Utara,9,0,2,7,50,0,6,44,Province,,Maluku Utara,Indonesia,Asia,Maluku,UTC+09:00,,8,2,116,118,1063,31983,1307803,40.89,127.5391072,0.212036949,6.88,38.23,0.00,0.00,0.00%,12.00%,,1.00
5/3/2020,ID-SS,Sumatera Selatan,28,0,7,21,183,3,35,145,Province,,Sumatera Selatan,Indonesia,Asia,Sumatera,UTC+07:00,,13,4,241,387,2853,91592,8217551,89.72,104.1694647,-3.216211808,3.41,22.27,0.00,0.37,1.64%,19.13%,,0.00
5/3/2020,ID-SU,Sumatera Utara,6,0,0,6,116,14,41,61,Province,,Sumatera Utara,Indonesia,Asia,Sumatera,UTC+07:00,,25,8,450,693,5417,72981,14874889,203.82,99.05196442,2.191894453,0.40,7.80,0.00,0.94,12.07%,35.34%,,1.00
5/3/2020,ID-JA,Jambi,6,0,0,6,37,0,1,36,Province,,Jambi,Indonesia,Asia,Sumatera,UTC+07:00,,9,2,141,163,1399,50058,3493357,69.79,102.7236404,-1.69769766,1.72,10.59,0.00,0.00,0.00%,2.70%,,1.00
5/3/2020,ID-LA,Lampung,0,0,0,0,49,5,13,31,Province,,Lampung,Indonesia,Asia,Sumatera,UTC+07:00,,13,2,228,205,2435,34624,9095591,262.70,105.0214366,-4.916792975,0.00,5.39,0.00,0.55,10.20%,26.53%,1.00,1.00
5/3/2020,ID-NT,Nusa Tenggara Timur,7,0,0,7,10,0,1,9,Province,,Nusa Tenggara Timur,Indonesia,Asia,Nusa Tenggara,UTC+08:00,,21,1,309,327,3026,48718,5411321,111.07,121.592271,-8.682205,1.29,1.85,0.00,0.00,0.00%,10.00%,,1.00
5/3/2020,ID-KB,Kalimantan Barat,2,0,0,2,67,1,7,59,Province,,Kalimantan Barat,Indonesia,Asia,Kalimantan,UTC+07:00,,12,2,174,99,2031,147307,5422814,36.81,111.1211776,-0.086474572,0.37,12.36,0.00,0.18,1.49%,10.45%,0.29,1.00
5/3/2020,ID-PB,Papua Barat,0,0,0,0,43,0,0,43,Province,,Papua Barat,Indonesia,Asia,Papua,UTC+09:00,Daerah Khusus,12,1,218,95,1742,102955,1140701,11.08,132.9762624,-2.045160182,0.00,37.70,0.00,0.00,0.00%,0.00%,0.00,1.00
5/3/2020,IDN,Indonesia,349,14,211,124,11192,845,1876,8471,Country,,,Indonesia,Asia,,,,416,98,7230,8488,74953,1916907,265185520,138.34,113.921327,-0.789275,1.32,42.20,0.05,3.19,7.55%,16.76%,1.20,0.45
5/3/2020,ID-NB,Nusa Tenggara Barat,18,0,4,14,266,4,36,226,Province,,Nusa Tenggara Barat,Indonesia,Asia,Nusa Tenggara,UTC+08:00,,8,2,117,145,995,18572,5270247,283.77,117.5086257,-8.606998866,3.42,50.47,0.00,0.76,1.50%,13.53%,1.06,1.00
5/3/2020,ID-SN,Sulawesi Selatan,24,0,6,18,592,39,147,406,Province,,Sulawesi Selatan,Indonesia,Asia,Sulawesi,UTC+08:00,,21,3,311,792,2255,46717,9426885,201.78,120.1620559,-3.731080714,2.55,62.80,0.00,4.14,6.59%,24.83%,0.80,0.00
5/3/2020,ID-JI,Jawa Timur,73,5,9,59,1060,110,162,788,Province,,Jawa Timur,Indonesia,Asia,Jawa,UTC+07:00,,29,9,666,777,7724,47803,40479023,846.78,112.7329414,-7.723345579,1.80,26.19,0.12,2.72,10.38%,15.28%,12.17,0.71
5/3/2020,ID-AC,Aceh,1,0,2,-1,12,1,8,3,Province,,Aceh,Indonesia,Asia,Sumatera,UTC+07:00,Daerah Khusus,18,5,289,,6497,57956,5247257,90.54,96.91052174,4.225614628,0.19,2.29,0.00,0.19,8.33%,66.67%,,1.00
5/3/2020,ID-SB,Sumatera Barat,13,0,5,8,195,16,36,143,Province,,Sumatera Barat,Indonesia,Asia,Sumatera,UTC+07:00,,12,7,179,230,928,42013,5519245,131.37,100.4650624,-0.850253225,2.36,35.33,0.00,2.90,8.21%,18.46%,1.30,0.00
5/3/2020,ID-JT,Jawa Tengah,9,1,8,0,765,54,126,585,Province,,Jawa Tengah,Indonesia,Asia,Jawa,UTC+07:00,,29,6,576,753,7809,32801,36364072,1108.64,110.2011149,-7.259097177,0.25,21.04,0.03,1.48,7.06%,16.47%,0.47,
5/3/2020,ID-SR,Sulawesi Barat,0,0,0,0,44,1,5,38,Province,,Sulawesi Barat,Indonesia,Asia,Sulawesi,UTC+08:00,,6,,69,73,575,16787,1559984,92.93,119.3450194,-2.461746053,0.00,28.21,0.00,0.64,2.27%,11.36%,0.00,1.00
5/3/2020,ID-JK,DKI Jakarta,60,5,116,-61,3857,371,583,2903,Province,,DKI Jakarta,Indonesia,Asia,Jawa,UTC+07:00,Daerah Khusus Ibu Kota,1,5,44,267,,664,10846145,16334.31,106.8361183,-6.204698991,5.53,355.61,0.46,34.21,9.62%,15.12%,0.83,0.29
5/3/2020,ID-SA,Sulawesi Utara,0,0,0,0,43,4,16,23,Province,,Sulawesi Utara,Indonesia,Asia,Sulawesi,UTC+08:00,,11,4,171,332,1507,13892,2641884,190.17,124.5212396,1.259638212,0.00,16.28,0.00,1.51,9.30%,37.21%,1.00,1.00
5/3/2020,ID-BB,Kepulauan Bangka Belitung,1,0,0,1,20,1,4,15,Province,,Kepulauan Bangka Belitung,Indonesia,Asia,Sumatera,UTC+07:00,,6,1,47,82,309,16424,1379767,84.01,106.5499324,-2.447444127,0.72,14.50,0.00,0.72,5.00%,20.00%,,1.00
5/3/2020,ID-BT,Banten,5,0,0,5,373,40,34,299,Province,,Banten,Indonesia,Asia,Jawa,UTC+07:00,,4,4,155,313,1238,9663,10722374,1109.64,106.1090043,-6.456736388,0.47,34.79,0.00,3.73,10.72%,9.12%,0.56,1.00
5/3/2020,ID-KI,Kalimantan Timur,8,0,0,8,159,1,16,142,Province,,Kalimantan Timur,Indonesia,Asia,Kalimantan,UTC+08:00,,7,3,103,197,841,129067,3552191,27.52,116.4684405,0.45385803,2.25,44.76,0.00,0.28,0.63%,10.06%,0.44,1.00
5/3/2020,ID-BA,Bali,25,0,22,3,253,2,143,108,Province,,Bali,Indonesia,Asia,Nusa Tenggara,UTC+08:00,,8,1,57,80,636,5780,4216171,729.43,115.1317136,-8.369471688,5.93,60.01,0.00,0.47,0.79%,56.52%,12.50,1.00
5/3/2020,ID-YO,Daerah Istimewa Yogyakarta,1,0,0,1,100,7,48,45,Province,,Daerah Istimewa Yogyakarta,Indonesia,Asia,Jawa,UTC+07:00,Daerah Istimewa,4,1,78,46,392,3133,3631015,1158.90,110.4448783,-7.89450185,0.28,27.54,0.00,1.93,7.00%,48.00%,0.10,1.00
5/3/2020,ID-BE,Bengkulu,0,0,0,0,12,2,1,9,Province,,Bengkulu,Indonesia,Asia,Sumatera,UTC+07:00,,9,1,129,172,1341,19919,1999539,100.38,102.3384213,-3.533583627,0.00,6.00,0.00,1.00,16.67%,8.33%,1.00,1.00
5/3/2020,ID-MA,Maluku,0,0,0,0,23,0,11,12,Province,,Maluku,Indonesia,Asia,Maluku,UTC+09:00,,9,2,118,35,1198,46914,1847097,39.37,129.576792,-3.192572,0.00,12.45,0.00,0.00,0.00%,47.83%,1.00,1.00
5/3/2020,ID-SG,Sulawesi Tenggara,0,1,0,-1,61,3,11,47,Province,,Sulawesi Tenggara,Indonesia,Asia,Sulawesi,UTC+08:00,,15,2,219,377,1911,38068,2635461,69.23,122.070311,-4.124688793,0.00,23.15,0.38,1.14,4.92%,18.03%,0.00,
5/3/2020,ID-KS,Kalimantan Selatan,16,0,0,16,194,9,24,161,Province,,Kalimantan Selatan,Indonesia,Asia,Kalimantan,UTC+08:00,,11,2,153,144,1864,38744,4023049,103.84,115.4385783,-2.993594979,3.98,48.22,0.00,2.24,4.64%,12.37%,,1.00
5/4/2020,ID-GO,Gorontalo,0,0,0,0,15,1,2,12,Province,,Gorontalo,Indonesia,Asia,Sulawesi,UTC+08:00,,5,1,77,72,657,11257,1180651,104.88,122.3760581,0.687002604,0.00,12.70,0.00,0.85,6.67%,13.33%,1.00,1.00
5/4/2020,ID-KU,Kalimantan Utara,8,0,0,8,130,1,5,124,Province,,Kalimantan Utara,Indonesia,Asia,Kalimantan,UTC+08:00,,4,1,53,35,447,75468,648407,8.59,116.2188791,2.891012621,12.34,200.49,0.00,1.54,0.77%,3.85%,,1.00
5/4/2020,ID-KT,Kalimantan Tengah,23,0,1,22,176,7,16,153,Province,,Kalimantan Tengah,Indonesia,Asia,Kalimantan,UTC+07:00,,13,1,136,139,1432,153565,2570289,16.74,113.4176536,-1.602484653,8.95,68.47,0.00,2.72,3.98%,9.09%,,1.00
5/4/2020,ID-SS,Sumatera Selatan,0,1,7,-8,183,4,42,137,Province,,Sumatera Selatan,Indonesia,Asia,Sumatera,UTC+07:00,,13,4,241,387,2853,91592,8217551,89.72,104.1694647,-3.216211808,0.00,22.27,0.12,0.49,2.19%,22.95%,0.00,
5/4/2020,ID-NB,Nusa Tenggara Barat,0,0,0,0,266,4,36,226,Province,,Nusa Tenggara Barat,Indonesia,Asia,Nusa Tenggara,UTC+08:00,,8,2,117,145,995,18572,5270247,283.77,117.5086257,-8.606998866,0.00,50.47,0.00,0.76,1.50%,13.53%,0.00,1.00
5/4/2020,ID-SG,Sulawesi Tenggara,0,0,0,0,61,3,11,47,Province,,Sulawesi Tenggara,Indonesia,Asia,Sulawesi,UTC+08:00,,15,2,219,377,1911,38068,2635461,69.23,122.070311,-4.124688793,0.00,23.15,0.00,1.14,4.92%,18.03%,1.00,0.00
5/4/2020,ID-KS,Kalimantan Selatan,3,0,0,3,197,9,24,164,Province,,Kalimantan Selatan,Indonesia,Asia,Kalimantan,UTC+08:00,,11,2,153,144,1864,38744,4023049,103.84,115.4385783,-2.993594979,0.75,48.97,0.00,2.24,4.57%,12.18%,0.19,1.00
5/4/2020,ID-JB,Jawa Barat,187,1,7,179,1174,81,158,935,Province,,Jawa Barat,Indonesia,Asia,Jawa,UTC+07:00,,18,9,627,645,5312,35378,45161325,1276.55,107.6037083,-6.920432083,4.14,26.00,0.02,1.79,6.90%,13.46%,14.38,
5/4/2020,ID-ST,Sulawesi Tengah,0,0,0,0,59,3,11,45,Province,,Sulawesi Tengah,Indonesia,Asia,Sulawesi,UTC+08:00,,12,1,175,175,1842,61841,2955567,47.79,121.2010927,-1.00413668,0.00,19.96,0.00,1.02,5.08%,18.64%,1.00,1.00
5/4/2020,ID-KR,Kepulauan Riau,0,0,3,-3,87,9,52,26,Province,,Kepulauan Riau,Indonesia,Asia,Sumatera,UTC+07:00,,5,2,75,142,275,8202,1929400,235.24,108.261746,3.916346,0.00,45.09,0.00,4.66,10.34%,59.77%,0.00,0.00
5/4/2020,ID-RI,Riau,5,0,0,5,57,6,26,25,Province,,Riau,Indonesia,Asia,Sumatera,UTC+07:00,,10,2,169,268,1591,87024,6074100,69.80,101.8051092,0.511647851,0.82,9.38,0.00,0.99,10.53%,45.61%,0.63,1.00
5/4/2020,ID-MU,Maluku Utara,0,0,0,0,50,0,6,44,Province,,Maluku Utara,Indonesia,Asia,Maluku,UTC+09:00,,8,2,116,118,1063,31983,1307803,40.89,127.5391072,0.212036949,0.00,38.23,0.00,0.00,0.00%,12.00%,0.00,1.00
5/4/2020,ID-PA,Papua,0,0,0,0,238,6,48,184,Province,,Papua,Indonesia,Asia,Papua,UTC+09:00,Daerah Khusus,28,1,560,110,5411,319036,4340348,13.60,138.69603,-4.66620953,0.00,54.83,0.00,1.38,2.52%,20.17%,1.00,1.00
5/4/2020,ID-SU,Sumatera Utara,6,0,0,6,122,14,41,67,Province,,Sumatera Utara,Indonesia,Asia,Sumatera,UTC+07:00,,25,8,450,693,5417,72981,14874889,203.82,99.05196442,2.191894453,0.40,8.20,0.00,0.94,11.48%,33.61%,1.00,1.00
5/4/2020,ID-LA,Lampung,4,0,0,4,53,5,13,35,Province,,Lampung,Indonesia,Asia,Sumatera,UTC+07:00,,13,2,228,205,2435,34624,9095591,262.70,105.0214366,-4.916792975,0.44,5.83,0.00,0.55,9.43%,24.53%,,1.00
5/4/2020,IDN,Indonesia,395,19,78,298,11587,864,1954,8769,Country,,,Indonesia,Asia,,,,416,98,7230,8488,74953,1916907,265185520,138.34,113.921327,-0.789275,1.49,43.69,0.07,3.26,7.46%,16.86%,1.13,1.36
5/4/2020,ID-JA,Jambi,0,0,0,0,37,0,1,36,Province,,Jambi,Indonesia,Asia,Sumatera,UTC+07:00,,9,2,141,163,1399,50058,3493357,69.79,102.7236404,-1.69769766,0.00,10.59,0.00,0.00,0.00%,2.70%,0.00,1.00
5/4/2020,ID-NT,Nusa Tenggara Timur,0,0,0,0,10,0,1,9,Province,,Nusa Tenggara Timur,Indonesia,Asia,Nusa Tenggara,UTC+08:00,,21,1,309,327,3026,48718,5411321,111.07,121.592271,-8.682205,0.00,1.85,0.00,0.00,0.00%,10.00%,0.00,1.00
5/4/2020,ID-PB,Papua Barat,0,0,0,0,43,0,0,43,Province,,Papua Barat,Indonesia,Asia,Papua,UTC+09:00,Daerah Khusus,12,1,218,95,1742,102955,1140701,11.08,132.9762624,-2.045160182,0.00,37.70,0.00,0.00,0.00%,0.00%,1.00,1.00
5/4/2020,ID-KB,Kalimantan Barat,3,0,0,3,70,1,7,62,Province,,Kalimantan Barat,Indonesia,Asia,Kalimantan,UTC+07:00,,12,2,174,99,2031,147307,5422814,36.81,111.1211776,-0.086474572,0.55,12.91,0.00,0.18,1.43%,10.00%,1.50,1.00
5/4/2020,ID-SN,Sulawesi Selatan,6,0,52,-46,598,39,199,360,Province,,Sulawesi Selatan,Indonesia,Asia,Sulawesi,UTC+08:00,,21,3,311,792,2255,46717,9426885,201.78,120.1620559,-3.731080714,0.64,63.44,0.00,4.14,6.52%,33.28%,0.25,1.00
5/4/2020,ID-AC,Aceh,0,0,0,0,12,1,8,3,Province,,Aceh,Indonesia,Asia,Sumatera,UTC+07:00,Daerah Khusus,18,5,289,,6497,57956,5247257,90.54,96.91052174,4.225614628,0.00,2.29,0.00,0.19,8.33%,66.67%,0.00,1.00
5/4/2020,ID-JK,DKI Jakarta,75,6,4,65,3932,377,587,2968,Province,,DKI Jakarta,Indonesia,Asia,Jawa,UTC+07:00,Daerah Khusus Ibu Kota,1,5,44,267,,664,10846145,16334.31,106.8361183,-6.204698991,6.91,362.53,0.55,34.76,9.59%,14.93%,1.25,1.20
5/4/2020,ID-MA,Maluku,0,0,0,0,23,0,11,12,Province,,Maluku,Indonesia,Asia,Maluku,UTC+09:00,,9,2,118,35,1198,46914,1847097,39.37,129.576792,-3.192572,0.00,12.45,0.00,0.00,0.00%,47.83%,1.00,1.00
5/4/2020,ID-JI,Jawa Timur,9,6,4,-1,1069,116,166,787,Province,,Jawa Timur,Indonesia,Asia,Jawa,UTC+07:00,,29,9,666,777,7724,47803,40479023,846.78,112.7329414,-7.723345579,0.22,26.41,0.15,2.87,10.85%,15.53%,0.12,1.20
5/4/2020,ID-SB,Sumatera Barat,8,0,2,6,203,16,38,149,Province,,Sumatera Barat,Indonesia,Asia,Sumatera,UTC+07:00,,12,7,179,230,928,42013,5519245,131.37,100.4650624,-0.850253225,1.45,36.78,0.00,2.90,7.88%,18.72%,0.62,1.00
5/4/2020,ID-SR,Sulawesi Barat,0,0,0,0,44,1,5,38,Province,,Sulawesi Barat,Indonesia,Asia,Sulawesi,UTC+08:00,,6,,69,73,575,16787,1559984,92.93,119.3450194,-2.461746053,0.00,28.21,0.00,0.64,2.27%,11.36%,1.00,1.00
5/4/2020,ID-JT,Jawa Tengah,22,0,6,16,787,54,132,601,Province,,Jawa Tengah,Indonesia,Asia,Jawa,UTC+07:00,,29,6,576,753,7809,32801,36364072,1108.64,110.2011149,-7.259097177,0.60,21.64,0.00,1.48,6.86%,16.77%,2.44,0.00
5/4/2020,ID-SA,Sulawesi Utara,0,0,0,0,43,4,16,23,Province,,Sulawesi Utara,Indonesia,Asia,Sulawesi,UTC+08:00,,11,4,171,332,1507,13892,2641884,190.17,124.5212396,1.259638212,0.00,16.28,0.00,1.51,9.30%,37.21%,1.00,1.00
5/4/2020,ID-BT,Banten,14,0,0,14,387,40,34,313,Province,,Banten,Indonesia,Asia,Jawa,UTC+07:00,,4,4,155,313,1238,9663,10722374,1109.64,106.1090043,-6.456736388,1.31,36.09,0.00,3.73,10.34%,8.79%,2.80,1.00
5/4/2020,ID-BE,Bengkulu,0,0,0,0,12,2,1,9,Province,,Bengkulu,Indonesia,Asia,Sumatera,UTC+07:00,,9,1,129,172,1341,19919,1999539,100.38,102.3384213,-3.533583627,0.00,6.00,0.00,1.00,16.67%,8.33%,1.00,1.00
5/4/2020,ID-BB,Kepulauan Bangka Belitung,0,0,0,0,20,1,4,15,Province,,Kepulauan Bangka Belitung,Indonesia,Asia,Sumatera,UTC+07:00,,6,1,47,82,309,16424,1379767,84.01,106.5499324,-2.447444127,0.00,14.50,0.00,0.72,5.00%,20.00%,0.00,1.00
5/4/2020,ID-KI,Kalimantan Timur,5,1,0,4,164,2,16,146,Province,,Kalimantan Timur,Indonesia,Asia,Kalimantan,UTC+08:00,,7,3,103,197,841,129067,3552191,27.52,116.4684405,0.45385803,1.41,46.17,0.28,0.56,1.22%,9.76%,0.63,
5/4/2020,ID-YO,Daerah Istimewa Yogyakarta,0,0,4,-4,100,7,52,41,Province,,Daerah Istimewa Yogyakarta,Indonesia,Asia,Jawa,UTC+07:00,Daerah Istimewa,4,1,78,46,392,3133,3631015,1158.90,110.4448783,-7.89450185,0.00,27.54,0.00,1.93,7.00%,52.00%,0.00,1.00
5/4/2020,ID-BA,Bali,9,0,10,-1,262,2,153,107,Province,,Bali,Indonesia,Asia,Nusa Tenggara,UTC+08:00,,8,1,57,80,636,5780,4216171,729.43,115.1317136,-8.369471688,2.13,62.14,0.00,0.47,0.76%,58.40%,0.36,1.00
5/5/2020,ID-GO,Gorontalo,0,0,4,-4,15,1,6,8,Province,,Gorontalo,Indonesia,Asia,Sulawesi,UTC+08:00,,5,1,77,72,657,11257,1180651,104.88,122.3760581,0.687002604,0.00,12.70,0.00,0.85,6.67%,40.00%,1.00,1.00
5/5/2020,ID-KT,Kalimantan Tengah,1,2,0,-1,177,9,16,152,Province,,Kalimantan Tengah,Indonesia,Asia,Kalimantan,UTC+07:00,,13,1,136,139,1432,153565,2570289,16.74,113.4176536,-1.602484653,0.39,68.86,0.78,3.50,5.08%,9.04%,0.04,
5/5/2020,ID-SG,Sulawesi Tenggara,5,0,4,1,66,3,15,48,Province,,Sulawesi Tenggara,Indonesia,Asia,Sulawesi,UTC+08:00,,15,2,219,377,1911,38068,2635461,69.23,122.070311,-4.124688793,1.90,25.04,0.00,1.14,4.55%,22.73%,,1.00
5/5/2020,ID-KR,Kepulauan Riau,5,0,3,2,92,9,55,28,Province,,Kepulauan Riau,Indonesia,Asia,Sumatera,UTC+07:00,,5,2,75,142,275,8202,1929400,235.24,108.261746,3.916346,2.59,47.68,0.00,4.66,9.78%,59.78%,,1.00
5/5/2020,ID-NT,Nusa Tenggara Timur,2,0,0,2,12,0,1,11,Province,,Nusa Tenggara Timur,Indonesia,Asia,Nusa Tenggara,UTC+08:00,,21,1,309,327,3026,48718,5411321,111.07,121.592271,-8.682205,0.37,2.22,0.00,0.00,0.00%,8.33%,,1.00
5/5/2020,ID-YO,Daerah Istimewa Yogyakarta,6,0,1,5,106,7,53,46,Province,,Daerah Istimewa Yogyakarta,Indonesia,Asia,Jawa,UTC+07:00,Daerah Istimewa,4,1,78,46,392,3133,3631015,1158.90,110.4448783,-7.89450185,1.65,29.19,0.00,1.93,6.60%,50.00%,,1.00
5/5/2020,ID-BA,Bali,6,0,1,5,268,2,154,112,Province,,Bali,Indonesia,Asia,Nusa Tenggara,UTC+08:00,,8,1,57,80,636,5780,4216171,729.43,115.1317136,-8.369471688,1.42,63.56,0.00,0.47,0.75%,57.46%,0.67,1.00
5/5/2020,ID-KU,Kalimantan Utara,1,0,1,0,131,1,6,124,Province,,Kalimantan Utara,Indonesia,Asia,Kalimantan,UTC+08:00,,4,1,53,35,447,75468,648407,8.59,116.2188791,2.891012621,1.54,202.03,0.00,1.54,0.76%,4.58%,0.13,1.00
5/5/2020,ID-SS,Sumatera Selatan,15,0,4,11,198,4,46,148,Province,,Sumatera Selatan,Indonesia,Asia,Sumatera,UTC+07:00,,13,4,241,387,2853,91592,8217551,89.72,104.1694647,-3.216211808,1.83,24.09,0.00,0.49,2.02%,23.23%,,0.00
5/5/2020,ID-NB,Nusa Tenggara Barat,16,0,10,6,282,4,46,232,Province,,Nusa Tenggara Barat,Indonesia,Asia,Nusa Tenggara,UTC+08:00,,8,2,117,145,995,18572,5270247,283.77,117.5086257,-8.606998866,3.04,53.51,0.00,0.76,1.42%,16.31%,,1.00
5/5/2020,ID-KS,Kalimantan Selatan,14,0,0,14,211,9,24,178,Province,,Kalimantan Selatan,Indonesia,Asia,Kalimantan,UTC+08:00,,11,2,153,144,1864,38744,4023049,103.84,115.4385783,-2.993594979,3.48,52.45,0.00,2.24,4.27%,11.37%,4.67,1.00
5/5/2020,ID-ST,Sulawesi Tengah,11,0,1,10,70,3,12,55,Province,,Sulawesi Tengah,Indonesia,Asia,Sulawesi,UTC+08:00,,12,1,175,175,1842,61841,2955567,47.79,121.2010927,-1.00413668,3.72,23.68,0.00,1.02,4.29%,17.14%,,1.00
5/5/2020,ID-JB,Jawa Barat,52,1,8,43,1226,82,166,978,Province,,Jawa Barat,Indonesia,Asia,Jawa,UTC+07:00,,18,9,627,645,5312,35378,45161325,1276.55,107.6037083,-6.920432083,1.15,27.15,0.02,1.82,6.69%,13.54%,0.28,1.00
5/5/2020,ID-RI,Riau,3,0,1,2,60,6,27,27,Province,,Riau,Indonesia,Asia,Sumatera,UTC+07:00,,10,2,169,268,1591,87024,6074100,69.80,101.8051092,0.511647851,0.49,9.88,0.00,0.99,10.00%,45.00%,0.60,1.00
5/5/2020,ID-PA,Papua,6,0,0,6,244,6,48,190,Province,,Papua,Indonesia,Asia,Papua,UTC+09:00,Daerah Khusus,28,1,560,110,5411,319036,4340348,13.60,138.69603,-4.66620953,1.38,56.22,0.00,1.38,2.46%,19.67%,,1.00
5/5/2020,ID-JA,Jambi,5,0,0,5,42,0,1,41,Province,,Jambi,Indonesia,Asia,Sumatera,UTC+07:00,,9,2,141,163,1399,50058,3493357,69.79,102.7236404,-1.69769766,1.43,12.02,0.00,0.00,0.00%,2.38%,,1.00
5/5/2020,ID-MU,Maluku Utara,0,0,0,0,50,0,6,44,Province,,Maluku Utara,Indonesia,Asia,Maluku,UTC+09:00,,8,2,116,118,1063,31983,1307803,40.89,127.5391072,0.212036949,0.00,38.23,0.00,0.00,0.00%,12.00%,1.00,1.00
5/5/2020,ID-SU,Sumatera Utara,1,0,2,-1,123,14,43,66,Province,,Sumatera Utara,Indonesia,Asia,Sumatera,UTC+07:00,,25,8,450,693,5417,72981,14874889,203.82,99.05196442,2.191894453,0.07,8.27,0.00,0.94,11.38%,34.96%,0.17,1.00
5/5/2020,IDN,Indonesia,484,8,243,233,12071,872,2197,9002,Country,,,Indonesia,Asia,,,,416,98,7230,8488,74953,1916907,265185520,138.34,113.921327,-0.789275,1.83,45.52,0.03,3.29,7.22%,18.20%,1.23,0.42
5/5/2020,ID-LA,Lampung,1,0,1,0,54,5,14,35,Province,,Lampung,Indonesia,Asia,Sumatera,UTC+07:00,,13,2,228,205,2435,34624,9095591,262.70,105.0214366,-4.916792975,0.11,5.94,0.00,0.55,9.26%,25.93%,0.25,1.00
5/5/2020,ID-PB,Papua Barat,6,0,0,6,49,0,0,49,Province,,Papua Barat,Indonesia,Asia,Papua,UTC+09:00,Daerah Khusus,12,1,218,95,1742,102955,1140701,11.08,132.9762624,-2.045160182,5.26,42.96,0.00,0.00,0.00%,0.00%,,1.00
5/5/2020,ID-SN,Sulawesi Selatan,33,2,27,4,631,41,226,364,Province,,Sulawesi Selatan,Indonesia,Asia,Sulawesi,UTC+08:00,,21,3,311,792,2255,46717,9426885,201.78,120.1620559,-3.731080714,3.50,66.94,0.21,4.35,6.50%,35.82%,5.50,
5/5/2020,ID-JI,Jawa Timur,42,0,2,40,1111,116,168,827,Province,,Jawa Timur,Indonesia,Asia,Jawa,UTC+07:00,,29,9,666,777,7724,47803,40479023,846.78,112.7329414,-7.723345579,1.04,27.45,0.00,2.87,10.44%,15.12%,4.67,0.00
5/5/2020,ID-KI,Kalimantan Timur,1,0,0,1,165,2,16,147,Province,,Kalimantan Timur,Indonesia,Asia,Kalimantan,UTC+08:00,,7,3,103,197,841,129067,3552191,27.52,116.4684405,0.45385803,0.28,46.45,0.00,0.56,1.21%,9.70%,0.20,0.00
5/5/2020,ID-KB,Kalimantan Barat,0,0,0,0,70,1,7,62,Province,,Kalimantan Barat,Indonesia,Asia,Kalimantan,UTC+07:00,,12,2,174,99,2031,147307,5422814,36.81,111.1211776,-0.086474572,0.00,12.91,0.00,0.18,1.43%,10.00%,0.00,1.00
5/5/2020,ID-AC,Aceh,0,0,0,0,12,1,8,3,Province,,Aceh,Indonesia,Asia,Sumatera,UTC+07:00,Daerah Khusus,18,5,289,,6497,57956,5247257,90.54,96.91052174,4.225614628,0.00,2.29,0.00,0.19,8.33%,66.67%,1.00,1.00
5/5/2020,ID-MA,Maluku,0,0,0,0,23,0,11,12,Province,,Maluku,Indonesia,Asia,Maluku,UTC+09:00,,9,2,118,35,1198,46914,1847097,39.37,129.576792,-3.192572,0.00,12.45,0.00,0.00,0.00%,47.83%,1.00,1.00
5/5/2020,ID-JK,DKI Jakarta,134,1,68,65,4066,378,655,3033,Province,,DKI Jakarta,Indonesia,Asia,Jawa,UTC+07:00,Daerah Khusus Ibu Kota,1,5,44,267,,664,10846145,16334.31,106.8361183,-6.204698991,12.35,374.88,0.09,34.85,9.30%,16.11%,1.79,0.17
5/5/2020,ID-SB,Sumatera Barat,18,0,1,17,221,16,39,166,Province,,Sumatera Barat,Indonesia,Asia,Sumatera,UTC+07:00,,12,7,179,230,928,42013,5519245,131.37,100.4650624,-0.850253225,3.26,40.04,0.00,2.90,7.24%,17.65%,2.25,1.00
5/5/2020,ID-JT,Jawa Tengah,49,0,15,34,836,54,147,635,Province,,Jawa Tengah,Indonesia,Asia,Jawa,UTC+07:00,,29,6,576,753,7809,32801,36364072,1108.64,110.2011149,-7.259097177,1.35,22.99,0.00,1.48,6.46%,17.58%,2.23,1.00
5/5/2020,ID-BB,Kepulauan Bangka Belitung,8,0,0,8,28,1,4,23,Province,,Kepulauan Bangka Belitung,Indonesia,Asia,Sumatera,UTC+07:00,,6,1,47,82,309,16424,1379767,84.01,106.5499324,-2.447444127,5.80,20.29,0.00,0.72,3.57%,14.29%,,1.00
5/5/2020,ID-SR,Sulawesi Barat,14,1,0,13,58,2,5,51,Province,,Sulawesi Barat,Indonesia,Asia,Sulawesi,UTC+08:00,,6,,69,73,575,16787,1559984,92.93,119.3450194,-2.461746053,8.97,37.18,0.64,1.28,3.45%,8.62%,,
5/5/2020,ID-SA,Sulawesi Utara,0,0,0,0,43,4,16,23,Province,,Sulawesi Utara,Indonesia,Asia,Sulawesi,UTC+08:00,,11,4,171,332,1507,13892,2641884,190.17,124.5212396,1.259638212,0.00,16.28,0.00,1.51,9.30%,37.21%,1.00,1.00
5/5/2020,ID-BE,Bengkulu,0,0,0,0,12,2,1,9,Province,,Bengkulu,Indonesia,Asia,Sumatera,UTC+07:00,,9,1,129,172,1341,19919,1999539,100.38,102.3384213,-3.533583627,0.00,6.00,0.00,1.00,16.67%,8.33%,1.00,1.00
5/5/2020,ID-BT,Banten,10,0,83,-73,397,40,117,240,Province,,Banten,Indonesia,Asia,Jawa,UTC+07:00,,4,4,155,313,1238,9663,10722374,1109.64,106.1090043,-6.456736388,0.93,37.03,0.00,3.73,10.08%,29.47%,0.71,1.00
5/6/2020,ID-GO,Gorontalo,0,0,1,-1,15,1,7,7,Province,,Gorontalo,Indonesia,Asia,Sulawesi,UTC+08:00,,5,1,77,72,657,11257,1180651,104.88,122.3760581,0.687002604,0.00,12.70,0.00,0.85,6.67%,46.67%,1.00,1.00
5/6/2020,ID-SG,Sulawesi Tenggara,0,0,0,0,66,3,15,48,Province,,Sulawesi Tenggara,Indonesia,Asia,Sulawesi,UTC+08:00,,15,2,219,377,1911,38068,2635461,69.23,122.070311,-4.124688793,0.00,25.04,0.00,1.14,4.55%,22.73%,0.00,1.00
5/6/2020,ID-YO,Daerah Istimewa Yogyakarta,1,0,5,-4,107,7,58,42,Province,,Daerah Istimewa Yogyakarta,Indonesia,Asia,Jawa,UTC+07:00,Daerah Istimewa,4,1,78,46,392,3133,3631015,1158.90,110.4448783,-7.89450185,0.28,29.47,0.00,1.93,6.54%,54.21%,0.17,1.00
5/6/2020,ID-NB,Nusa Tenggara Barat,5,1,7,-3,287,5,53,229,Province,,Nusa Tenggara Barat,Indonesia,Asia,Nusa Tenggara,UTC+08:00,,8,2,117,145,995,18572,5270247,283.77,117.5086257,-8.606998866,0.95,54.46,0.19,0.95,1.74%,18.47%,0.31,
5/6/2020,ID-SU,Sumatera Utara,11,3,0,8,134,17,43,74,Province,,Sumatera Utara,Indonesia,Asia,Sumatera,UTC+07:00,,25,8,450,693,5417,72981,14874889,203.82,99.05196442,2.191894453,0.74,9.01,0.20,1.14,12.69%,32.09%,11.00,
5/6/2020,ID-BE,Bengkulu,2,0,0,2,14,2,1,11,Province,,Bengkulu,Indonesia,Asia,Sumatera,UTC+07:00,,9,1,129,172,1341,19919,1999539,100.38,102.3384213,-3.533583627,1.00,7.00,0.00,1.00,14.29%,7.14%,,1.00
5/6/2020,ID-BT,Banten,29,0,5,24,426,40,122,264,Province,,Banten,Indonesia,Asia,Jawa,UTC+07:00,,4,4,155,313,1238,9663,10722374,1109.64,106.1090043,-6.456736388,2.70,39.73,0.00,3.73,9.39%,28.64%,2.90,1.00
5/6/2020,ID-KT,Kalimantan Tengah,5,0,13,-8,182,9,29,144,Province,,Kalimantan Tengah,Indonesia,Asia,Kalimantan,UTC+07:00,,13,1,136,139,1432,153565,2570289,16.74,113.4176536,-1.602484653,1.95,70.81,0.00,3.50,4.95%,15.93%,5.00,0.00
5/6/2020,ID-KR,Kepulauan Riau,1,0,6,-5,93,9,61,23,Province,,Kepulauan Riau,Indonesia,Asia,Sumatera,UTC+07:00,,5,2,75,142,275,8202,1929400,235.24,108.261746,3.916346,0.52,48.20,0.00,4.66,9.68%,65.59%,0.20,1.00
5/6/2020,ID-NT,Nusa Tenggara Timur,0,0,0,0,12,0,1,11,Province,,Nusa Tenggara Timur,Indonesia,Asia,Nusa Tenggara,UTC+08:00,,21,1,309,327,3026,48718,5411321,111.07,121.592271,-8.682205,0.00,2.22,0.00,0.00,0.00%,8.33%,0.00,1.00
5/6/2020,ID-BA,Bali,0,0,6,-6,268,2,160,106,Province,,Bali,Indonesia,Asia,Nusa Tenggara,UTC+08:00,,8,1,57,80,636,5780,4216171,729.43,115.1317136,-8.369471688,0.00,63.56,0.00,0.47,0.75%,59.70%,0.00,1.00
5/6/2020,ID-SS,Sumatera Selatan,11,1,0,10,209,5,46,158,Province,,Sumatera Selatan,Indonesia,Asia,Sumatera,UTC+07:00,,13,4,241,387,2853,91592,8217551,89.72,104.1694647,-3.216211808,1.34,25.43,0.12,0.61,2.39%,22.01%,0.73,
5/6/2020,ID-KU,Kalimantan Utara,0,0,0,0,131,1,6,124,Province,,Kalimantan Utara,Indonesia,Asia,Kalimantan,UTC+08:00,,4,1,53,35,447,75468,648407,8.59,116.2188791,2.891012621,0.00,202.03,0.00,1.54,0.76%,4.58%,0.00,1.00
5/6/2020,ID-KS,Kalimantan Selatan,13,0,0,13,224,9,24,191,Province,,Kalimantan Selatan,Indonesia,Asia,Kalimantan,UTC+08:00,,11,2,153,144,1864,38744,4023049,103.84,115.4385783,-2.993594979,3.23,55.68,0.00,2.24,4.02%,10.71%,0.93,1.00
5/6/2020,ID-JB,Jawa Barat,19,3,10,6,1245,85,176,984,Province,,Jawa Barat,Indonesia,Asia,Jawa,UTC+07:00,,18,9,627,645,5312,35378,45161325,1276.55,107.6037083,-6.920432083,0.42,27.57,0.07,1.88,6.83%,14.14%,0.37,3.00
5/6/2020,ID-MU,Maluku Utara,0,0,0,0,50,0,6,44,Province,,Maluku Utara,Indonesia,Asia,Maluku,UTC+09:00,,8,2,116,118,1063,31983,1307803,40.89,127.5391072,0.212036949,0.00,38.23,0.00,0.00,0.00%,12.00%,1.00,1.00
5/6/2020,ID-ST,Sulawesi Tengah,0,0,0,0,70,3,12,55,Province,,Sulawesi Tengah,Indonesia,Asia,Sulawesi,UTC+08:00,,12,1,175,175,1842,61841,2955567,47.79,121.2010927,-1.00413668,0.00,23.68,0.00,1.02,4.29%,17.14%,0.00,1.00
5/6/2020,ID-RI,Riau,0,0,0,0,60,6,27,27,Province,,Riau,Indonesia,Asia,Sumatera,UTC+07:00,,10,2,169,268,1591,87024,6074100,69.80,101.8051092,0.511647851,0.00,9.88,0.00,0.99,10.00%,45.00%,0.00,1.00
5/6/2020,ID-JA,Jambi,4,0,0,4,46,0,1,45,Province,,Jambi,Indonesia,Asia,Sumatera,UTC+07:00,,9,2,141,163,1399,50058,3493357,69.79,102.7236404,-1.69769766,1.15,13.17,0.00,0.00,0.00%,2.17%,0.80,1.00
5/6/2020,ID-PA,Papua,1,0,0,1,245,6,48,191,Province,,Papua,Indonesia,Asia,Papua,UTC+09:00,Daerah Khusus,28,1,560,110,5411,319036,4340348,13.60,138.69603,-4.66620953,0.23,56.45,0.00,1.38,2.45%,19.59%,0.17,1.00
5/6/2020,IDN,Indonesia,367,23,120,224,12438,895,2317,9226,Country,,,Indonesia,Asia,,,,416,98,7230,8488,74953,1916907,265185520,138.34,113.921327,-0.789275,1.38,46.90,0.09,3.37,7.20%,18.63%,0.76,2.88
5/6/2020,ID-PB,Papua Barat,4,0,0,4,53,0,0,53,Province,,Papua Barat,Indonesia,Asia,Papua,UTC+09:00,Daerah Khusus,12,1,218,95,1742,102955,1140701,11.08,132.9762624,-2.045160182,3.51,46.46,0.00,0.00,0.00%,0.00%,0.67,1.00
5/6/2020,ID-KB,Kalimantan Barat,17,0,3,14,87,1,10,76,Province,,Kalimantan Barat,Indonesia,Asia,Kalimantan,UTC+07:00,,12,2,174,99,2031,147307,5422814,36.81,111.1211776,-0.086474572,3.13,16.04,0.00,0.18,1.15%,11.49%,,1.00
5/6/2020,ID-SA,Sulawesi Utara,0,0,0,0,43,4,16,23,Province,,Sulawesi Utara,Indonesia,Asia,Sulawesi,UTC+08:00,,11,4,171,332,1507,13892,2641884,190.17,124.5212396,1.259638212,0.00,16.28,0.00,1.51,9.30%,37.21%,1.00,1.00
5/6/2020,ID-LA,Lampung,8,0,5,3,62,5,19,38,Province,,Lampung,Indonesia,Asia,Sumatera,UTC+07:00,,13,2,228,205,2435,34624,9095591,262.70,105.0214366,-4.916792975,0.88,6.82,0.00,0.55,8.06%,30.65%,8.00,1.00
5/6/2020,ID-SN,Sulawesi Selatan,25,3,7,15,656,44,233,379,Province,,Sulawesi Selatan,Indonesia,Asia,Sulawesi,UTC+08:00,,21,3,311,792,2255,46717,9426885,201.78,120.1620559,-3.731080714,2.65,69.59,0.32,4.67,6.71%,35.52%,0.76,1.50
5/6/2020,ID-KI,Kalimantan Timur,14,0,0,14,179,2,16,161,Province,,Kalimantan Timur,Indonesia,Asia,Kalimantan,UTC+08:00,,7,3,103,197,841,129067,3552191,27.52,116.4684405,0.45385803,3.94,50.39,0.00,0.56,1.12%,8.94%,14.00,1.00
5/6/2020,ID-JI,Jawa Timur,56,6,18,32,1167,122,186,859,Province,,Jawa Timur,Indonesia,Asia,Jawa,UTC+07:00,,29,9,666,777,7724,47803,40479023,846.78,112.7329414,-7.723345579,1.38,28.83,0.15,3.01,10.45%,15.94%,1.33,
5/6/2020,ID-AC,Aceh,5,0,0,5,17,1,8,8,Province,,Aceh,Indonesia,Asia,Sumatera,UTC+07:00,Daerah Khusus,18,5,289,,6497,57956,5247257,90.54,96.91052174,4.225614628,0.95,3.24,0.00,0.19,5.88%,47.06%,,1.00
5/6/2020,ID-JK,DKI Jakarta,109,5,38,66,4175,383,693,3099,Province,,DKI Jakarta,Indonesia,Asia,Jawa,UTC+07:00,Daerah Khusus Ibu Kota,1,5,44,267,,664,10846145,16334.31,106.8361183,-6.204698991,10.05,384.93,0.46,35.31,9.17%,16.60%,0.81,5.00
5/6/2020,ID-SR,Sulawesi Barat,0,0,0,0,58,2,5,51,Province,,Sulawesi Barat,Indonesia,Asia,Sulawesi,UTC+08:00,,6,,69,73,575,16787,1559984,92.93,119.3450194,-2.461746053,0.00,37.18,0.00,1.28,3.45%,8.62%,0.00,0.00
5/6/2020,ID-MA,Maluku,0,2,0,-2,23,2,11,10,Province,,Maluku,Indonesia,Asia,Maluku,UTC+09:00,,9,2,118,35,1198,46914,1847097,39.37,129.576792,-3.192572,0.00,12.45,1.08,1.08,8.70%,47.83%,1.00,
5/6/2020,ID-SB,Sumatera Barat,17,0,0,17,238,16,39,183,Province,,Sumatera Barat,Indonesia,Asia,Sumatera,UTC+07:00,,12,7,179,230,928,42013,5519245,131.37,100.4650624,-0.850253225,3.08,43.12,0.00,2.90,6.72%,16.39%,0.94,1.00
5/6/2020,ID-BB,Kepulauan Bangka Belitung,0,0,2,-2,28,1,6,21,Province,,Kepulauan Bangka Belitung,Indonesia,Asia,Sumatera,UTC+07:00,,6,1,47,82,309,16424,1379767,84.01,106.5499324,-2.447444127,0.00,20.29,0.00,0.72,3.57%,21.43%,0.00,1.00
5/6/2020,ID-JT,Jawa Tengah,44,1,23,20,880,55,170,655,Province,,Jawa Tengah,Indonesia,Asia,Jawa,UTC+07:00,,29,6,576,753,7809,32801,36364072,1108.64,110.2011149,-7.259097177,1.21,24.20,0.03,1.51,6.25%,19.32%,0.90,
5/7/2020,ID-GO,Gorontalo,4,0,0,4,19,1,7,11,Province,,Gorontalo,Indonesia,Asia,Sulawesi,UTC+08:00,,5,1,77,72,657,11257,1180651,104.88,122.3760581,0.687002604,3.39,16.09,0.00,0.85,5.26%,36.84%,,1.00
5/7/2020,ID-YO,Daerah Istimewa Yogyakarta,15,0,1,14,122,7,59,56,Province,,Daerah Istimewa Yogyakarta,Indonesia,Asia,Jawa,UTC+07:00,Daerah Istimewa,4,1,78,46,392,3133,3631015,1158.90,110.4448783,-7.89450185,4.13,33.60,0.00,1.93,5.74%,48.36%,15.00,1.00
5/7/2020,ID-BE,Bengkulu,0,0,0,0,14,2,1,11,Province,,Bengkulu,Indonesia,Asia,Sumatera,UTC+07:00,,9,1,129,172,1341,19919,1999539,100.38,102.3384213,-3.533583627,0.00,7.00,0.00,1.00,14.29%,7.14%,0.00,1.00
5/7/2020,ID-NT,Nusa Tenggara Timur,0,0,0,0,12,0,1,11,Province,,Nusa Tenggara Timur,Indonesia,Asia,Nusa Tenggara,UTC+08:00,,21,1,309,327,3026,48718,5411321,111.07,121.592271,-8.682205,0.00,2.22,0.00,0.00,0.00%,8.33%,1.00,1.00
5/7/2020,ID-RI,Riau,5,0,0,5,65,6,27,32,Province,,Riau,Indonesia,Asia,Sumatera,UTC+07:00,,10,2,169,268,1591,87024,6074100,69.80,101.8051092,0.511647851,0.82,10.70,0.00,0.99,9.23%,41.54%,,1.00
5/7/2020,ID-BB,Kepulauan Bangka Belitung,0,0,0,0,28,1,6,21,Province,,Kepulauan Bangka Belitung,Indonesia,Asia,Sumatera,UTC+07:00,,6,1,47,82,309,16424,1379767,84.01,106.5499324,-2.447444127,0.00,20.29,0.00,0.72,3.57%,21.43%,1.00,1.00
5/7/2020,ID-JT,Jawa Tengah,13,1,12,0,893,56,182,655,Province,,Jawa Tengah,Indonesia,Asia,Jawa,UTC+07:00,,29,6,576,753,7809,32801,36364072,1108.64,110.2011149,-7.259097177,0.36,24.56,0.03,1.54,6.27%,20.38%,0.30,1.00
5/7/2020,ID-SG,Sulawesi Tenggara,0,0,0,0,66,3,15,48,Province,,Sulawesi Tenggara,Indonesia,Asia,Sulawesi,UTC+08:00,,15,2,219,377,1911,38068,2635461,69.23,122.070311,-4.124688793,0.00,25.04,0.00,1.14,4.55%,22.73%,1.00,1.00
5/7/2020,ID-NB,Nusa Tenggara Barat,11,0,4,7,298,5,57,236,Province,,Nusa Tenggara Barat,Indonesia,Asia,Nusa Tenggara,UTC+08:00,,8,2,117,145,995,18572,5270247,283.77,117.5086257,-8.606998866,2.09,56.54,0.00,0.95,1.68%,19.13%,2.20,0.00
5/7/2020,ID-SU,Sumatera Utara,1,0,5,-4,135,17,48,70,Province,,Sumatera Utara,Indonesia,Asia,Sumatera,UTC+07:00,,25,8,450,693,5417,72981,14874889,203.82,99.05196442,2.191894453,0.07,9.08,0.00,1.14,12.59%,35.56%,0.09,0.00
5/7/2020,ID-BT,Banten,0,15,0,-15,426,55,122,249,Province,,Banten,Indonesia,Asia,Jawa,UTC+07:00,,4,4,155,313,1238,9663,10722374,1109.64,106.1090043,-6.456736388,0.00,39.73,1.40,5.13,12.91%,28.64%,0.00,
5/7/2020,ID-KR,Kepulauan Riau,0,0,1,-1,93,9,62,22,Province,,Kepulauan Riau,Indonesia,Asia,Sumatera,UTC+07:00,,5,2,75,142,275,8202,1929400,235.24,108.261746,3.916346,0.00,48.20,0.00,4.66,9.68%,66.67%,0.00,1.00
5/7/2020,ID-KT,Kalimantan Tengah,2,1,0,1,184,10,29,145,Province,,Kalimantan Tengah,Indonesia,Asia,Kalimantan,UTC+07:00,,13,1,136,139,1432,153565,2570289,16.74,113.4176536,-1.602484653,0.78,71.59,0.39,3.89,5.43%,15.76%,0.40,
5/7/2020,ID-BA,Bali,10,0,17,-7,278,2,177,99,Province,,Bali,Indonesia,Asia,Nusa Tenggara,UTC+08:00,,8,1,57,80,636,5780,4216171,729.43,115.1317136,-8.369471688,2.37,65.94,0.00,0.47,0.72%,63.67%,,1.00
5/7/2020,ID-KU,Kalimantan Utara,0,0,0,0,131,1,6,124,Province,,Kalimantan Utara,Indonesia,Asia,Kalimantan,UTC+08:00,,4,1,53,35,447,75468,648407,8.59,116.2188791,2.891012621,0.00,202.03,0.00,1.54,0.76%,4.58%,1.00,1.00
5/7/2020,ID-ST,Sulawesi Tengah,5,0,0,5,75,3,12,60,Province,,Sulawesi Tengah,Indonesia,Asia,Sulawesi,UTC+08:00,,12,1,175,175,1842,61841,2955567,47.79,121.2010927,-1.00413668,1.69,25.38,0.00,1.02,4.00%,16.00%,,1.00
5/7/2020,ID-SS,Sumatera Selatan,17,2,2,13,226,7,48,171,Province,,Sumatera Selatan,Indonesia,Asia,Sumatera,UTC+07:00,,13,4,241,387,2853,91592,8217551,89.72,104.1694647,-3.216211808,2.07,27.50,0.24,0.85,3.10%,21.24%,1.55,2.00
5/7/2020,ID-KS,Kalimantan Selatan,13,0,0,13,237,9,24,204,Province,,Kalimantan Selatan,Indonesia,Asia,Kalimantan,UTC+08:00,,11,2,153,144,1864,38744,4023049,103.84,115.4385783,-2.993594979,3.23,58.91,0.00,2.24,3.80%,10.13%,1.00,1.00
5/7/2020,ID-MU,Maluku Utara,0,0,0,0,50,0,6,44,Province,,Maluku Utara,Indonesia,Asia,Maluku,UTC+09:00,,8,2,116,118,1063,31983,1307803,40.89,127.5391072,0.212036949,0.00,38.23,0.00,0.00,0.00%,12.00%,1.00,1.00
5/7/2020,ID-JB,Jawa Barat,55,0,5,50,1300,85,181,1034,Province,,Jawa Barat,Indonesia,Asia,Jawa,UTC+07:00,,18,9,627,645,5312,35378,45161325,1276.55,107.6037083,-6.920432083,1.22,28.79,0.00,1.88,6.54%,13.92%,2.89,0.00
5/7/2020,ID-JA,Jambi,0,0,0,0,46,0,1,45,Province,,Jambi,Indonesia,Asia,Sumatera,UTC+07:00,,9,2,141,163,1399,50058,3493357,69.79,102.7236404,-1.69769766,0.00,13.17,0.00,0.00,0.00%,2.17%,0.00,1.00
5/7/2020,IDN,Indonesia,338,35,64,239,12776,930,2381,9465,Country,,,Indonesia,Asia,,,,416,98,7230,8488,74953,1916907,265185520,138.34,113.921327,-0.789275,1.27,48.18,0.13,3.51,7.28%,18.64%,0.92,1.52
5/7/2020,ID-LA,Lampung,0,0,0,0,62,5,19,38,Province,,Lampung,Indonesia,Asia,Sumatera,UTC+07:00,,13,2,228,205,2435,34624,9095591,262.70,105.0214366,-4.916792975,0.00,6.82,0.00,0.55,8.06%,30.65%,0.00,1.00
5/7/2020,ID-SB,Sumatera Barat,14,1,3,10,252,17,42,193,Province,,Sumatera Barat,Indonesia,Asia,Sumatera,UTC+07:00,,12,7,179,230,928,42013,5519245,131.37,100.4650624,-0.850253225,2.54,45.66,0.18,3.08,6.75%,16.67%,0.82,
5/7/2020,ID-PA,Papua,4,0,0,4,249,6,48,195,Province,,Papua,Indonesia,Asia,Papua,UTC+09:00,Daerah Khusus,28,1,560,110,5411,319036,4340348,13.60,138.69603,-4.66620953,0.92,57.37,0.00,1.38,2.41%,19.28%,4.00,1.00
5/7/2020,ID-PB,Papua Barat,0,0,0,0,53,0,0,53,Province,,Papua Barat,Indonesia,Asia,Papua,UTC+09:00,Daerah Khusus,12,1,218,95,1742,102955,1140701,11.08,132.9762624,-2.045160182,0.00,46.46,0.00,0.00,0.00%,0.00%,0.00,1.00
5/7/2020,ID-SA,Sulawesi Utara,0,0,0,0,43,4,16,23,Province,,Sulawesi Utara,Indonesia,Asia,Sulawesi,UTC+08:00,,11,4,171,332,1507,13892,2641884,190.17,124.5212396,1.259638212,0.00,16.28,0.00,1.51,9.30%,37.21%,1.00,1.00
5/7/2020,ID-KB,Kalimantan Barat,5,0,0,5,92,1,10,81,Province,,Kalimantan Barat,Indonesia,Asia,Kalimantan,UTC+07:00,,12,2,174,99,2031,147307,5422814,36.81,111.1211776,-0.086474572,0.92,16.97,0.00,0.18,1.09%,10.87%,0.29,1.00
5/7/2020,ID-SN,Sulawesi Selatan,19,1,3,15,675,45,236,394,Province,,Sulawesi Selatan,Indonesia,Asia,Sulawesi,UTC+08:00,,21,3,311,792,2255,46717,9426885,201.78,120.1620559,-3.731080714,2.02,71.60,0.11,4.77,6.67%,34.96%,0.76,0.33
5/7/2020,ID-JI,Jawa Timur,45,10,8,27,1212,132,194,886,Province,,Jawa Timur,Indonesia,Asia,Jawa,UTC+07:00,,29,9,666,777,7724,47803,40479023,846.78,112.7329414,-7.723345579,1.11,29.94,0.25,3.26,10.89%,16.01%,0.80,1.67
5/7/2020,ID-MA,Maluku,0,0,0,0,23,2,11,10,Province,,Maluku,Indonesia,Asia,Maluku,UTC+09:00,,9,2,118,35,1198,46914,1847097,39.37,129.576792,-3.192572,0.00,12.45,0.00,1.08,8.70%,47.83%,1.00,0.00
5/7/2020,ID-KI,Kalimantan Timur,0,0,0,0,179,2,16,161,Province,,Kalimantan Timur,Indonesia,Asia,Kalimantan,UTC+08:00,,7,3,103,197,841,129067,3552191,27.52,116.4684405,0.45385803,0.00,50.39,0.00,0.56,1.12%,8.94%,0.00,1.00
5/7/2020,ID-AC,Aceh,0,0,0,0,17,1,8,8,Province,,Aceh,Indonesia,Asia,Sumatera,UTC+07:00,Daerah Khusus,18,5,289,,6497,57956,5247257,90.54,96.91052174,4.225614628,0.00,3.24,0.00,0.19,5.88%,47.06%,0.00,1.00
5/7/2020,ID-SR,Sulawesi Barat,0,0,0,0,58,2,5,51,Province,,Sulawesi Barat,Indonesia,Asia,Sulawesi,UTC+08:00,,6,,69,73,575,16787,1559984,92.93,119.3450194,-2.461746053,0.00,37.18,0.00,1.28,3.45%,8.62%,1.00,1.00
5/7/2020,ID-JK,DKI Jakarta,82,9,4,69,4257,392,697,3168,Province,,DKI Jakarta,Indonesia,Asia,Jawa,UTC+07:00,Daerah Khusus Ibu Kota,1,5,44,267,,664,10846145,16334.31,106.8361183,-6.204698991,7.56,392.49,0.83,36.14,9.21%,16.37%,0.75,1.80
5/8/2020,ID-GO,Gorontalo,0,0,3,-3,19,1,10,8,Province,,Gorontalo,Indonesia,Asia,Sulawesi,UTC+08:00,,5,1,77,72,657,11257,1180651,104.88,122.3760581,0.687002604,0.00,16.09,0.00,0.85,5.26%,52.63%,0.00,1.00
5/8/2020,ID-BE,Bengkulu,0,0,0,0,14,2,1,11,Province,,Bengkulu,Indonesia,Asia,Sumatera,UTC+07:00,,9,1,129,172,1341,19919,1999539,100.38,102.3384213,-3.533583627,0.00,7.00,0.00,1.00,14.29%,7.14%,1.00,1.00
5/8/2020,ID-BB,Kepulauan Bangka Belitung,0,0,1,-1,28,1,7,20,Province,,Kepulauan Bangka Belitung,Indonesia,Asia,Sumatera,UTC+07:00,,6,1,47,82,309,16424,1379767,84.01,106.5499324,-2.447444127,0.00,20.29,0.00,0.72,3.57%,25.00%,1.00,1.00
5/8/2020,ID-SU,Sumatera Utara,15,0,0,15,150,17,48,85,Province,,Sumatera Utara,Indonesia,Asia,Sumatera,UTC+07:00,,25,8,450,693,5417,72981,14874889,203.82,99.05196442,2.191894453,1.01,10.08,0.00,1.14,11.33%,32.00%,15.00,1.00
5/8/2020,ID-KS,Kalimantan Selatan,8,0,0,8,245,9,24,212,Province,,Kalimantan Selatan,Indonesia,Asia,Kalimantan,UTC+08:00,,11,2,153,144,1864,38744,4023049,103.84,115.4385783,-2.993594979,1.99,60.90,0.00,2.24,3.67%,9.80%,0.62,1.00
5/8/2020,ID-SR,Sulawesi Barat,2,0,0,2,60,2,5,53,Province,,Sulawesi Barat,Indonesia,Asia,Sulawesi,UTC+08:00,,6,,69,73,575,16787,1559984,92.93,119.3450194,-2.461746053,1.28,38.46,0.00,1.28,3.33%,8.33%,,1.00
5/8/2020,ID-JK,DKI Jakarta,97,1,0,96,4354,393,697,3264,Province,,DKI Jakarta,Indonesia,Asia,Jawa,UTC+07:00,Daerah Khusus Ibu Kota,1,5,44,267,,664,10846145,16334.31,106.8361183,-6.204698991,8.94,401.43,0.09,36.23,9.03%,16.01%,1.18,0.11
5/8/2020,ID-YO,Daerah Istimewa Yogyakarta,6,0,0,6,128,7,59,62,Province,,Daerah Istimewa Yogyakarta,Indonesia,Asia,Jawa,UTC+07:00,Daerah Istimewa,4,1,78,46,392,3133,3631015,1158.90,110.4448783,-7.89450185,1.65,35.25,0.00,1.93,5.47%,46.09%,0.40,1.00
5/8/2020,ID-NT,Nusa Tenggara Timur,0,0,0,0,12,0,1,11,Province,,Nusa Tenggara Timur,Indonesia,Asia,Nusa Tenggara,UTC+08:00,,21,1,309,327,3026,48718,5411321,111.07,121.592271,-8.682205,0.00,2.22,0.00,0.00,0.00%,8.33%,1.00,1.00
5/8/2020,ID-RI,Riau,3,0,11,-8,68,6,38,24,Province,,Riau,Indonesia,Asia,Sumatera,UTC+07:00,,10,2,169,268,1591,87024,6074100,69.80,101.8051092,0.511647851,0.49,11.20,0.00,0.99,8.82%,55.88%,0.60,1.00
5/8/2020,ID-JT,Jawa Tengah,28,0,30,-2,921,56,212,653,Province,,Jawa Tengah,Indonesia,Asia,Jawa,UTC+07:00,,29,6,576,753,7809,32801,36364072,1108.64,110.2011149,-7.259097177,0.77,25.33,0.00,1.54,6.08%,23.02%,2.15,0.00
5/8/2020,ID-NB,Nusa Tenggara Barat,12,0,23,-11,310,5,80,225,Province,,Nusa Tenggara Barat,Indonesia,Asia,Nusa Tenggara,UTC+08:00,,8,2,117,145,995,18572,5270247,283.77,117.5086257,-8.606998866,2.28,58.82,0.00,0.95,1.61%,25.81%,1.09,1.00
5/8/2020,ID-SG,Sulawesi Tenggara,1,0,0,1,67,3,15,49,Province,,Sulawesi Tenggara,Indonesia,Asia,Sulawesi,UTC+08:00,,15,2,219,377,1911,38068,2635461,69.23,122.070311,-4.124688793,0.38,25.42,0.00,1.14,4.48%,22.39%,,1.00
5/8/2020,ID-BT,Banten,20,0,0,20,446,55,122,269,Province,,Banten,Indonesia,Asia,Jawa,UTC+07:00,,4,4,155,313,1238,9663,10722374,1109.64,106.1090043,-6.456736388,1.87,41.60,0.00,5.13,12.33%,27.35%,,0.00
5/8/2020,ID-KT,Kalimantan Tengah,0,0,1,-1,184,10,30,144,Province,,Kalimantan Tengah,Indonesia,Asia,Kalimantan,UTC+07:00,,13,1,136,139,1432,153565,2570289,16.74,113.4176536,-1.602484653,0.00,71.59,0.00,3.89,5.43%,16.30%,0.00,0.00
5/8/2020,ID-SS,Sumatera Selatan,0,1,0,-1,226,8,48,170,Province,,Sumatera Selatan,Indonesia,Asia,Sumatera,UTC+07:00,,13,4,241,387,2853,91592,8217551,89.72,104.1694647,-3.216211808,0.00,27.50,0.12,0.97,3.54%,21.24%,0.00,0.50
5/8/2020,ID-KR,Kepulauan Riau,2,0,6,-4,95,9,68,18,Province,,Kepulauan Riau,Indonesia,Asia,Sumatera,UTC+07:00,,5,2,75,142,275,8202,1929400,235.24,108.261746,3.916346,1.04,49.24,0.00,4.66,9.47%,71.58%,,1.00
5/8/2020,ID-BA,Bali,13,0,12,1,291,2,189,100,Province,,Bali,Indonesia,Asia,Nusa Tenggara,UTC+08:00,,8,1,57,80,636,5780,4216171,729.43,115.1317136,-8.369471688,3.08,69.02,0.00,0.47,0.69%,64.95%,1.30,1.00
5/8/2020,ID-ST,Sulawesi Tengah,0,0,0,0,75,3,12,60,Province,,Sulawesi Tengah,Indonesia,Asia,Sulawesi,UTC+08:00,,12,1,175,175,1842,61841,2955567,47.79,121.2010927,-1.00413668,0.00,25.38,0.00,1.02,4.00%,16.00%,0.00,1.00
5/8/2020,ID-KU,Kalimantan Utara,0,0,0,0,131,1,6,124,Province,,Kalimantan Utara,Indonesia,Asia,Kalimantan,UTC+08:00,,4,1,53,35,447,75468,648407,8.59,116.2188791,2.891012621,0.00,202.03,0.00,1.54,0.76%,4.58%,1.00,1.00
5/8/2020,ID-MU,Maluku Utara,0,0,3,-3,50,0,9,41,Province,,Maluku Utara,Indonesia,Asia,Maluku,UTC+09:00,,8,2,116,118,1063,31983,1307803,40.89,127.5391072,0.212036949,0.00,38.23,0.00,0.00,0.00%,18.00%,1.00,1.00
5/8/2020,ID-JA,Jambi,0,0,0,0,46,0,1,45,Province,,Jambi,Indonesia,Asia,Sumatera,UTC+07:00,,9,2,141,163,1399,50058,3493357,69.79,102.7236404,-1.69769766,0.00,13.17,0.00,0.00,0.00%,2.17%,1.00,1.00
5/8/2020,ID-PA,Papua,13,0,0,13,262,6,48,208,Province,,Papua,Indonesia,Asia,Papua,UTC+09:00,Daerah Khusus,28,1,560,110,5411,319036,4340348,13.60,138.69603,-4.66620953,3.00,60.36,0.00,1.38,2.29%,18.32%,3.25,1.00
5/8/2020,ID-AC,Aceh,0,0,3,-3,17,1,11,5,Province,,Aceh,Indonesia,Asia,Sumatera,UTC+07:00,Daerah Khusus,18,5,289,,6497,57956,5247257,90.54,96.91052174,4.225614628,0.00,3.24,0.00,0.19,5.88%,64.71%,1.00,1.00
5/8/2020,ID-JB,Jawa Barat,29,2,1,26,1329,87,182,1060,Province,,Jawa Barat,Indonesia,Asia,Jawa,UTC+07:00,,18,9,627,645,5312,35378,45161325,1276.55,107.6037083,-6.920432083,0.64,29.43,0.04,1.93,6.55%,13.69%,0.53,
5/8/2020,IDN,Indonesia,336,13,113,210,13112,943,2494,9675,Country,,,Indonesia,Asia,,,,416,98,7230,8488,74953,1916907,265185520,138.34,113.921327,-0.789275,1.27,49.44,0.05,3.56,7.19%,19.02%,0.99,0.37
5/8/2020,ID-SB,Sumatera Barat,18,0,7,11,270,17,49,204,Province,,Sumatera Barat,Indonesia,Asia,Sumatera,UTC+07:00,,12,7,179,230,928,42013,5519245,131.37,100.4650624,-0.850253225,3.26,48.92,0.00,3.08,6.30%,18.15%,1.29,0.00
5/8/2020,ID-LA,Lampung,3,0,0,3,65,5,19,41,Province,,Lampung,Indonesia,Asia,Sumatera,UTC+07:00,,13,2,228,205,2435,34624,9095591,262.70,105.0214366,-4.916792975,0.33,7.15,0.00,0.55,7.69%,29.23%,,1.00
5/8/2020,ID-PB,Papua Barat,0,0,0,0,53,0,0,53,Province,,Papua Barat,Indonesia,Asia,Papua,UTC+09:00,Daerah Khusus,12,1,218,95,1742,102955,1140701,11.08,132.9762624,-2.045160182,0.00,46.46,0.00,0.00,0.00%,0.00%,1.00,1.00
5/8/2020,ID-KB,Kalimantan Barat,0,0,0,0,92,1,10,81,Province,,Kalimantan Barat,Indonesia,Asia,Kalimantan,UTC+07:00,,12,2,174,99,2031,147307,5422814,36.81,111.1211776,-0.086474572,0.00,16.97,0.00,0.18,1.09%,10.87%,0.00,1.00
5/8/2020,ID-KI,Kalimantan Timur,27,0,9,18,206,2,25,179,Province,,Kalimantan Timur,Indonesia,Asia,Kalimantan,UTC+08:00,,7,3,103,197,841,129067,3552191,27.52,116.4684405,0.45385803,7.60,57.99,0.00,0.56,0.97%,12.14%,,1.00
5/8/2020,ID-SA,Sulawesi Utara,2,0,0,2,45,4,16,25,Province,,Sulawesi Utara,Indonesia,Asia,Sulawesi,UTC+08:00,,11,4,171,332,1507,13892,2641884,190.17,124.5212396,1.259638212,0.76,17.03,0.00,1.51,8.89%,35.56%,,1.00
5/8/2020,ID-SN,Sulawesi Selatan,24,2,13,9,699,47,249,403,Province,,Sulawesi Selatan,Indonesia,Asia,Sulawesi,UTC+08:00,,21,3,311,792,2255,46717,9426885,201.78,120.1620559,-3.731080714,2.55,74.15,0.21,4.99,6.72%,35.62%,1.26,2.00
5/8/2020,ID-MA,Maluku,9,0,0,9,32,2,11,19,Province,,Maluku,Indonesia,Asia,Maluku,UTC+09:00,,9,2,118,35,1198,46914,1847097,39.37,129.576792,-3.192572,4.87,17.32,0.00,1.08,6.25%,34.38%,,1.00
5/8/2020,ID-JI,Jawa Timur,18,5,9,4,1230,137,203,890,Province,,Jawa Timur,Indonesia,Asia,Jawa,UTC+07:00,,29,9,666,777,7724,47803,40479023,846.78,112.7329414,-7.723345579,0.44,30.39,0.12,3.38,11.14%,16.50%,0.40,0.50
5/9/2020,ID-GO,Gorontalo,0,0,0,0,19,1,10,8,Province,,Gorontalo,Indonesia,Asia,Sulawesi,UTC+08:00,,5,1,77,72,657,11257,1180651,104.88,122.3760581,0.687002604,0.00,16.09,0.00,0.85,5.26%,52.63%,1.00,1.00
5/9/2020,ID-BB,Kepulauan Bangka Belitung,0,0,0,0,28,1,7,20,Province,,Kepulauan Bangka Belitung,Indonesia,Asia,Sumatera,UTC+07:00,,6,1,47,82,309,16424,1379767,84.01,106.5499324,-2.447444127,0.00,20.29,0.00,0.72,3.57%,25.00%,1.00,1.00
5/9/2020,ID-SR,Sulawesi Barat,2,0,0,2,62,2,5,55,Province,,Sulawesi Barat,Indonesia,Asia,Sulawesi,UTC+08:00,,6,,69,73,575,16787,1559984,92.93,119.3450194,-2.461746053,1.28,39.74,0.00,1.28,3.23%,8.06%,1.00,1.00
5/9/2020,ID-RI,Riau,2,0,1,1,70,6,39,25,Province,,Riau,Indonesia,Asia,Sumatera,UTC+07:00,,10,2,169,268,1591,87024,6074100,69.80,101.8051092,0.511647851,0.33,11.52,0.00,0.99,8.57%,55.71%,0.67,1.00
5/9/2020,ID-BA,Bali,6,0,2,4,297,2,191,104,Province,,Bali,Indonesia,Asia,Nusa Tenggara,UTC+08:00,,8,1,57,80,636,5780,4216171,729.43,115.1317136,-8.369471688,1.42,70.44,0.00,0.47,0.67%,64.31%,0.46,1.00
5/9/2020,ID-MA,Maluku,0,0,0,0,32,2,11,19,Province,,Maluku,Indonesia,Asia,Maluku,UTC+09:00,,9,2,118,35,1198,46914,1847097,39.37,129.576792,-3.192572,0.00,17.32,0.00,1.08,6.25%,34.38%,0.00,1.00
5/9/2020,ID-JI,Jawa Timur,135,3,12,120,1365,140,215,1010,Province,,Jawa Timur,Indonesia,Asia,Jawa,UTC+07:00,,29,9,666,777,7724,47803,40479023,846.78,112.7329414,-7.723345579,3.34,33.72,0.07,3.46,10.26%,15.75%,7.50,0.60
5/9/2020,ID-BE,Bengkulu,23,0,0,23,37,2,1,34,Province,,Bengkulu,Indonesia,Asia,Sumatera,UTC+07:00,,9,1,129,172,1341,19919,1999539,100.38,102.3384213,-3.533583627,11.50,18.50,0.00,1.00,5.41%,2.70%,,1.00
5/9/2020,ID-SU,Sumatera Utara,22,5,0,17,172,22,48,102,Province,,Sumatera Utara,Indonesia,Asia,Sumatera,UTC+07:00,,25,8,450,693,5417,72981,14874889,203.82,99.05196442,2.191894453,1.48,11.56,0.34,1.48,12.79%,27.91%,1.47,
5/9/2020,ID-KS,Kalimantan Selatan,7,0,0,7,252,9,24,219,Province,,Kalimantan Selatan,Indonesia,Asia,Kalimantan,UTC+08:00,,11,2,153,144,1864,38744,4023049,103.84,115.4385783,-2.993594979,1.74,62.64,0.00,2.24,3.57%,9.52%,0.88,1.00
5/9/2020,ID-JK,DKI Jakarta,100,4,6,90,4454,397,703,3354,Province,,DKI Jakarta,Indonesia,Asia,Jawa,UTC+07:00,Daerah Khusus Ibu Kota,1,5,44,267,,664,10846145,16334.31,106.8361183,-6.204698991,9.22,410.65,0.37,36.60,8.91%,15.78%,1.03,4.00
5/9/2020,ID-NT,Nusa Tenggara Timur,0,0,0,0,12,0,1,11,Province,,Nusa Tenggara Timur,Indonesia,Asia,Nusa Tenggara,UTC+08:00,,21,1,309,327,3026,48718,5411321,111.07,121.592271,-8.682205,0.00,2.22,0.00,0.00,0.00%,8.33%,1.00,1.00
5/9/2020,ID-YO,Daerah Istimewa Yogyakarta,3,0,2,1,131,7,61,63,Province,,Daerah Istimewa Yogyakarta,Indonesia,Asia,Jawa,UTC+07:00,Daerah Istimewa,4,1,78,46,392,3133,3631015,1158.90,110.4448783,-7.89450185,0.83,36.08,0.00,1.93,5.34%,46.56%,0.50,1.00
5/9/2020,ID-JT,Jawa Tengah,26,2,11,13,947,58,223,666,Province,,Jawa Tengah,Indonesia,Asia,Jawa,UTC+07:00,,29,6,576,753,7809,32801,36364072,1108.64,110.2011149,-7.259097177,0.71,26.04,0.05,1.59,6.12%,23.55%,0.93,
5/9/2020,ID-SG,Sulawesi Tenggara,1,0,0,1,68,3,15,50,Province,,Sulawesi Tenggara,Indonesia,Asia,Sulawesi,UTC+08:00,,15,2,219,377,1911,38068,2635461,69.23,122.070311,-4.124688793,0.38,25.80,0.00,1.14,4.41%,22.06%,1.00,1.00
5/9/2020,ID-KR,Kepulauan Riau,1,1,1,-1,96,10,69,17,Province,,Kepulauan Riau,Indonesia,Asia,Sumatera,UTC+07:00,,5,2,75,142,275,8202,1929400,235.24,108.261746,3.916346,0.52,49.76,0.52,5.18,10.42%,71.88%,0.50,
5/9/2020,ID-NB,Nusa Tenggara Barat,18,1,7,10,328,6,87,235,Province,,Nusa Tenggara Barat,Indonesia,Asia,Nusa Tenggara,UTC+08:00,,8,2,117,145,995,18572,5270247,283.77,117.5086257,-8.606998866,3.42,62.24,0.19,1.14,1.83%,26.52%,1.50,
5/9/2020,ID-BT,Banten,19,0,0,19,465,55,122,288,Province,,Banten,Indonesia,Asia,Jawa,UTC+07:00,,4,4,155,313,1238,9663,10722374,1109.64,106.1090043,-6.456736388,1.77,43.37,0.00,5.13,11.83%,26.24%,0.95,1.00
5/9/2020,ID-SS,Sumatera Selatan,51,0,6,45,277,8,54,215,Province,,Sumatera Selatan,Indonesia,Asia,Sumatera,UTC+07:00,,13,4,241,387,2853,91592,8217551,89.72,104.1694647,-3.216211808,6.21,33.71,0.00,0.97,2.89%,19.49%,,0.00
5/9/2020,ID-KT,Kalimantan Tengah,1,0,0,1,185,10,30,145,Province,,Kalimantan Tengah,Indonesia,Asia,Kalimantan,UTC+07:00,,13,1,136,139,1432,153565,2570289,16.74,113.4176536,-1.602484653,0.39,71.98,0.00,3.89,5.41%,16.22%,,1.00
5/9/2020,ID-ST,Sulawesi Tengah,0,0,0,0,75,3,12,60,Province,,Sulawesi Tengah,Indonesia,Asia,Sulawesi,UTC+08:00,,12,1,175,175,1842,61841,2955567,47.79,121.2010927,-1.00413668,0.00,25.38,0.00,1.02,4.00%,16.00%,1.00,1.00
5/9/2020,ID-MU,Maluku Utara,4,0,0,4,54,0,9,45,Province,,Maluku Utara,Indonesia,Asia,Maluku,UTC+09:00,,8,2,116,118,1063,31983,1307803,40.89,127.5391072,0.212036949,3.06,41.29,0.00,0.00,0.00%,16.67%,,1.00
5/9/2020,ID-JB,Jawa Barat,32,3,18,11,1361,90,200,1071,Province,,Jawa Barat,Indonesia,Asia,Jawa,UTC+07:00,,18,9,627,645,5312,35378,45161325,1276.55,107.6037083,-6.920432083,0.71,30.14,0.07,1.99,6.61%,14.70%,1.10,1.50
5/9/2020,ID-SN,Sulawesi Selatan,2,0,9,-7,701,47,258,396,Province,,Sulawesi Selatan,Indonesia,Asia,Sulawesi,UTC+08:00,,21,3,311,792,2255,46717,9426885,201.78,120.1620559,-3.731080714,0.21,74.36,0.00,4.99,6.70%,36.80%,0.08,0.00
5/9/2020,ID-KU,Kalimantan Utara,0,0,0,0,131,1,6,124,Province,,Kalimantan Utara,Indonesia,Asia,Kalimantan,UTC+08:00,,4,1,53,35,447,75468,648407,8.59,116.2188791,2.891012621,0.00,202.03,0.00,1.54,0.76%,4.58%,1.00,1.00
5/9/2020,ID-JA,Jambi,15,0,2,13,61,0,3,58,Province,,Jambi,Indonesia,Asia,Sumatera,UTC+07:00,,9,2,141,163,1399,50058,3493357,69.79,102.7236404,-1.69769766,4.29,17.46,0.00,0.00,0.00%,4.92%,,1.00
5/9/2020,ID-AC,Aceh,0,0,0,0,17,1,11,5,Province,,Aceh,Indonesia,Asia,Sumatera,UTC+07:00,Daerah Khusus,18,5,289,,6497,57956,5247257,90.54,96.91052174,4.225614628,0.00,3.24,0.00,0.19,5.88%,64.71%,1.00,1.00
5/9/2020,ID-PA,Papua,12,0,0,12,274,6,48,220,Province,,Papua,Indonesia,Asia,Papua,UTC+09:00,Daerah Khusus,28,1,560,110,5411,319036,4340348,13.60,138.69603,-4.66620953,2.76,63.13,0.00,1.38,2.19%,17.52%,0.92,1.00
5/9/2020,IDN,Indonesia,533,16,113,404,13645,959,2607,10079,Country,,,Indonesia,Asia,,,,416,98,7230,8488,74953,1916907,265185520,138.34,113.921327,-0.789275,2.01,51.45,0.06,3.62,7.03%,19.11%,1.59,1.23
5/9/2020,ID-LA,Lampung,0,0,0,0,65,5,19,41,Province,,Lampung,Indonesia,Asia,Sumatera,UTC+07:00,,13,2,228,205,2435,34624,9095591,262.70,105.0214366,-4.916792975,0.00,7.15,0.00,0.55,7.69%,29.23%,0.00,1.00
5/9/2020,ID-SA,Sulawesi Utara,6,1,0,5,51,5,16,30,Province,,Sulawesi Utara,Indonesia,Asia,Sulawesi,UTC+08:00,,11,4,171,332,1507,13892,2641884,190.17,124.5212396,1.259638212,2.27,19.30,0.38,1.89,9.80%,31.37%,3.00,
5/9/2020,ID-SB,Sumatera Barat,16,0,6,10,286,17,55,214,Province,,Sumatera Barat,Indonesia,Asia,Sumatera,UTC+07:00,,12,7,179,230,928,42013,5519245,131.37,100.4650624,-0.850253225,2.90,51.82,0.00,3.08,5.94%,19.23%,0.89,1.00
5/9/2020,ID-PB,Papua Barat,0,0,0,0,53,0,0,53,Province,,Papua Barat,Indonesia,Asia,Papua,UTC+09:00,Daerah Khusus,12,1,218,95,1742,102955,1140701,11.08,132.9762624,-2.045160182,0.00,46.46,0.00,0.00,0.00%,0.00%,1.00,1.00
5/9/2020,ID-KI,Kalimantan Timur,5,0,6,-1,211,2,31,178,Province,,Kalimantan Timur,Indonesia,Asia,Kalimantan,UTC+08:00,,7,3,103,197,841,129067,3552191,27.52,116.4684405,0.45385803,1.41,59.40,0.00,0.56,0.95%,14.69%,0.19,1.00
5/9/2020,ID-KB,Kalimantan Barat,23,0,0,23,115,1,10,104,Province,,Kalimantan Barat,Indonesia,Asia,Kalimantan,UTC+07:00,,12,2,174,99,2031,147307,5422814,36.81,111.1211776,-0.086474572,4.24,21.21,0.00,0.18,0.87%,8.70%,,1.00
5/10/2020,ID-GO,Gorontalo,0,0,1,-1,19,1,11,7,Province,,Gorontalo,Indonesia,Asia,Sulawesi,UTC+08:00,,5,1,77,72,657,11257,1180651,104.88,122.3760581,0.687002604,0.00,16.09,0.00,0.85,5.26%,57.89%,1.00,1.00
5/10/2020,ID-SR,Sulawesi Barat,0,0,0,0,62,2,5,55,Province,,Sulawesi Barat,Indonesia,Asia,Sulawesi,UTC+08:00,,6,,69,73,575,16787,1559984,92.93,119.3450194,-2.461746053,0.00,39.74,0.00,1.28,3.23%,8.06%,0.00,1.00
5/10/2020,ID-MA,Maluku,0,0,1,-1,32,2,12,18,Province,,Maluku,Indonesia,Asia,Maluku,UTC+09:00,,9,2,118,35,1198,46914,1847097,39.37,129.576792,-3.192572,0.00,17.32,0.00,1.08,6.25%,37.50%,1.00,1.00
5/10/2020,ID-KS,Kalimantan Selatan,7,0,0,7,259,9,24,226,Province,,Kalimantan Selatan,Indonesia,Asia,Kalimantan,UTC+08:00,,11,2,153,144,1864,38744,4023049,103.84,115.4385783,-2.993594979,1.74,64.38,0.00,2.24,3.47%,9.27%,1.00,1.00
5/10/2020,ID-BT,Banten,10,0,0,10,475,55,122,298,Province,,Banten,Indonesia,Asia,Jawa,UTC+07:00,,4,4,155,313,1238,9663,10722374,1109.64,106.1090043,-6.456736388,0.93,44.30,0.00,5.13,11.58%,25.68%,0.53,1.00
5/10/2020,ID-KI,Kalimantan Timur,4,0,3,1,215,2,34,179,Province,,Kalimantan Timur,Indonesia,Asia,Kalimantan,UTC+08:00,,7,3,103,197,841,129067,3552191,27.52,116.4684405,0.45385803,1.13,60.53,0.00,0.56,0.93%,15.81%,0.80,1.00
5/10/2020,ID-KB,Kalimantan Barat,2,0,0,2,117,1,10,106,Province,,Kalimantan Barat,Indonesia,Asia,Kalimantan,UTC+07:00,,12,2,174,99,2031,147307,5422814,36.81,111.1211776,-0.086474572,0.37,21.58,0.00,0.18,0.85%,8.55%,0.09,1.00
5/10/2020,ID-BB,Kepulauan Bangka Belitung,1,0,0,1,29,1,7,21,Province,,Kepulauan Bangka Belitung,Indonesia,Asia,Sumatera,UTC+07:00,,6,1,47,82,309,16424,1379767,84.01,106.5499324,-2.447444127,0.72,21.02,0.00,0.72,3.45%,24.14%,,1.00
5/10/2020,ID-RI,Riau,2,0,7,-5,72,6,46,20,Province,,Riau,Indonesia,Asia,Sumatera,UTC+07:00,,10,2,169,268,1591,87024,6074100,69.80,101.8051092,0.511647851,0.33,11.85,0.00,0.99,8.33%,63.89%,1.00,1.00
5/10/2020,ID-BA,Bali,5,0,7,-2,302,2,198,102,Province,,Bali,Indonesia,Asia,Nusa Tenggara,UTC+08:00,,8,1,57,80,636,5780,4216171,729.43,115.1317136,-8.369471688,1.19,71.63,0.00,0.47,0.66%,65.56%,0.83,1.00
5/10/2020,ID-JI,Jawa Timur,78,2,3,73,1443,142,218,1083,Province,,Jawa Timur,Indonesia,Asia,Jawa,UTC+07:00,,29,9,666,777,7724,47803,40479023,846.78,112.7329414,-7.723345579,1.93,35.65,0.05,3.51,9.84%,15.11%,0.58,0.67
5/10/2020,ID-SU,Sumatera Utara,0,0,0,0,172,22,48,102,Province,,Sumatera Utara,Indonesia,Asia,Sumatera,UTC+07:00,,25,8,450,693,5417,72981,14874889,203.82,99.05196442,2.191894453,0.00,11.56,0.00,1.48,12.79%,27.91%,0.00,0.00
5/10/2020,ID-BE,Bengkulu,0,0,0,0,37,2,1,34,Province,,Bengkulu,Indonesia,Asia,Sumatera,UTC+07:00,,9,1,129,172,1341,19919,1999539,100.38,102.3384213,-3.533583627,0.00,18.50,0.00,1.00,5.41%,2.70%,0.00,1.00
5/10/2020,ID-JK,DKI Jakarta,127,6,50,71,4581,403,753,3425,Province,,DKI Jakarta,Indonesia,Asia,Jawa,UTC+07:00,Daerah Khusus Ibu Kota,1,5,44,267,,664,10846145,16334.31,106.8361183,-6.204698991,11.71,422.36,0.55,37.16,8.80%,16.44%,1.27,1.50
5/10/2020,ID-YO,Daerah Istimewa Yogyakarta,7,0,0,7,138,7,61,70,Province,,Daerah Istimewa Yogyakarta,Indonesia,Asia,Jawa,UTC+07:00,Daerah Istimewa,4,1,78,46,392,3133,3631015,1158.90,110.4448783,-7.89450185,1.93,38.01,0.00,1.93,5.07%,44.20%,2.33,1.00
5/10/2020,ID-NB,Nusa Tenggara Barat,0,0,5,-5,328,6,92,230,Province,,Nusa Tenggara Barat,Indonesia,Asia,Nusa Tenggara,UTC+08:00,,8,2,117,145,995,18572,5270247,283.77,117.5086257,-8.606998866,0.00,62.24,0.00,1.14,1.83%,28.05%,0.00,0.00
5/10/2020,ID-NT,Nusa Tenggara Timur,0,0,0,0,12,0,1,11,Province,,Nusa Tenggara Timur,Indonesia,Asia,Nusa Tenggara,UTC+08:00,,21,1,309,327,3026,48718,5411321,111.07,121.592271,-8.682205,0.00,2.22,0.00,0.00,0.00%,8.33%,1.00,1.00
5/10/2020,ID-JT,Jawa Tengah,19,1,0,18,966,59,223,684,Province,,Jawa Tengah,Indonesia,Asia,Jawa,UTC+07:00,,29,6,576,753,7809,32801,36364072,1108.64,110.2011149,-7.259097177,0.52,26.56,0.03,1.62,6.11%,23.08%,0.73,0.50
5/10/2020,ID-KR,Kepulauan Riau,0,0,1,-1,96,10,70,16,Province,,Kepulauan Riau,Indonesia,Asia,Sumatera,UTC+07:00,,5,2,75,142,275,8202,1929400,235.24,108.261746,3.916346,0.00,49.76,0.00,5.18,10.42%,72.92%,0.00,0.00
5/10/2020,ID-SG,Sulawesi Tenggara,5,0,1,4,73,3,16,54,Province,,Sulawesi Tenggara,Indonesia,Asia,Sulawesi,UTC+08:00,,15,2,219,377,1911,38068,2635461,69.23,122.070311,-4.124688793,1.90,27.70,0.00,1.14,4.11%,21.92%,5.00,1.00
5/10/2020,ID-SS,Sumatera Selatan,0,3,9,-12,277,11,63,203,Province,,Sumatera Selatan,Indonesia,Asia,Sumatera,UTC+07:00,,13,4,241,387,2853,91592,8217551,89.72,104.1694647,-3.216211808,0.00,33.71,0.37,1.34,3.97%,22.74%,0.00,
5/10/2020,ID-ST,Sulawesi Tengah,8,0,0,8,83,3,12,68,Province,,Sulawesi Tengah,Indonesia,Asia,Sulawesi,UTC+08:00,,12,1,175,175,1842,61841,2955567,47.79,121.2010927,-1.00413668,2.71,28.08,0.00,1.02,3.61%,14.46%,,1.00
5/10/2020,ID-KU,Kalimantan Utara,0,0,1,-1,131,1,7,123,Province,,Kalimantan Utara,Indonesia,Asia,Kalimantan,UTC+08:00,,4,1,53,35,447,75468,648407,8.59,116.2188791,2.891012621,0.00,202.03,0.00,1.54,0.76%,5.34%,1.00,1.00
5/10/2020,ID-PB,Papua Barat,17,0,2,15,70,0,2,68,Province,,Papua Barat,Indonesia,Asia,Papua,UTC+09:00,Daerah Khusus,12,1,218,95,1742,102955,1140701,11.08,132.9762624,-2.045160182,14.90,61.37,0.00,0.00,0.00%,2.86%,,1.00
5/10/2020,ID-KT,Kalimantan Tengah,4,0,0,4,189,10,30,149,Province,,Kalimantan Tengah,Indonesia,Asia,Kalimantan,UTC+07:00,,13,1,136,139,1432,153565,2570289,16.74,113.4176536,-1.602484653,1.56,73.53,0.00,3.89,5.29%,15.87%,4.00,1.00
5/10/2020,ID-MU,Maluku Utara,0,0,0,0,54,0,9,45,Province,,Maluku Utara,Indonesia,Asia,Maluku,UTC+09:00,,8,2,116,118,1063,31983,1307803,40.89,127.5391072,0.212036949,0.00,41.29,0.00,0.00,0.00%,16.67%,0.00,1.00
5/10/2020,ID-SN,Sulawesi Selatan,12,2,6,4,713,49,264,400,Province,,Sulawesi Selatan,Indonesia,Asia,Sulawesi,UTC+08:00,,21,3,311,792,2255,46717,9426885,201.78,120.1620559,-3.731080714,1.27,75.63,0.21,5.20,6.87%,37.03%,6.00,
5/10/2020,ID-JB,Jawa Barat,0,0,0,0,1361,90,200,1071,Province,,Jawa Barat,Indonesia,Asia,Jawa,UTC+07:00,,18,9,627,645,5312,35378,45161325,1276.55,107.6037083,-6.920432083,0.00,30.14,0.00,1.99,6.61%,14.70%,0.00,0.00
5/10/2020,ID-JA,Jambi,2,0,0,2,63,0,3,60,Province,,Jambi,Indonesia,Asia,Sumatera,UTC+07:00,,9,2,141,163,1399,50058,3493357,69.79,102.7236404,-1.69769766,0.57,18.03,0.00,0.00,0.00%,4.76%,0.13,1.00
5/10/2020,ID-PA,Papua,30,0,0,30,304,6,48,250,Province,,Papua,Indonesia,Asia,Papua,UTC+09:00,Daerah Khusus,28,1,560,110,5411,319036,4340348,13.60,138.69603,-4.66620953,6.91,70.04,0.00,1.38,1.97%,15.79%,2.50,1.00
5/10/2020,ID-SB,Sumatera Barat,13,0,2,11,299,17,57,225,Province,,Sumatera Barat,Indonesia,Asia,Sumatera,UTC+07:00,,12,7,179,230,928,42013,5519245,131.37,100.4650624,-0.850253225,2.36,54.17,0.00,3.08,5.69%,19.06%,0.81,1.00
5/10/2020,ID-AC,Aceh,0,0,0,0,17,1,11,5,Province,,Aceh,Indonesia,Asia,Sumatera,UTC+07:00,Daerah Khusus,18,5,289,,6497,57956,5247257,90.54,96.91052174,4.225614628,0.00,3.24,0.00,0.19,5.88%,64.71%,1.00,1.00
5/10/2020,IDN,Indonesia,387,14,91,282,14032,973,2698,10361,Country,,,Indonesia,Asia,,,,416,98,7230,8488,74953,1916907,265185520,138.34,113.921327,-0.789275,1.46,52.91,0.05,3.67,6.93%,19.23%,0.73,0.88
5/10/2020,ID-SA,Sulawesi Utara,18,1,0,17,69,6,16,47,Province,,Sulawesi Utara,Indonesia,Asia,Sulawesi,UTC+08:00,,11,4,171,332,1507,13892,2641884,190.17,124.5212396,1.259638212,6.81,26.12,0.38,2.27,8.70%,23.19%,3.00,1.00
5/10/2020,ID-LA,Lampung,0,1,0,-1,65,6,19,40,Province,,Lampung,Indonesia,Asia,Sumatera,UTC+07:00,,13,2,228,205,2435,34624,9095591,262.70,105.0214366,-4.916792975,0.00,7.15,0.11,0.66,9.23%,29.23%,1.00,
5/11/2020,ID-GO,Gorontalo,0,0,0,0,19,1,11,7,Province,,Gorontalo,Indonesia,Asia,Sulawesi,UTC+08:00,,5,1,77,72,657,11257,1180651,104.88,122.3760581,0.687002604,0.00,16.09,0.00,0.85,5.26%,57.89%,1.00,1.00
5/11/2020,ID-MA,Maluku,0,2,4,-6,32,4,16,12,Province,,Maluku,Indonesia,Asia,Maluku,UTC+09:00,,9,2,118,35,1198,46914,1847097,39.37,129.576792,-3.192572,0.00,17.32,1.08,2.17,12.50%,50.00%,1.00,
5/11/2020,ID-KI,Kalimantan Timur,7,1,4,2,222,3,38,181,Province,,Kalimantan Timur,Indonesia,Asia,Kalimantan,UTC+08:00,,7,3,103,197,841,129067,3552191,27.52,116.4684405,0.45385803,1.97,62.50,0.28,0.84,1.35%,17.12%,1.75,
5/11/2020,ID-BA,Bali,3,0,6,-3,305,2,204,99,Province,,Bali,Indonesia,Asia,Nusa Tenggara,UTC+08:00,,8,1,57,80,636,5780,4216171,729.43,115.1317136,-8.369471688,0.71,72.34,0.00,0.47,0.66%,66.89%,0.60,1.00
5/11/2020,ID-JT,Jawa Tengah,2,0,3,-1,968,59,226,683,Province,,Jawa Tengah,Indonesia,Asia,Jawa,UTC+07:00,,29,6,576,753,7809,32801,36364072,1108.64,110.2011149,-7.259097177,0.05,26.62,0.00,1.62,6.10%,23.35%,0.11,0.00
5/11/2020,ID-SA,Sulawesi Utara,0,0,0,0,69,6,16,47,Province,,Sulawesi Utara,Indonesia,Asia,Sulawesi,UTC+08:00,,11,4,171,332,1507,13892,2641884,190.17,124.5212396,1.259638212,0.00,26.12,0.00,2.27,8.70%,23.19%,0.00,0.00
5/11/2020,ID-LA,Lampung,0,1,0,-1,65,7,19,39,Province,,Lampung,Indonesia,Asia,Sumatera,UTC+07:00,,13,2,228,205,2435,34624,9095591,262.70,105.0214366,-4.916792975,0.00,7.15,0.11,0.77,10.77%,29.23%,1.00,1.00
5/11/2020,ID-SR,Sulawesi Barat,0,0,0,0,62,2,5,55,Province,,Sulawesi Barat,Indonesia,Asia,Sulawesi,UTC+08:00,,6,,69,73,575,16787,1559984,92.93,119.3450194,-2.461746053,0.00,39.74,0.00,1.28,3.23%,8.06%,1.00,1.00
5/11/2020,ID-KS,Kalimantan Selatan,0,0,0,0,259,9,24,226,Province,,Kalimantan Selatan,Indonesia,Asia,Kalimantan,UTC+08:00,,11,2,153,144,1864,38744,4023049,103.84,115.4385783,-2.993594979,0.00,64.38,0.00,2.24,3.47%,9.27%,0.00,1.00
5/11/2020,ID-BT,Banten,8,0,24,-16,483,55,146,282,Province,,Banten,Indonesia,Asia,Jawa,UTC+07:00,,4,4,155,313,1238,9663,10722374,1109.64,106.1090043,-6.456736388,0.75,45.05,0.00,5.13,11.39%,30.23%,0.80,1.00
5/11/2020,ID-KB,Kalimantan Barat,0,0,0,0,117,1,10,106,Province,,Kalimantan Barat,Indonesia,Asia,Kalimantan,UTC+07:00,,12,2,174,99,2031,147307,5422814,36.81,111.1211776,-0.086474572,0.00,21.58,0.00,0.18,0.85%,8.55%,0.00,1.00
5/11/2020,ID-RI,Riau,1,0,3,-2,73,6,49,18,Province,,Riau,Indonesia,Asia,Sumatera,UTC+07:00,,10,2,169,268,1591,87024,6074100,69.80,101.8051092,0.511647851,0.16,12.02,0.00,0.99,8.22%,67.12%,0.50,1.00
5/11/2020,ID-BB,Kepulauan Bangka Belitung,0,0,0,0,29,1,7,21,Province,,Kepulauan Bangka Belitung,Indonesia,Asia,Sumatera,UTC+07:00,,6,1,47,82,309,16424,1379767,84.01,106.5499324,-2.447444127,0.00,21.02,0.00,0.72,3.45%,24.14%,0.00,1.00
5/11/2020,ID-JI,Jawa Timur,37,6,14,17,1480,148,232,1100,Province,,Jawa Timur,Indonesia,Asia,Jawa,UTC+07:00,,29,9,666,777,7724,47803,40479023,846.78,112.7329414,-7.723345579,0.91,36.56,0.15,3.66,10.00%,15.68%,0.47,3.00
5/11/2020,ID-BE,Bengkulu,0,0,0,0,37,2,1,34,Province,,Bengkulu,Indonesia,Asia,Sumatera,UTC+07:00,,9,1,129,172,1341,19919,1999539,100.38,102.3384213,-3.533583627,0.00,18.50,0.00,1.00,5.41%,2.70%,1.00,1.00
5/11/2020,ID-NT,Nusa Tenggara Timur,0,0,0,0,12,0,1,11,Province,,Nusa Tenggara Timur,Indonesia,Asia,Nusa Tenggara,UTC+08:00,,21,1,309,327,3026,48718,5411321,111.07,121.592271,-8.682205,0.00,2.22,0.00,0.00,0.00%,8.33%,1.00,1.00
5/11/2020,ID-SU,Sumatera Utara,17,3,0,14,189,25,48,116,Province,,Sumatera Utara,Indonesia,Asia,Sumatera,UTC+07:00,,25,8,450,693,5417,72981,14874889,203.82,99.05196442,2.191894453,1.14,12.71,0.20,1.68,13.23%,25.40%,,
5/11/2020,ID-JK,DKI Jakarta,80,6,9,65,4661,409,762,3490,Province,,DKI Jakarta,Indonesia,Asia,Jawa,UTC+07:00,Daerah Khusus Ibu Kota,1,5,44,267,,664,10846145,16334.31,106.8361183,-6.204698991,7.38,429.74,0.55,37.71,8.77%,16.35%,0.63,1.00
5/11/2020,ID-NB,Nusa Tenggara Barat,1,0,13,-12,329,6,105,218,Province,,Nusa Tenggara Barat,Indonesia,Asia,Nusa Tenggara,UTC+08:00,,8,2,117,145,995,18572,5270247,283.77,117.5086257,-8.606998866,0.19,62.43,0.00,1.14,1.82%,31.91%,,1.00
5/11/2020,ID-YO,Daerah Istimewa Yogyakarta,6,1,6,-1,144,8,67,69,Province,,Daerah Istimewa Yogyakarta,Indonesia,Asia,Jawa,UTC+07:00,Daerah Istimewa,4,1,78,46,392,3133,3631015,1158.90,110.4448783,-7.89450185,1.65,39.66,0.28,2.20,5.56%,46.53%,0.86,
5/11/2020,ID-KR,Kepulauan Riau,3,0,6,-3,99,10,76,13,Province,,Kepulauan Riau,Indonesia,Asia,Sumatera,UTC+07:00,,5,2,75,142,275,8202,1929400,235.24,108.261746,3.916346,1.55,51.31,0.00,5.18,10.10%,76.77%,,1.00
5/11/2020,ID-SS,Sumatera Selatan,0,0,0,0,277,11,63,203,Province,,Sumatera Selatan,Indonesia,Asia,Sumatera,UTC+07:00,,13,4,241,387,2853,91592,8217551,89.72,104.1694647,-3.216211808,0.00,33.71,0.00,1.34,3.97%,22.74%,1.00,0.00
5/11/2020,ID-KT,Kalimantan Tengah,7,0,0,7,196,10,30,156,Province,,Kalimantan Tengah,Indonesia,Asia,Kalimantan,UTC+07:00,,13,1,136,139,1432,153565,2570289,16.74,113.4176536,-1.602484653,2.72,76.26,0.00,3.89,5.10%,15.31%,1.75,1.00
5/11/2020,IDN,Indonesia,233,18,183,32,14265,991,2881,10393,Country,,,Indonesia,Asia,,,,416,98,7230,8488,74953,1916907,265185520,138.34,113.921327,-0.789275,0.88,53.79,0.07,3.74,6.95%,20.20%,0.60,1.29
5/11/2020,ID-SG,Sulawesi Tenggara,0,0,0,0,73,3,16,54,Province,,Sulawesi Tenggara,Indonesia,Asia,Sulawesi,UTC+08:00,,15,2,219,377,1911,38068,2635461,69.23,122.070311,-4.124688793,0.00,27.70,0.00,1.14,4.11%,21.92%,0.00,1.00
5/11/2020,ID-ST,Sulawesi Tengah,0,0,1,-1,83,3,13,67,Province,,Sulawesi Tengah,Indonesia,Asia,Sulawesi,UTC+08:00,,12,1,175,175,1842,61841,2955567,47.79,121.2010927,-1.00413668,0.00,28.08,0.00,1.02,3.61%,15.66%,0.00,1.00
5/11/2020,ID-PB,Papua Barat,0,0,0,0,70,0,2,68,Province,,Papua Barat,Indonesia,Asia,Papua,UTC+09:00,Daerah Khusus,12,1,218,95,1742,102955,1140701,11.08,132.9762624,-2.045160182,0.00,61.37,0.00,0.00,0.00%,2.86%,0.00,1.00
5/11/2020,ID-KU,Kalimantan Utara,1,0,0,1,132,1,7,124,Province,,Kalimantan Utara,Indonesia,Asia,Kalimantan,UTC+08:00,,4,1,53,35,447,75468,648407,8.59,116.2188791,2.891012621,1.54,203.58,0.00,1.54,0.76%,5.30%,,1.00
5/11/2020,ID-MU,Maluku Utara,0,0,0,0,54,0,9,45,Province,,Maluku Utara,Indonesia,Asia,Maluku,UTC+09:00,,8,2,116,118,1063,31983,1307803,40.89,127.5391072,0.212036949,0.00,41.29,0.00,0.00,0.00%,16.67%,1.00,1.00
5/11/2020,ID-JB,Jawa Barat,55,3,11,41,1416,93,211,1112,Province,,Jawa Barat,Indonesia,Asia,Jawa,UTC+07:00,,18,9,627,645,5312,35378,45161325,1276.55,107.6037083,-6.920432083,1.22,31.35,0.07,2.06,6.57%,14.90%,,
5/11/2020,ID-AC,Aceh,0,0,1,-1,17,1,12,4,Province,,Aceh,Indonesia,Asia,Sumatera,UTC+07:00,Daerah Khusus,18,5,289,,6497,57956,5247257,90.54,96.91052174,4.225614628,0.00,3.24,0.00,0.19,5.88%,70.59%,1.00,1.00
5/11/2020,ID-SN,Sulawesi Selatan,0,1,11,-12,713,50,275,388,Province,,Sulawesi Selatan,Indonesia,Asia,Sulawesi,UTC+08:00,,21,3,311,792,2255,46717,9426885,201.78,120.1620559,-3.731080714,0.00,75.63,0.11,5.30,7.01%,38.57%,0.00,0.50
5/11/2020,ID-JA,Jambi,1,0,0,1,64,0,3,61,Province,,Jambi,Indonesia,Asia,Sumatera,UTC+07:00,,9,2,141,163,1399,50058,3493357,69.79,102.7236404,-1.69769766,0.29,18.32,0.00,0.00,0.00%,4.69%,0.50,1.00
5/11/2020,ID-SB,Sumatera Barat,0,0,11,-11,299,17,68,214,Province,,Sumatera Barat,Indonesia,Asia,Sumatera,UTC+07:00,,12,7,179,230,928,42013,5519245,131.37,100.4650624,-0.850253225,0.00,54.17,0.00,3.08,5.69%,22.74%,0.00,1.00
5/11/2020,ID-PA,Papua,0,0,0,0,304,6,48,250,Province,,Papua,Indonesia,Asia,Papua,UTC+09:00,Daerah Khusus,28,1,560,110,5411,319036,4340348,13.60,138.69603,-4.66620953,0.00,70.04,0.00,1.38,1.97%,15.79%,0.00,1.00
5/12/2020,ID-GO,Gorontalo,0,0,0,0,19,1,11,7,Province,,Gorontalo,Indonesia,Asia,Sulawesi,UTC+08:00,,5,1,77,72,657,11257,1180651,104.88,122.3760581,0.687002604,0.00,16.09,0.00,0.85,5.26%,57.89%,1.00,1.00
5/12/2020,ID-KI,Kalimantan Timur,3,0,3,0,225,3,41,181,Province,,Kalimantan Timur,Indonesia,Asia,Kalimantan,UTC+08:00,,7,3,103,197,841,129067,3552191,27.52,116.4684405,0.45385803,0.84,63.34,0.00,0.84,1.33%,18.22%,0.43,0.00
5/12/2020,ID-SA,Sulawesi Utara,3,0,9,-6,72,6,25,41,Province,,Sulawesi Utara,Indonesia,Asia,Sulawesi,UTC+08:00,,11,4,171,332,1507,13892,2641884,190.17,124.5212396,1.259638212,1.14,27.25,0.00,2.27,8.33%,34.72%,,1.00
5/12/2020,ID-BT,Banten,18,0,7,11,501,55,153,293,Province,,Banten,Indonesia,Asia,Jawa,UTC+07:00,,4,4,155,313,1238,9663,10722374,1109.64,106.1090043,-6.456736388,1.68,46.72,0.00,5.13,10.98%,30.54%,2.25,1.00
5/12/2020,ID-JK,DKI Jakarta,94,2,111,-19,4755,411,873,3471,Province,,DKI Jakarta,Indonesia,Asia,Jawa,UTC+07:00,Daerah Khusus Ibu Kota,1,5,44,267,,664,10846145,16334.31,106.8361183,-6.204698991,8.67,438.40,0.18,37.89,8.64%,18.36%,1.18,0.33
5/12/2020,ID-SB,Sumatera Barat,20,1,3,16,319,18,71,230,Province,,Sumatera Barat,Indonesia,Asia,Sumatera,UTC+07:00,,12,7,179,230,928,42013,5519245,131.37,100.4650624,-0.850253225,3.62,57.80,0.18,3.26,5.64%,22.26%,,
5/12/2020,ID-PA,Papua,16,0,0,16,320,6,48,266,Province,,Papua,Indonesia,Asia,Papua,UTC+09:00,Daerah Khusus,28,1,560,110,5411,319036,4340348,13.60,138.69603,-4.66620953,3.69,73.73,0.00,1.38,1.88%,15.00%,,1.00
5/12/2020,ID-MA,Maluku,18,0,0,18,50,4,16,30,Province,,Maluku,Indonesia,Asia,Maluku,UTC+09:00,,9,2,118,35,1198,46914,1847097,39.37,129.576792,-3.192572,9.75,27.07,0.00,2.17,8.00%,32.00%,,0.00
5/12/2020,ID-BA,Bali,14,0,5,9,319,2,209,108,Province,,Bali,Indonesia,Asia,Nusa Tenggara,UTC+08:00,,8,1,57,80,636,5780,4216171,729.43,115.1317136,-8.369471688,3.32,75.66,0.00,0.47,0.63%,65.52%,4.67,1.00
5/12/2020,ID-JT,Jawa Tengah,9,1,0,8,977,60,226,691,Province,,Jawa Tengah,Indonesia,Asia,Jawa,UTC+07:00,,29,6,576,753,7809,32801,36364072,1108.64,110.2011149,-7.259097177,0.25,26.87,0.03,1.65,6.14%,23.13%,4.50,
5/12/2020,ID-LA,Lampung,0,0,0,0,65,7,19,39,Province,,Lampung,Indonesia,Asia,Sumatera,UTC+07:00,,13,2,228,205,2435,34624,9095591,262.70,105.0214366,-4.916792975,0.00,7.15,0.00,0.77,10.77%,29.23%,1.00,0.00
5/12/2020,ID-KS,Kalimantan Selatan,14,0,0,14,273,9,24,240,Province,,Kalimantan Selatan,Indonesia,Asia,Kalimantan,UTC+08:00,,11,2,153,144,1864,38744,4023049,103.84,115.4385783,-2.993594979,3.48,67.86,0.00,2.24,3.30%,8.79%,,1.00
5/12/2020,ID-SR,Sulawesi Barat,5,0,2,3,67,2,7,58,Province,,Sulawesi Barat,Indonesia,Asia,Sulawesi,UTC+08:00,,6,,69,73,575,16787,1559984,92.93,119.3450194,-2.461746053,3.21,42.95,0.00,1.28,2.99%,10.45%,,1.00
5/12/2020,ID-KB,Kalimantan Barat,3,0,9,-6,120,1,19,100,Province,,Kalimantan Barat,Indonesia,Asia,Kalimantan,UTC+07:00,,12,2,174,99,2031,147307,5422814,36.81,111.1211776,-0.086474572,0.55,22.13,0.00,0.18,0.83%,15.83%,,1.00
5/12/2020,ID-BB,Kepulauan Bangka Belitung,0,0,0,0,29,1,7,21,Province,,Kepulauan Bangka Belitung,Indonesia,Asia,Sumatera,UTC+07:00,,6,1,47,82,309,16424,1379767,84.01,106.5499324,-2.447444127,0.00,21.02,0.00,0.72,3.45%,24.14%,1.00,1.00
5/12/2020,ID-SU,Sumatera Utara,2,0,5,-3,191,25,53,113,Province,,Sumatera Utara,Indonesia,Asia,Sumatera,UTC+07:00,,25,8,450,693,5417,72981,14874889,203.82,99.05196442,2.191894453,0.13,12.84,0.00,1.68,13.09%,27.75%,0.12,0.00
5/12/2020,ID-RI,Riau,7,0,0,7,80,6,49,25,Province,,Riau,Indonesia,Asia,Sumatera,UTC+07:00,,10,2,169,268,1591,87024,6074100,69.80,101.8051092,0.511647851,1.15,13.17,0.00,0.99,7.50%,61.25%,7.00,1.00
5/12/2020,ID-JI,Jawa Timur,115,6,14,95,1595,154,246,1195,Province,,Jawa Timur,Indonesia,Asia,Jawa,UTC+07:00,,29,9,666,777,7724,47803,40479023,846.78,112.7329414,-7.723345579,2.84,39.40,0.15,3.80,9.66%,15.42%,3.11,1.00
5/12/2020,ID-NT,Nusa Tenggara Timur,1,0,0,1,13,0,1,12,Province,,Nusa Tenggara Timur,Indonesia,Asia,Nusa Tenggara,UTC+08:00,,21,1,309,327,3026,48718,5411321,111.07,121.592271,-8.682205,0.18,2.40,0.00,0.00,0.00%,7.69%,,1.00
5/12/2020,ID-BE,Bengkulu,3,0,0,3,40,2,1,37,Province,,Bengkulu,Indonesia,Asia,Sumatera,UTC+07:00,,9,1,129,172,1341,19919,1999539,100.38,102.3384213,-3.533583627,1.50,20.00,0.00,1.00,5.00%,2.50%,,1.00
5/12/2020,ID-NB,Nusa Tenggara Barat,8,0,0,8,337,6,105,226,Province,,Nusa Tenggara Barat,Indonesia,Asia,Nusa Tenggara,UTC+08:00,,8,2,117,145,995,18572,5270247,283.77,117.5086257,-8.606998866,1.52,63.94,0.00,1.14,1.78%,31.16%,8.00,1.00
5/12/2020,ID-KR,Kepulauan Riau,2,0,2,0,101,10,78,13,Province,,Kepulauan Riau,Indonesia,Asia,Sumatera,UTC+07:00,,5,2,75,142,275,8202,1929400,235.24,108.261746,3.916346,1.04,52.35,0.00,5.18,9.90%,77.23%,0.67,1.00
5/12/2020,ID-SG,Sulawesi Tenggara,0,0,0,0,73,3,16,54,Province,,Sulawesi Tenggara,Indonesia,Asia,Sulawesi,UTC+08:00,,15,2,219,377,1911,38068,2635461,69.23,122.070311,-4.124688793,0.00,27.70,0.00,1.14,4.11%,21.92%,1.00,1.00
5/12/2020,ID-JA,Jambi,0,0,0,0,64,0,3,61,Province,,Jambi,Indonesia,Asia,Sumatera,UTC+07:00,,9,2,141,163,1399,50058,3493357,69.79,102.7236404,-1.69769766,0.00,18.32,0.00,0.00,0.00%,4.69%,0.00,1.00
5/12/2020,ID-YO,Daerah Istimewa Yogyakarta,10,0,0,10,154,8,67,79,Province,,Daerah Istimewa Yogyakarta,Indonesia,Asia,Jawa,UTC+07:00,Daerah Istimewa,4,1,78,46,392,3133,3631015,1158.90,110.4448783,-7.89450185,2.75,42.41,0.00,2.20,5.19%,43.51%,1.67,0.00
5/12/2020,ID-SS,Sumatera Selatan,1,1,9,-9,278,12,72,194,Province,,Sumatera Selatan,Indonesia,Asia,Sumatera,UTC+07:00,,13,4,241,387,2853,91592,8217551,89.72,104.1694647,-3.216211808,0.12,33.83,0.12,1.46,4.32%,25.90%,,
5/12/2020,IDN,Indonesia,484,16,182,286,14749,1007,3063,10679,Country,,,Indonesia,Asia,,,,416,98,7230,8488,74953,1916907,265185520,138.34,113.921327,-0.789275,1.83,55.62,0.06,3.80,6.83%,20.77%,2.08,0.89
5/12/2020,ID-KT,Kalimantan Tengah,4,0,0,4,200,10,30,160,Province,,Kalimantan Tengah,Indonesia,Asia,Kalimantan,UTC+07:00,,13,1,136,139,1432,153565,2570289,16.74,113.4176536,-1.602484653,1.56,77.81,0.00,3.89,5.00%,15.00%,0.57,1.00
5/12/2020,ID-ST,Sulawesi Tengah,12,0,0,12,95,3,13,79,Province,,Sulawesi Tengah,Indonesia,Asia,Sulawesi,UTC+08:00,,12,1,175,175,1842,61841,2955567,47.79,121.2010927,-1.00413668,4.06,32.14,0.00,1.02,3.16%,13.68%,,1.00
5/12/2020,ID-KU,Kalimantan Utara,0,0,5,-5,132,1,12,119,Province,,Kalimantan Utara,Indonesia,Asia,Kalimantan,UTC+08:00,,4,1,53,35,447,75468,648407,8.59,116.2188791,2.891012621,0.00,203.58,0.00,1.54,0.76%,9.09%,0.00,1.00
5/12/2020,ID-SN,Sulawesi Selatan,26,0,7,19,739,50,282,407,Province,,Sulawesi Selatan,Indonesia,Asia,Sulawesi,UTC+08:00,,21,3,311,792,2255,46717,9426885,201.78,120.1620559,-3.731080714,2.76,78.39,0.00,5.30,6.77%,38.16%,,0.00
5/12/2020,ID-PB,Papua Barat,0,0,0,0,70,0,2,68,Province,,Papua Barat,Indonesia,Asia,Papua,UTC+09:00,Daerah Khusus,12,1,218,95,1742,102955,1140701,11.08,132.9762624,-2.045160182,0.00,61.37,0.00,0.00,0.00%,2.86%,1.00,1.00
5/12/2020,ID-MU,Maluku Utara,0,0,0,0,54,0,9,45,Province,,Maluku Utara,Indonesia,Asia,Maluku,UTC+09:00,,8,2,116,118,1063,31983,1307803,40.89,127.5391072,0.212036949,0.00,41.29,0.00,0.00,0.00%,16.67%,1.00,1.00
5/12/2020,ID-AC,Aceh,0,0,0,0,17,1,12,4,Province,,Aceh,Indonesia,Asia,Sumatera,UTC+07:00,Daerah Khusus,18,5,289,,6497,57956,5247257,90.54,96.91052174,4.225614628,0.00,3.24,0.00,0.19,5.88%,70.59%,1.00,1.00
5/12/2020,ID-JB,Jawa Barat,54,0,0,54,1470,93,211,1166,Province,,Jawa Barat,Indonesia,Asia,Jawa,UTC+07:00,,18,9,627,645,5312,35378,45161325,1276.55,107.6037083,-6.920432083,1.20,32.55,0.00,2.06,6.33%,14.35%,0.98,0.00
5/13/2020,ID-GO,Gorontalo,0,0,1,-1,19,1,12,6,Province,,Gorontalo,Indonesia,Asia,Sulawesi,UTC+08:00,,5,1,77,72,657,11257,1180651,104.88,122.3760581,0.687002604,0.00,16.09,0.00,0.85,5.26%,63.16%,1.00,1.00
5/13/2020,ID-SA,Sulawesi Utara,8,1,0,7,80,7,25,48,Province,,Sulawesi Utara,Indonesia,Asia,Sulawesi,UTC+08:00,,11,4,171,332,1507,13892,2641884,190.17,124.5212396,1.259638212,3.03,30.28,0.38,2.65,8.75%,31.25%,2.67,
5/13/2020,ID-SB,Sumatera Barat,20,1,13,6,339,19,84,236,Province,,Sumatera Barat,Indonesia,Asia,Sumatera,UTC+07:00,,12,7,179,230,928,42013,5519245,131.37,100.4650624,-0.850253225,3.62,61.42,0.18,3.44,5.60%,24.78%,1.00,1.00
5/13/2020,ID-JT,Jawa Tengah,32,0,1,31,1009,60,227,722,Province,,Jawa Tengah,Indonesia,Asia,Jawa,UTC+07:00,,29,6,576,753,7809,32801,36364072,1108.64,110.2011149,-7.259097177,0.88,27.75,0.00,1.65,5.95%,22.50%,3.56,0.00
5/13/2020,ID-JI,Jawa Timur,117,8,16,93,1712,162,262,1288,Province,,Jawa Timur,Indonesia,Asia,Jawa,UTC+07:00,,29,9,666,777,7724,47803,40479023,846.78,112.7329414,-7.723345579,2.89,42.29,0.20,4.00,9.46%,15.30%,1.02,1.33
5/13/2020,ID-AC,Aceh,0,0,1,-1,17,1,13,3,Province,,Aceh,Indonesia,Asia,Sumatera,UTC+07:00,Daerah Khusus,18,5,289,,6497,57956,5247257,90.54,96.91052174,4.225614628,0.00,3.24,0.00,0.19,5.88%,76.47%,1.00,1.00
5/13/2020,ID-JB,Jawa Barat,9,0,24,-15,1479,93,235,1151,Province,,Jawa Barat,Indonesia,Asia,Jawa,UTC+07:00,,18,9,627,645,5312,35378,45161325,1276.55,107.6037083,-6.920432083,0.20,32.75,0.00,2.06,6.29%,15.89%,0.17,1.00
5/13/2020,ID-KI,Kalimantan Timur,2,0,5,-3,227,3,46,178,Province,,Kalimantan Timur,Indonesia,Asia,Kalimantan,UTC+08:00,,7,3,103,197,841,129067,3552191,27.52,116.4684405,0.45385803,0.56,63.90,0.00,0.84,1.32%,20.26%,0.67,1.00
5/13/2020,ID-BT,Banten,20,1,4,15,521,56,157,308,Province,,Banten,Indonesia,Asia,Jawa,UTC+07:00,,4,4,155,313,1238,9663,10722374,1109.64,106.1090043,-6.456736388,1.87,48.59,0.09,5.22,10.75%,30.13%,1.11,
5/13/2020,ID-JK,DKI Jakarta,178,6,99,73,4933,417,972,3544,Province,,DKI Jakarta,Indonesia,Asia,Jawa,UTC+07:00,Daerah Khusus Ibu Kota,1,5,44,267,,664,10846145,16334.31,106.8361183,-6.204698991,16.41,454.82,0.55,38.45,8.45%,19.70%,1.89,3.00
5/13/2020,ID-PA,Papua,5,0,0,5,325,6,48,271,Province,,Papua,Indonesia,Asia,Papua,UTC+09:00,Daerah Khusus,28,1,560,110,5411,319036,4340348,13.60,138.69603,-4.66620953,1.15,74.88,0.00,1.38,1.85%,14.77%,0.31,1.00
5/13/2020,ID-BA,Bali,4,0,5,-1,323,2,214,107,Province,,Bali,Indonesia,Asia,Nusa Tenggara,UTC+08:00,,8,1,57,80,636,5780,4216171,729.43,115.1317136,-8.369471688,0.95,76.61,0.00,0.47,0.62%,66.25%,0.29,1.00
5/13/2020,ID-MA,Maluku,0,0,0,0,50,4,16,30,Province,,Maluku,Indonesia,Asia,Maluku,UTC+09:00,,9,2,118,35,1198,46914,1847097,39.37,129.576792,-3.192572,0.00,27.07,0.00,2.17,8.00%,32.00%,0.00,1.00
5/13/2020,ID-LA,Lampung,0,0,0,0,65,7,19,39,Province,,Lampung,Indonesia,Asia,Sumatera,UTC+07:00,,13,2,228,205,2435,34624,9095591,262.70,105.0214366,-4.916792975,0.00,7.15,0.00,0.77,10.77%,29.23%,1.00,1.00
5/13/2020,ID-SR,Sulawesi Barat,6,0,0,6,73,2,7,64,Province,,Sulawesi Barat,Indonesia,Asia,Sulawesi,UTC+08:00,,6,,69,73,575,16787,1559984,92.93,119.3450194,-2.461746053,3.85,46.80,0.00,1.28,2.74%,9.59%,1.20,1.00
5/13/2020,ID-RI,Riau,7,0,0,7,87,6,49,32,Province,,Riau,Indonesia,Asia,Sumatera,UTC+07:00,,10,2,169,268,1591,87024,6074100,69.80,101.8051092,0.511647851,1.15,14.32,0.00,0.99,6.90%,56.32%,1.00,1.00
5/13/2020,ID-KS,Kalimantan Selatan,14,0,0,14,287,9,24,254,Province,,Kalimantan Selatan,Indonesia,Asia,Kalimantan,UTC+08:00,,11,2,153,144,1864,38744,4023049,103.84,115.4385783,-2.993594979,3.48,71.34,0.00,2.24,3.14%,8.36%,1.00,1.00
5/13/2020,ID-KB,Kalimantan Barat,6,1,2,3,126,2,21,103,Province,,Kalimantan Barat,Indonesia,Asia,Kalimantan,UTC+07:00,,12,2,174,99,2031,147307,5422814,36.81,111.1211776,-0.086474572,1.11,23.24,0.18,0.37,1.59%,16.67%,2.00,
5/13/2020,ID-SU,Sumatera Utara,2,0,0,2,193,25,53,115,Province,,Sumatera Utara,Indonesia,Asia,Sumatera,UTC+07:00,,25,8,450,693,5417,72981,14874889,203.82,99.05196442,2.191894453,0.13,12.97,0.00,1.68,12.95%,27.46%,1.00,1.00
5/13/2020,ID-BB,Kepulauan Bangka Belitung,0,0,0,0,29,1,7,21,Province,,Kepulauan Bangka Belitung,Indonesia,Asia,Sumatera,UTC+07:00,,6,1,47,82,309,16424,1379767,84.01,106.5499324,-2.447444127,0.00,21.02,0.00,0.72,3.45%,24.14%,1.00,1.00
5/13/2020,ID-NT,Nusa Tenggara Timur,6,0,0,6,19,0,1,18,Province,,Nusa Tenggara Timur,Indonesia,Asia,Nusa Tenggara,UTC+08:00,,21,1,309,327,3026,48718,5411321,111.07,121.592271,-8.682205,1.11,3.51,0.00,0.00,0.00%,5.26%,6.00,1.00
5/13/2020,ID-NB,Nusa Tenggara Barat,5,1,9,-5,342,7,114,221,Province,,Nusa Tenggara Barat,Indonesia,Asia,Nusa Tenggara,UTC+08:00,,8,2,117,145,995,18572,5270247,283.77,117.5086257,-8.606998866,0.95,64.89,0.19,1.33,2.05%,33.33%,0.63,
5/13/2020,ID-YO,Daerah Istimewa Yogyakarta,12,0,1,11,166,8,68,90,Province,,Daerah Istimewa Yogyakarta,Indonesia,Asia,Jawa,UTC+07:00,Daerah Istimewa,4,1,78,46,392,3133,3631015,1158.90,110.4448783,-7.89450185,3.30,45.72,0.00,2.20,4.82%,40.96%,1.20,1.00
5/13/2020,ID-MU,Maluku Utara,23,3,0,20,77,3,9,65,Province,,Maluku Utara,Indonesia,Asia,Maluku,UTC+09:00,,8,2,116,118,1063,31983,1307803,40.89,127.5391072,0.212036949,17.59,58.88,2.29,2.29,3.90%,11.69%,,
5/13/2020,ID-BE,Bengkulu,0,0,0,0,40,2,1,37,Province,,Bengkulu,Indonesia,Asia,Sumatera,UTC+07:00,,9,1,129,172,1341,19919,1999539,100.38,102.3384213,-3.533583627,0.00,20.00,0.00,1.00,5.00%,2.50%,0.00,1.00
5/13/2020,ID-KR,Kepulauan Riau,5,0,0,5,106,10,78,18,Province,,Kepulauan Riau,Indonesia,Asia,Sumatera,UTC+07:00,,5,2,75,142,275,8202,1929400,235.24,108.261746,3.916346,2.59,54.94,0.00,5.18,9.43%,73.58%,2.50,1.00
5/13/2020,ID-JA,Jambi,0,0,0,0,64,0,3,61,Province,,Jambi,Indonesia,Asia,Sumatera,UTC+07:00,,9,2,141,163,1399,50058,3493357,69.79,102.7236404,-1.69769766,0.00,18.32,0.00,0.00,0.00%,4.69%,1.00,1.00
5/13/2020,ID-SG,Sulawesi Tenggara,90,1,1,88,163,4,17,142,Province,,Sulawesi Tenggara,Indonesia,Asia,Sulawesi,UTC+08:00,,15,2,219,377,1911,38068,2635461,69.23,122.070311,-4.124688793,34.15,61.85,0.38,1.52,2.45%,10.43%,,
5/13/2020,ID-SS,Sumatera Selatan,43,2,0,41,321,14,72,235,Province,,Sumatera Selatan,Indonesia,Asia,Sumatera,UTC+07:00,,13,4,241,387,2853,91592,8217551,89.72,104.1694647,-3.216211808,5.23,39.06,0.24,1.70,4.36%,22.43%,43.00,2.00
5/13/2020,ID-KT,Kalimantan Tengah,16,0,0,16,216,10,30,176,Province,,Kalimantan Tengah,Indonesia,Asia,Kalimantan,UTC+07:00,,13,1,136,139,1432,153565,2570289,16.74,113.4176536,-1.602484653,6.22,84.04,0.00,3.89,4.63%,13.89%,4.00,1.00
5/13/2020,ID-PB,Papua Barat,0,0,0,0,70,0,2,68,Province,,Papua Barat,Indonesia,Asia,Papua,UTC+09:00,Daerah Khusus,12,1,218,95,1742,102955,1140701,11.08,132.9762624,-2.045160182,0.00,61.37,0.00,0.00,0.00%,2.86%,1.00,1.00
5/13/2020,IDN,Indonesia,689,21,224,444,15438,1028,3287,11123,Country,,,Indonesia,Asia,,,,416,98,7230,8488,74953,1916907,265185520,138.34,113.921327,-0.789275,2.60,58.22,0.08,3.88,6.66%,21.29%,1.42,1.31
5/13/2020,ID-ST,Sulawesi Tengah,7,1,7,-1,102,4,20,78,Province,,Sulawesi Tengah,Indonesia,Asia,Sulawesi,UTC+08:00,,12,1,175,175,1842,61841,2955567,47.79,121.2010927,-1.00413668,2.37,34.51,0.34,1.35,3.92%,19.61%,0.58,
5/13/2020,ID-SN,Sulawesi Selatan,54,0,5,49,793,50,287,456,Province,,Sulawesi Selatan,Indonesia,Asia,Sulawesi,UTC+08:00,,21,3,311,792,2255,46717,9426885,201.78,120.1620559,-3.731080714,5.73,84.12,0.00,5.30,6.31%,36.19%,2.08,1.00
5/13/2020,ID-KU,Kalimantan Utara,6,0,6,0,138,1,18,119,Province,,Kalimantan Utara,Indonesia,Asia,Kalimantan,UTC+08:00,,4,1,53,35,447,75468,648407,8.59,116.2188791,2.891012621,9.25,212.83,0.00,1.54,0.72%,13.04%,,1.00
5/14/2020,ID-GO,Gorontalo,2,0,1,1,21,1,13,7,Province,,Gorontalo,Indonesia,Asia,Sulawesi,UTC+08:00,,5,1,77,72,657,11257,1180651,104.88,122.3760581,0.687002604,1.69,17.79,0.00,0.85,4.76%,61.90%,,1.00
5/14/2020,ID-SB,Sumatera Barat,32,2,3,27,371,21,87,263,Province,,Sumatera Barat,Indonesia,Asia,Sumatera,UTC+07:00,,12,7,179,230,928,42013,5519245,131.37,100.4650624,-0.850253225,5.80,67.22,0.36,3.80,5.66%,23.45%,1.60,2.00
5/14/2020,ID-AC,Aceh,0,0,0,0,17,1,13,3,Province,,Aceh,Indonesia,Asia,Sumatera,UTC+07:00,Daerah Khusus,18,5,289,,6497,57956,5247257,90.54,96.91052174,4.225614628,0.00,3.24,0.00,0.19,5.88%,76.47%,1.00,1.00
5/14/2020,ID-JK,DKI Jakarta,133,3,136,-6,5066,420,1108,3538,Province,,DKI Jakarta,Indonesia,Asia,Jawa,UTC+07:00,Daerah Khusus Ibu Kota,1,5,44,267,,664,10846145,16334.31,106.8361183,-6.204698991,12.26,467.08,0.28,38.72,8.29%,21.87%,0.75,0.50
5/14/2020,ID-KB,Kalimantan Barat,0,0,0,0,126,2,21,103,Province,,Kalimantan Barat,Indonesia,Asia,Kalimantan,UTC+07:00,,12,2,174,99,2031,147307,5422814,36.81,111.1211776,-0.086474572,0.00,23.24,0.00,0.37,1.59%,16.67%,0.00,0.00
5/14/2020,ID-SN,Sulawesi Selatan,36,0,5,31,829,50,292,487,Province,,Sulawesi Selatan,Indonesia,Asia,Sulawesi,UTC+08:00,,21,3,311,792,2255,46717,9426885,201.78,120.1620559,-3.731080714,3.82,87.94,0.00,5.30,6.03%,35.22%,0.67,1.00
5/14/2020,ID-KU,Kalimantan Utara,0,0,2,-2,138,1,20,117,Province,,Kalimantan Utara,Indonesia,Asia,Kalimantan,UTC+08:00,,4,1,53,35,447,75468,648407,8.59,116.2188791,2.891012621,0.00,212.83,0.00,1.54,0.72%,14.49%,0.00,1.00
5/14/2020,ID-SA,Sulawesi Utara,1,1,4,-4,81,8,29,44,Province,,Sulawesi Utara,Indonesia,Asia,Sulawesi,UTC+08:00,,11,4,171,332,1507,13892,2641884,190.17,124.5212396,1.259638212,0.38,30.66,0.38,3.03,9.88%,35.80%,0.13,1.00
5/14/2020,ID-JT,Jawa Tengah,46,0,1,45,1055,60,228,767,Province,,Jawa Tengah,Indonesia,Asia,Jawa,UTC+07:00,,29,6,576,753,7809,32801,36364072,1108.64,110.2011149,-7.259097177,1.26,29.01,0.00,1.65,5.69%,21.61%,1.44,1.00
5/14/2020,ID-JI,Jawa Timur,90,4,4,82,1802,166,266,1370,Province,,Jawa Timur,Indonesia,Asia,Jawa,UTC+07:00,,29,9,666,777,7724,47803,40479023,846.78,112.7329414,-7.723345579,2.22,44.52,0.10,4.10,9.21%,14.76%,0.77,0.50
5/14/2020,ID-JB,Jawa Barat,10,1,5,4,1489,94,240,1155,Province,,Jawa Barat,Indonesia,Asia,Jawa,UTC+07:00,,18,9,627,645,5312,35378,45161325,1276.55,107.6037083,-6.920432083,0.22,32.97,0.02,2.08,6.31%,16.12%,1.11,
5/14/2020,ID-BT,Banten,14,0,1,13,535,56,158,321,Province,,Banten,Indonesia,Asia,Jawa,UTC+07:00,,4,4,155,313,1238,9663,10722374,1109.64,106.1090043,-6.456736388,1.31,49.90,0.00,5.22,10.47%,29.53%,0.70,0.00
5/14/2020,ID-KI,Kalimantan Timur,8,0,11,-3,235,3,57,175,Province,,Kalimantan Timur,Indonesia,Asia,Kalimantan,UTC+08:00,,7,3,103,197,841,129067,3552191,27.52,116.4684405,0.45385803,2.25,66.16,0.00,0.84,1.28%,24.26%,4.00,1.00
5/14/2020,ID-PA,Papua,4,0,0,4,329,6,48,275,Province,,Papua,Indonesia,Asia,Papua,UTC+09:00,Daerah Khusus,28,1,560,110,5411,319036,4340348,13.60,138.69603,-4.66620953,0.92,75.80,0.00,1.38,1.82%,14.59%,0.80,1.00
5/14/2020,ID-MA,Maluku,12,0,0,12,62,4,16,42,Province,,Maluku,Indonesia,Asia,Maluku,UTC+09:00,,9,2,118,35,1198,46914,1847097,39.37,129.576792,-3.192572,6.50,33.57,0.00,2.17,6.45%,25.81%,,1.00
5/14/2020,ID-KS,Kalimantan Selatan,2,0,0,2,289,9,24,256,Province,,Kalimantan Selatan,Indonesia,Asia,Kalimantan,UTC+08:00,,11,2,153,144,1864,38744,4023049,103.84,115.4385783,-2.993594979,0.50,71.84,0.00,2.24,3.11%,8.30%,0.14,1.00
5/14/2020,ID-BA,Bali,5,0,3,2,328,2,217,109,Province,,Bali,Indonesia,Asia,Nusa Tenggara,UTC+08:00,,8,1,57,80,636,5780,4216171,729.43,115.1317136,-8.369471688,1.19,77.80,0.00,0.47,0.61%,66.16%,1.25,1.00
5/14/2020,ID-LA,Lampung,0,0,0,0,65,7,19,39,Province,,Lampung,Indonesia,Asia,Sumatera,UTC+07:00,,13,2,228,205,2435,34624,9095591,262.70,105.0214366,-4.916792975,0.00,7.15,0.00,0.77,10.77%,29.23%,1.00,1.00
5/14/2020,ID-RI,Riau,6,0,0,6,93,6,49,38,Province,,Riau,Indonesia,Asia,Sumatera,UTC+07:00,,10,2,169,268,1591,87024,6074100,69.80,101.8051092,0.511647851,0.99,15.31,0.00,0.99,6.45%,52.69%,0.86,1.00
5/14/2020,ID-SR,Sulawesi Barat,1,0,13,-12,74,2,20,52,Province,,Sulawesi Barat,Indonesia,Asia,Sulawesi,UTC+08:00,,6,,69,73,575,16787,1559984,92.93,119.3450194,-2.461746053,0.64,47.44,0.00,1.28,2.70%,27.03%,0.17,1.00
5/14/2020,ID-SU,Sumatera Utara,2,0,0,2,195,25,53,117,Province,,Sumatera Utara,Indonesia,Asia,Sumatera,UTC+07:00,,25,8,450,693,5417,72981,14874889,203.82,99.05196442,2.191894453,0.13,13.11,0.00,1.68,12.82%,27.18%,1.00,1.00
5/14/2020,ID-NT,Nusa Tenggara Timur,0,1,0,-1,19,1,1,17,Province,,Nusa Tenggara Timur,Indonesia,Asia,Nusa Tenggara,UTC+08:00,,21,1,309,327,3026,48718,5411321,111.07,121.592271,-8.682205,0.00,3.51,0.18,0.18,5.26%,5.26%,0.00,
5/14/2020,ID-BE,Bengkulu,2,0,0,2,42,2,1,39,Province,,Bengkulu,Indonesia,Asia,Sumatera,UTC+07:00,,9,1,129,172,1341,19919,1999539,100.38,102.3384213,-3.533583627,1.00,21.00,0.00,1.00,4.76%,2.38%,,1.00
5/14/2020,ID-ST,Sulawesi Tengah,9,0,1,8,111,4,21,86,Province,,Sulawesi Tengah,Indonesia,Asia,Sulawesi,UTC+08:00,,12,1,175,175,1842,61841,2955567,47.79,121.2010927,-1.00413668,3.05,37.56,0.00,1.35,3.60%,18.92%,1.29,0.00
5/14/2020,ID-BB,Kepulauan Bangka Belitung,0,0,0,0,29,1,7,21,Province,,Kepulauan Bangka Belitung,Indonesia,Asia,Sumatera,UTC+07:00,,6,1,47,82,309,16424,1379767,84.01,106.5499324,-2.447444127,0.00,21.02,0.00,0.72,3.45%,24.14%,1.00,1.00
5/14/2020,ID-NB,Nusa Tenggara Barat,6,0,24,-18,348,7,138,203,Province,,Nusa Tenggara Barat,Indonesia,Asia,Nusa Tenggara,UTC+08:00,,8,2,117,145,995,18572,5270247,283.77,117.5086257,-8.606998866,1.14,66.03,0.00,1.33,2.01%,39.66%,1.20,0.00
5/14/2020,ID-MU,Maluku Utara,4,0,3,1,81,3,12,66,Province,,Maluku Utara,Indonesia,Asia,Maluku,UTC+09:00,,8,2,116,118,1063,31983,1307803,40.89,127.5391072,0.212036949,3.06,61.94,0.00,2.29,3.70%,14.81%,0.17,0.00
5/14/2020,ID-YO,Daerah Istimewa Yogyakarta,4,0,7,-3,170,8,75,87,Province,,Daerah Istimewa Yogyakarta,Indonesia,Asia,Jawa,UTC+07:00,Daerah Istimewa,4,1,78,46,392,3133,3631015,1158.90,110.4448783,-7.89450185,1.10,46.82,0.00,2.20,4.71%,44.12%,0.33,1.00
5/14/2020,ID-KR,Kepulauan Riau,0,0,0,0,106,10,78,18,Province,,Kepulauan Riau,Indonesia,Asia,Sumatera,UTC+07:00,,5,2,75,142,275,8202,1929400,235.24,108.261746,3.916346,0.00,54.94,0.00,5.18,9.43%,73.58%,0.00,1.00
5/14/2020,ID-SG,Sulawesi Tenggara,0,0,0,0,163,4,17,142,Province,,Sulawesi Tenggara,Indonesia,Asia,Sulawesi,UTC+08:00,,15,2,219,377,1911,38068,2635461,69.23,122.070311,-4.124688793,0.00,61.85,0.00,1.52,2.45%,10.43%,0.00,0.00
5/14/2020,IDN,Indonesia,568,15,231,322,16006,1043,3518,11445,Country,,,Indonesia,Asia,,,,416,98,7230,8488,74953,1916907,265185520,138.34,113.921327,-0.789275,2.14,60.36,0.06,3.93,6.52%,21.98%,0.82,0.71
5/14/2020,ID-JA,Jambi,1,0,0,1,65,0,3,62,Province,,Jambi,Indonesia,Asia,Sumatera,UTC+07:00,,9,2,141,163,1399,50058,3493357,69.79,102.7236404,-1.69769766,0.29,18.61,0.00,0.00,0.00%,4.62%,,1.00
5/14/2020,ID-SS,Sumatera Selatan,117,1,0,116,438,15,72,351,Province,,Sumatera Selatan,Indonesia,Asia,Sumatera,UTC+07:00,,13,4,241,387,2853,91592,8217551,89.72,104.1694647,-3.216211808,14.24,53.30,0.12,1.83,3.42%,16.44%,2.72,0.50
5/14/2020,ID-PB,Papua Barat,18,0,0,18,88,0,2,86,Province,,Papua Barat,Indonesia,Asia,Papua,UTC+09:00,Daerah Khusus,12,1,218,95,1742,102955,1140701,11.08,132.9762624,-2.045160182,15.78,77.15,0.00,0.00,0.00%,2.27%,,1.00
5/14/2020,ID-KT,Kalimantan Tengah,3,0,10,-7,219,10,40,169,Province,,Kalimantan Tengah,Indonesia,Asia,Kalimantan,UTC+07:00,,13,1,136,139,1432,153565,2570289,16.74,113.4176536,-1.602484653,1.17,85.20,0.00,3.89,4.57%,18.26%,0.19,1.00
5/15/2020,ID-GO,Gorontalo,1,0,1,0,22,1,14,7,Province,,Gorontalo,Indonesia,Asia,Sulawesi,UTC+08:00,,5,1,77,72,657,11257,1180651,104.88,122.3760581,0.687002604,0.85,18.63,0.00,0.85,4.55%,63.64%,0.50,1.00
5/15/2020,ID-AC,Aceh,0,0,0,0,17,1,13,3,Province,,Aceh,Indonesia,Asia,Sumatera,UTC+07:00,Daerah Khusus,18,5,289,,6497,57956,5247257,90.54,96.91052174,4.225614628,0.00,3.24,0.00,0.19,5.88%,76.47%,1.00,1.00
5/15/2020,ID-SN,Sulawesi Selatan,33,0,0,33,862,50,292,520,Province,,Sulawesi Selatan,Indonesia,Asia,Sulawesi,UTC+08:00,,21,3,311,792,2255,46717,9426885,201.78,120.1620559,-3.731080714,3.50,91.44,0.00,5.30,5.80%,33.87%,0.92,1.00
5/15/2020,ID-JI,Jawa Timur,60,11,16,33,1862,177,282,1403,Province,,Jawa Timur,Indonesia,Asia,Jawa,UTC+07:00,,29,9,666,777,7724,47803,40479023,846.78,112.7329414,-7.723345579,1.48,46.00,0.27,4.37,9.51%,15.15%,0.67,2.75
5/15/2020,ID-LA,Lampung,0,1,2,-3,65,8,21,36,Province,,Lampung,Indonesia,Asia,Sumatera,UTC+07:00,,13,2,228,205,2435,34624,9095591,262.70,105.0214366,-4.916792975,0.00,7.15,0.11,0.88,12.31%,32.31%,1.00,
5/15/2020,ID-PB,Papua Barat,0,0,0,0,88,0,2,86,Province,,Papua Barat,Indonesia,Asia,Papua,UTC+09:00,Daerah Khusus,12,1,218,95,1742,102955,1140701,11.08,132.9762624,-2.045160182,0.00,77.15,0.00,0.00,0.00%,2.27%,0.00,1.00
5/15/2020,ID-KT,Kalimantan Tengah,4,0,7,-3,223,10,47,166,Province,,Kalimantan Tengah,Indonesia,Asia,Kalimantan,UTC+07:00,,13,1,136,139,1432,153565,2570289,16.74,113.4176536,-1.602484653,1.56,86.76,0.00,3.89,4.48%,21.08%,1.33,1.00
5/15/2020,ID-SB,Sumatera Barat,22,0,3,19,393,21,90,282,Province,,Sumatera Barat,Indonesia,Asia,Sumatera,UTC+07:00,,12,7,179,230,928,42013,5519245,131.37,100.4650624,-0.850253225,3.99,71.21,0.00,3.80,5.34%,22.90%,0.69,0.00
5/15/2020,ID-JK,DKI Jakarta,83,8,109,-34,5149,428,1217,3504,Province,,DKI Jakarta,Indonesia,Asia,Jawa,UTC+07:00,Daerah Khusus Ibu Kota,1,5,44,267,,664,10846145,16334.31,106.8361183,-6.204698991,7.65,474.73,0.74,39.46,8.31%,23.64%,0.62,2.67
5/15/2020,ID-KB,Kalimantan Barat,0,0,0,0,126,2,21,103,Province,,Kalimantan Barat,Indonesia,Asia,Kalimantan,UTC+07:00,,12,2,174,99,2031,147307,5422814,36.81,111.1211776,-0.086474572,0.00,23.24,0.00,0.37,1.59%,16.67%,1.00,1.00
5/15/2020,ID-KU,Kalimantan Utara,3,0,9,-6,141,1,29,111,Province,,Kalimantan Utara,Indonesia,Asia,Kalimantan,UTC+08:00,,4,1,53,35,447,75468,648407,8.59,116.2188791,2.891012621,4.63,217.46,0.00,1.54,0.71%,20.57%,,1.00
5/15/2020,ID-JT,Jawa Tengah,43,0,5,38,1098,60,233,805,Province,,Jawa Tengah,Indonesia,Asia,Jawa,UTC+07:00,,29,6,576,753,7809,32801,36364072,1108.64,110.2011149,-7.259097177,1.18,30.19,0.00,1.65,5.46%,21.22%,0.93,1.00
5/15/2020,ID-SA,Sulawesi Utara,22,1,0,21,103,9,29,65,Province,,Sulawesi Utara,Indonesia,Asia,Sulawesi,UTC+08:00,,11,4,171,332,1507,13892,2641884,190.17,124.5212396,1.259638212,8.33,38.99,0.38,3.41,8.74%,28.16%,22.00,1.00
5/15/2020,ID-JB,Jawa Barat,33,1,16,16,1522,95,256,1171,Province,,Jawa Barat,Indonesia,Asia,Jawa,UTC+07:00,,18,9,627,645,5312,35378,45161325,1276.55,107.6037083,-6.920432083,0.73,33.70,0.02,2.10,6.24%,16.82%,3.30,1.00
5/15/2020,ID-KI,Kalimantan Timur,13,0,4,9,248,3,61,184,Province,,Kalimantan Timur,Indonesia,Asia,Kalimantan,UTC+08:00,,7,3,103,197,841,129067,3552191,27.52,116.4684405,0.45385803,3.66,69.82,0.00,0.84,1.21%,24.60%,1.63,1.00
5/15/2020,ID-BA,Bali,6,0,9,-3,334,2,226,106,Province,,Bali,Indonesia,Asia,Nusa Tenggara,UTC+08:00,,8,1,57,80,636,5780,4216171,729.43,115.1317136,-8.369471688,1.42,79.22,0.00,0.47,0.60%,67.66%,1.20,1.00
5/15/2020,ID-BT,Banten,28,3,0,25,563,59,158,346,Province,,Banten,Indonesia,Asia,Jawa,UTC+07:00,,4,4,155,313,1238,9663,10722374,1109.64,106.1090043,-6.456736388,2.61,52.51,0.28,5.50,10.48%,28.06%,2.00,
5/15/2020,ID-PA,Papua,3,0,0,3,332,6,48,278,Province,,Papua,Indonesia,Asia,Papua,UTC+09:00,Daerah Khusus,28,1,560,110,5411,319036,4340348,13.60,138.69603,-4.66620953,0.69,76.49,0.00,1.38,1.81%,14.46%,0.75,1.00
5/15/2020,ID-KS,Kalimantan Selatan,67,27,0,40,356,36,24,296,Province,,Kalimantan Selatan,Indonesia,Asia,Kalimantan,UTC+08:00,,11,2,153,144,1864,38744,4023049,103.84,115.4385783,-2.993594979,16.65,88.49,6.71,8.95,10.11%,6.74%,33.50,
5/15/2020,ID-MA,Maluku,0,0,0,0,62,4,16,42,Province,,Maluku,Indonesia,Asia,Maluku,UTC+09:00,,9,2,118,35,1198,46914,1847097,39.37,129.576792,-3.192572,0.00,33.57,0.00,2.17,6.45%,25.81%,0.00,1.00
5/15/2020,ID-RI,Riau,1,0,5,-4,94,6,54,34,Province,,Riau,Indonesia,Asia,Sumatera,UTC+07:00,,10,2,169,268,1591,87024,6074100,69.80,101.8051092,0.511647851,0.16,15.48,0.00,0.99,6.38%,57.45%,0.17,1.00
5/15/2020,ID-SU,Sumatera Utara,0,0,0,0,195,25,53,117,Province,,Sumatera Utara,Indonesia,Asia,Sumatera,UTC+07:00,,25,8,450,693,5417,72981,14874889,203.82,99.05196442,2.191894453,0.00,13.11,0.00,1.68,12.82%,27.18%,0.00,1.00
5/15/2020,ID-BB,Kepulauan Bangka Belitung,0,0,17,-17,29,1,24,4,Province,,Kepulauan Bangka Belitung,Indonesia,Asia,Sumatera,UTC+07:00,,6,1,47,82,309,16424,1379767,84.01,106.5499324,-2.447444127,0.00,21.02,0.00,0.72,3.45%,82.76%,1.00,1.00
5/15/2020,ID-SS,Sumatera Selatan,15,1,0,14,453,16,72,365,Province,,Sumatera Selatan,Indonesia,Asia,Sumatera,UTC+07:00,,13,4,241,387,2853,91592,8217551,89.72,104.1694647,-3.216211808,1.83,55.13,0.12,1.95,3.53%,15.89%,0.13,1.00
5/15/2020,ID-SR,Sulawesi Barat,0,0,2,-2,74,2,22,50,Province,,Sulawesi Barat,Indonesia,Asia,Sulawesi,UTC+08:00,,6,,69,73,575,16787,1559984,92.93,119.3450194,-2.461746053,0.00,47.44,0.00,1.28,2.70%,29.73%,0.00,1.00
5/15/2020,ID-NT,Nusa Tenggara Timur,0,0,0,0,19,1,1,17,Province,,Nusa Tenggara Timur,Indonesia,Asia,Nusa Tenggara,UTC+08:00,,21,1,309,327,3026,48718,5411321,111.07,121.592271,-8.682205,0.00,3.51,0.00,0.18,5.26%,5.26%,1.00,0.00
5/15/2020,ID-ST,Sulawesi Tengah,1,0,0,1,112,4,21,87,Province,,Sulawesi Tengah,Indonesia,Asia,Sulawesi,UTC+08:00,,12,1,175,175,1842,61841,2955567,47.79,121.2010927,-1.00413668,0.34,37.89,0.00,1.35,3.57%,18.75%,0.11,1.00
5/15/2020,ID-BE,Bengkulu,11,0,0,11,53,2,1,50,Province,,Bengkulu,Indonesia,Asia,Sumatera,UTC+07:00,,9,1,129,172,1341,19919,1999539,100.38,102.3384213,-3.533583627,5.50,26.51,0.00,1.00,3.77%,1.89%,5.50,1.00
5/15/2020,ID-NB,Nusa Tenggara Barat,8,0,50,-42,356,7,188,161,Province,,Nusa Tenggara Barat,Indonesia,Asia,Nusa Tenggara,UTC+08:00,,8,2,117,145,995,18572,5270247,283.77,117.5086257,-8.606998866,1.52,67.55,0.00,1.33,1.97%,52.81%,1.33,1.00
5/15/2020,ID-YO,Daerah Istimewa Yogyakarta,3,0,12,-9,173,8,87,78,Province,,Daerah Istimewa Yogyakarta,Indonesia,Asia,Jawa,UTC+07:00,Daerah Istimewa,4,1,78,46,392,3133,3631015,1158.90,110.4448783,-7.89450185,0.83,47.65,0.00,2.20,4.62%,50.29%,0.75,1.00
5/15/2020,ID-JA,Jambi,3,0,0,3,68,0,3,65,Province,,Jambi,Indonesia,Asia,Sumatera,UTC+07:00,,9,2,141,163,1399,50058,3493357,69.79,102.7236404,-1.69769766,0.86,19.47,0.00,0.00,0.00%,4.41%,3.00,1.00
5/15/2020,ID-MU,Maluku Utara,4,1,1,2,85,4,13,68,Province,,Maluku Utara,Indonesia,Asia,Maluku,UTC+09:00,,8,2,116,118,1063,31983,1307803,40.89,127.5391072,0.212036949,3.06,64.99,0.76,3.06,4.71%,15.29%,1.00,
5/15/2020,ID-KR,Kepulauan Riau,4,0,3,1,110,10,81,19,Province,,Kepulauan Riau,Indonesia,Asia,Sumatera,UTC+07:00,,5,2,75,142,275,8202,1929400,235.24,108.261746,3.916346,2.07,57.01,0.00,5.18,9.09%,73.64%,,1.00
5/15/2020,IDN,Indonesia,490,33,285,172,16496,1076,3803,11617,Country,,,Indonesia,Asia,,,,416,98,7230,8488,74953,1916907,265185520,138.34,113.921327,-0.789275,1.85,62.21,0.12,4.06,6.52%,23.05%,0.86,2.20
5/15/2020,ID-SG,Sulawesi Tenggara,17,0,2,15,180,4,19,157,Province,,Sulawesi Tenggara,Indonesia,Asia,Sulawesi,UTC+08:00,,15,2,219,377,1911,38068,2635461,69.23,122.070311,-4.124688793,6.45,68.30,0.00,1.52,2.22%,10.56%,,1.00
5/16/2020,ID-GO,Gorontalo,1,1,0,0,23,2,14,7,Province,,Gorontalo,Indonesia,Asia,Sulawesi,UTC+08:00,,5,1,77,72,657,11257,1180651,104.88,122.3760581,0.687002604,0.85,19.48,0.85,1.69,8.70%,60.87%,1.00,
5/16/2020,ID-SN,Sulawesi Selatan,46,1,19,26,908,51,311,546,Province,,Sulawesi Selatan,Indonesia,Asia,Sulawesi,UTC+08:00,,21,3,311,792,2255,46717,9426885,201.78,120.1620559,-3.731080714,4.88,96.32,0.11,5.41,5.62%,34.25%,1.39,
5/16/2020,ID-PB,Papua Barat,14,0,3,11,102,0,5,97,Province,,Papua Barat,Indonesia,Asia,Papua,UTC+09:00,Daerah Khusus,12,1,218,95,1742,102955,1140701,11.08,132.9762624,-2.045160182,12.27,89.42,0.00,0.00,0.00%,4.90%,,1.00
5/16/2020,ID-KB,Kalimantan Barat,2,0,0,2,128,2,21,105,Province,,Kalimantan Barat,Indonesia,Asia,Kalimantan,UTC+07:00,,12,2,174,99,2031,147307,5422814,36.81,111.1211776,-0.086474572,0.37,23.60,0.00,0.37,1.56%,16.41%,,1.00
5/16/2020,ID-PA,Papua,15,0,0,15,347,6,48,293,Province,,Papua,Indonesia,Asia,Papua,UTC+09:00,Daerah Khusus,28,1,560,110,5411,319036,4340348,13.60,138.69603,-4.66620953,3.46,79.95,0.00,1.38,1.73%,13.83%,5.00,1.00
5/16/2020,IDN,Indonesia,529,13,108,408,17025,1089,3911,12025,Country,,,Indonesia,Asia,,,,416,98,7230,8488,74953,1916907,265185520,138.34,113.921327,-0.789275,1.99,64.20,0.05,4.11,6.40%,22.97%,1.08,0.39
5/16/2020,ID-SG,Sulawesi Tenggara,6,0,0,6,186,4,19,163,Province,,Sulawesi Tenggara,Indonesia,Asia,Sulawesi,UTC+08:00,,15,2,219,377,1911,38068,2635461,69.23,122.070311,-4.124688793,2.28,70.58,0.00,1.52,2.15%,10.22%,0.35,1.00
5/16/2020,ID-AC,Aceh,1,0,2,-1,18,1,15,2,Province,,Aceh,Indonesia,Asia,Sumatera,UTC+07:00,Daerah Khusus,18,5,289,,6497,57956,5247257,90.54,96.91052174,4.225614628,0.19,3.43,0.00,0.19,5.56%,83.33%,,1.00
5/16/2020,ID-JI,Jawa Timur,176,5,8,163,2038,182,290,1566,Province,,Jawa Timur,Indonesia,Asia,Jawa,UTC+07:00,,29,9,666,777,7724,47803,40479023,846.78,112.7329414,-7.723345579,4.35,50.35,0.12,4.50,8.93%,14.23%,2.93,0.45
5/16/2020,ID-LA,Lampung,0,0,2,-2,65,8,23,34,Province,,Lampung,Indonesia,Asia,Sumatera,UTC+07:00,,13,2,228,205,2435,34624,9095591,262.70,105.0214366,-4.916792975,0.00,7.15,0.00,0.88,12.31%,35.38%,1.00,0.00
5/16/2020,ID-KT,Kalimantan Tengah,0,0,0,0,223,10,47,166,Province,,Kalimantan Tengah,Indonesia,Asia,Kalimantan,UTC+07:00,,13,1,136,139,1432,153565,2570289,16.74,113.4176536,-1.602484653,0.00,86.76,0.00,3.89,4.48%,21.08%,0.00,1.00
5/16/2020,ID-JK,DKI Jakarta,104,0,18,86,5253,428,1235,3590,Province,,DKI Jakarta,Indonesia,Asia,Jawa,UTC+07:00,Daerah Khusus Ibu Kota,1,5,44,267,,664,10846145,16334.31,106.8361183,-6.204698991,9.59,484.32,0.00,39.46,8.15%,23.51%,1.25,0.00
5/16/2020,ID-SB,Sumatera Barat,3,1,3,-1,396,22,93,281,Province,,Sumatera Barat,Indonesia,Asia,Sumatera,UTC+07:00,,12,7,179,230,928,42013,5519245,131.37,100.4650624,-0.850253225,0.54,71.75,0.18,3.99,5.56%,23.48%,0.14,
5/16/2020,ID-KU,Kalimantan Utara,12,0,12,0,153,1,41,111,Province,,Kalimantan Utara,Indonesia,Asia,Kalimantan,UTC+08:00,,4,1,53,35,447,75468,648407,8.59,116.2188791,2.891012621,18.51,235.96,0.00,1.54,0.65%,26.80%,4.00,1.00
5/16/2020,ID-SA,Sulawesi Utara,9,0,1,8,112,9,30,73,Province,,Sulawesi Utara,Indonesia,Asia,Sulawesi,UTC+08:00,,11,4,171,332,1507,13892,2641884,190.17,124.5212396,1.259638212,3.41,42.39,0.00,3.41,8.04%,26.79%,0.41,0.00
5/16/2020,ID-BT,Banten,0,1,0,-1,563,60,158,345,Province,,Banten,Indonesia,Asia,Jawa,UTC+07:00,,4,4,155,313,1238,9663,10722374,1109.64,106.1090043,-6.456736388,0.00,52.51,0.09,5.60,10.66%,28.06%,0.00,0.33
5/16/2020,ID-JT,Jawa Tengah,31,0,0,31,1129,60,233,836,Province,,Jawa Tengah,Indonesia,Asia,Jawa,UTC+07:00,,29,6,576,753,7809,32801,36364072,1108.64,110.2011149,-7.259097177,0.85,31.05,0.00,1.65,5.31%,20.64%,0.72,1.00
5/16/2020,ID-JB,Jawa Barat,23,0,1,22,1545,95,257,1193,Province,,Jawa Barat,Indonesia,Asia,Jawa,UTC+07:00,,18,9,627,645,5312,35378,45161325,1276.55,107.6037083,-6.920432083,0.51,34.21,0.00,2.10,6.15%,16.63%,0.70,0.00
5/16/2020,ID-BA,Bali,3,0,11,-8,337,2,237,98,Province,,Bali,Indonesia,Asia,Nusa Tenggara,UTC+08:00,,8,1,57,80,636,5780,4216171,729.43,115.1317136,-8.369471688,0.71,79.93,0.00,0.47,0.59%,70.33%,0.50,1.00
5/16/2020,ID-KI,Kalimantan Timur,2,0,2,0,250,3,63,184,Province,,Kalimantan Timur,Indonesia,Asia,Kalimantan,UTC+08:00,,7,3,103,197,841,129067,3552191,27.52,116.4684405,0.45385803,0.56,70.38,0.00,0.84,1.20%,25.20%,0.15,1.00
5/16/2020,ID-KS,Kalimantan Selatan,7,0,49,-42,363,36,73,254,Province,,Kalimantan Selatan,Indonesia,Asia,Kalimantan,UTC+08:00,,11,2,153,144,1864,38744,4023049,103.84,115.4385783,-2.993594979,1.74,90.23,0.00,8.95,9.92%,20.11%,0.10,0.00
5/16/2020,ID-RI,Riau,0,0,6,-6,94,6,60,28,Province,,Riau,Indonesia,Asia,Sumatera,UTC+07:00,,10,2,169,268,1591,87024,6074100,69.80,101.8051092,0.511647851,0.00,15.48,0.00,0.99,6.38%,63.83%,0.00,1.00
5/16/2020,ID-SR,Sulawesi Barat,1,0,1,0,75,2,23,50,Province,,Sulawesi Barat,Indonesia,Asia,Sulawesi,UTC+08:00,,6,,69,73,575,16787,1559984,92.93,119.3450194,-2.461746053,0.64,48.08,0.00,1.28,2.67%,30.67%,,1.00
5/16/2020,ID-KR,Kepulauan Riau,1,0,0,1,111,10,81,20,Province,,Kepulauan Riau,Indonesia,Asia,Sumatera,UTC+07:00,,5,2,75,142,275,8202,1929400,235.24,108.261746,3.916346,0.52,57.53,0.00,5.18,9.01%,72.97%,0.25,1.00
5/16/2020,ID-MA,Maluku,0,0,0,0,62,4,16,42,Province,,Maluku,Indonesia,Asia,Maluku,UTC+09:00,,9,2,118,35,1198,46914,1847097,39.37,129.576792,-3.192572,0.00,33.57,0.00,2.17,6.45%,25.81%,1.00,1.00
5/16/2020,ID-SU,Sumatera Utara,0,0,0,0,195,25,53,117,Province,,Sumatera Utara,Indonesia,Asia,Sumatera,UTC+07:00,,25,8,450,693,5417,72981,14874889,203.82,99.05196442,2.191894453,0.00,13.11,0.00,1.68,12.82%,27.18%,1.00,1.00
5/16/2020,ID-SS,Sumatera Selatan,0,0,0,0,453,16,72,365,Province,,Sumatera Selatan,Indonesia,Asia,Sumatera,UTC+07:00,,13,4,241,387,2853,91592,8217551,89.72,104.1694647,-3.216211808,0.00,55.13,0.00,1.95,3.53%,15.89%,0.00,0.00
5/16/2020,ID-BB,Kepulauan Bangka Belitung,0,0,0,0,29,1,24,4,Province,,Kepulauan Bangka Belitung,Indonesia,Asia,Sumatera,UTC+07:00,,6,1,47,82,309,16424,1379767,84.01,106.5499324,-2.447444127,0.00,21.02,0.00,0.72,3.45%,82.76%,1.00,1.00
5/16/2020,ID-NT,Nusa Tenggara Timur,28,0,1,27,47,1,2,44,Province,,Nusa Tenggara Timur,Indonesia,Asia,Nusa Tenggara,UTC+08:00,,21,1,309,327,3026,48718,5411321,111.07,121.592271,-8.682205,5.17,8.69,0.00,0.18,2.13%,4.26%,,1.00
5/16/2020,ID-BE,Bengkulu,3,0,0,3,56,2,1,53,Province,,Bengkulu,Indonesia,Asia,Sumatera,UTC+07:00,,9,1,129,172,1341,19919,1999539,100.38,102.3384213,-3.533583627,1.50,28.01,0.00,1.00,3.57%,1.79%,0.27,1.00
5/16/2020,ID-MU,Maluku Utara,3,0,0,3,88,4,13,71,Province,,Maluku Utara,Indonesia,Asia,Maluku,UTC+09:00,,8,2,116,118,1063,31983,1307803,40.89,127.5391072,0.212036949,2.29,67.29,0.00,3.06,4.55%,14.77%,0.75,0.00
5/16/2020,ID-ST,Sulawesi Tengah,1,0,1,0,113,4,22,87,Province,,Sulawesi Tengah,Indonesia,Asia,Sulawesi,UTC+08:00,,12,1,175,175,1842,61841,2955567,47.79,121.2010927,-1.00413668,0.34,38.23,0.00,1.35,3.54%,19.47%,1.00,1.00
5/16/2020,ID-NB,Nusa Tenggara Barat,7,0,0,7,363,7,188,168,Province,,Nusa Tenggara Barat,Indonesia,Asia,Nusa Tenggara,UTC+08:00,,8,2,117,145,995,18572,5270247,283.77,117.5086257,-8.606998866,1.33,68.88,0.00,1.33,1.93%,51.79%,0.88,1.00
5/16/2020,ID-JA,Jambi,10,0,1,9,78,0,4,74,Province,,Jambi,Indonesia,Asia,Sumatera,UTC+07:00,,9,2,141,163,1399,50058,3493357,69.79,102.7236404,-1.69769766,2.86,22.33,0.00,0.00,0.00%,5.13%,3.33,1.00
5/16/2020,ID-YO,Daerah Istimewa Yogyakarta,6,0,1,5,179,8,88,83,Province,,Daerah Istimewa Yogyakarta,Indonesia,Asia,Jawa,UTC+07:00,Daerah Istimewa,4,1,78,46,392,3133,3631015,1158.90,110.4448783,-7.89450185,1.65,49.30,0.00,2.20,4.47%,49.16%,2.00,1.00
5/17/2020,ID-GO,Gorontalo,1,0,0,1,24,2,14,8,Province,,Gorontalo,Indonesia,Asia,Sulawesi,UTC+08:00,,5,1,77,72,657,11257,1180651,104.88,122.3760581,0.687002604,0.85,20.33,0.00,1.69,8.33%,58.33%,1.00,0.00
5/17/2020,ID-PB,Papua Barat,3,0,0,3,105,0,5,100,Province,,Papua Barat,Indonesia,Asia,Papua,UTC+09:00,Daerah Khusus,12,1,218,95,1742,102955,1140701,11.08,132.9762624,-2.045160182,2.63,92.05,0.00,0.00,0.00%,4.76%,0.21,1.00
5/17/2020,IDN,Indonesia,489,59,218,212,17514,1148,4129,12237,Country,,,Indonesia,Asia,,,,416,98,7230,8488,74953,1916907,265185520,138.34,113.921327,-0.789275,1.84,66.04,0.22,4.33,6.55%,23.58%,0.92,4.54
5/17/2020,ID-LA,Lampung,1,0,0,1,66,8,23,35,Province,,Lampung,Indonesia,Asia,Sumatera,UTC+07:00,,13,2,228,205,2435,34624,9095591,262.70,105.0214366,-4.916792975,0.11,7.26,0.00,0.88,12.12%,34.85%,,1.00
5/17/2020,ID-JB,Jawa Barat,32,10,58,-36,1577,105,315,1157,Province,,Jawa Barat,Indonesia,Asia,Jawa,UTC+07:00,,18,9,627,645,5312,35378,45161325,1276.55,107.6037083,-6.920432083,0.71,34.92,0.22,2.32,6.66%,19.97%,1.39,
5/17/2020,ID-JA,Jambi,1,0,0,1,79,0,4,75,Province,,Jambi,Indonesia,Asia,Sumatera,UTC+07:00,,9,2,141,163,1399,50058,3493357,69.79,102.7236404,-1.69769766,0.29,22.61,0.00,0.00,0.00%,5.06%,0.10,1.00
5/17/2020,ID-YO,Daerah Istimewa Yogyakarta,5,0,3,2,184,8,91,85,Province,,Daerah Istimewa Yogyakarta,Indonesia,Asia,Jawa,UTC+07:00,Daerah Istimewa,4,1,78,46,392,3133,3631015,1158.90,110.4448783,-7.89450185,1.38,50.67,0.00,2.20,4.35%,49.46%,0.83,1.00
5/17/2020,ID-SN,Sulawesi Selatan,34,0,7,27,942,51,318,573,Province,,Sulawesi Selatan,Indonesia,Asia,Sulawesi,UTC+08:00,,21,3,311,792,2255,46717,9426885,201.78,120.1620559,-3.731080714,3.61,99.93,0.00,5.41,5.41%,33.76%,0.74,0.00
5/17/2020,ID-KB,Kalimantan Barat,1,0,2,-1,129,2,23,104,Province,,Kalimantan Barat,Indonesia,Asia,Kalimantan,UTC+07:00,,12,2,174,99,2031,147307,5422814,36.81,111.1211776,-0.086474572,0.18,23.79,0.00,0.37,1.55%,17.83%,0.50,1.00
5/17/2020,ID-PA,Papua,33,0,0,33,380,6,48,326,Province,,Papua,Indonesia,Asia,Papua,UTC+09:00,Daerah Khusus,28,1,560,110,5411,319036,4340348,13.60,138.69603,-4.66620953,7.60,87.55,0.00,1.38,1.58%,12.63%,2.20,1.00
5/17/2020,ID-SG,Sulawesi Tenggara,2,0,0,2,188,4,19,165,Province,,Sulawesi Tenggara,Indonesia,Asia,Sulawesi,UTC+08:00,,15,2,219,377,1911,38068,2635461,69.23,122.070311,-4.124688793,0.76,71.33,0.00,1.52,2.13%,10.11%,0.33,1.00
5/17/2020,ID-JI,Jawa Timur,54,11,10,33,2092,193,300,1599,Province,,Jawa Timur,Indonesia,Asia,Jawa,UTC+07:00,,29,9,666,777,7724,47803,40479023,846.78,112.7329414,-7.723345579,1.33,51.68,0.27,4.77,9.23%,14.34%,0.31,2.20
5/17/2020,ID-AC,Aceh,0,0,0,0,18,1,15,2,Province,,Aceh,Indonesia,Asia,Sumatera,UTC+07:00,Daerah Khusus,18,5,289,,6497,57956,5247257,90.54,96.91052174,4.225614628,0.00,3.43,0.00,0.19,5.56%,83.33%,0.00,1.00
5/17/2020,ID-KT,Kalimantan Tengah,0,0,0,0,223,10,47,166,Province,,Kalimantan Tengah,Indonesia,Asia,Kalimantan,UTC+07:00,,13,1,136,139,1432,153565,2570289,16.74,113.4176536,-1.602484653,0.00,86.76,0.00,3.89,4.48%,21.08%,1.00,1.00
5/17/2020,ID-SB,Sumatera Barat,12,0,3,9,408,22,96,290,Province,,Sumatera Barat,Indonesia,Asia,Sumatera,UTC+07:00,,12,7,179,230,928,42013,5519245,131.37,100.4650624,-0.850253225,2.17,73.92,0.00,3.99,5.39%,23.53%,4.00,0.00
5/17/2020,ID-JT,Jawa Tengah,17,0,0,17,1146,60,233,853,Province,,Jawa Tengah,Indonesia,Asia,Jawa,UTC+07:00,,29,6,576,753,7809,32801,36364072,1108.64,110.2011149,-7.259097177,0.47,31.51,0.00,1.65,5.24%,20.33%,0.55,1.00
5/17/2020,ID-JK,DKI Jakarta,128,3,11,114,5381,431,1246,3704,Province,,DKI Jakarta,Indonesia,Asia,Jawa,UTC+07:00,Daerah Khusus Ibu Kota,1,5,44,267,,664,10846145,16334.31,106.8361183,-6.204698991,11.80,496.12,0.28,39.74,8.01%,23.16%,1.23,
5/17/2020,ID-KU,Kalimantan Utara,2,0,0,2,155,1,41,113,Province,,Kalimantan Utara,Indonesia,Asia,Kalimantan,UTC+08:00,,4,1,53,35,447,75468,648407,8.59,116.2188791,2.891012621,3.08,239.05,0.00,1.54,0.65%,26.45%,0.17,1.00
5/17/2020,ID-BT,Banten,24,0,1,23,587,60,159,368,Province,,Banten,Indonesia,Asia,Jawa,UTC+07:00,,4,4,155,313,1238,9663,10722374,1109.64,106.1090043,-6.456736388,2.24,54.75,0.00,5.60,10.22%,27.09%,,0.00
5/17/2020,ID-SA,Sulawesi Utara,0,4,0,-4,112,13,30,69,Province,,Sulawesi Utara,Indonesia,Asia,Sulawesi,UTC+08:00,,11,4,171,332,1507,13892,2641884,190.17,124.5212396,1.259638212,0.00,42.39,1.51,4.92,11.61%,26.79%,0.00,
5/17/2020,ID-BA,Bali,2,0,6,-4,339,2,243,94,Province,,Bali,Indonesia,Asia,Nusa Tenggara,UTC+08:00,,8,1,57,80,636,5780,4216171,729.43,115.1317136,-8.369471688,0.47,80.40,0.00,0.47,0.59%,71.68%,0.67,1.00
5/17/2020,ID-KS,Kalimantan Selatan,2,8,0,-6,365,44,73,248,Province,,Kalimantan Selatan,Indonesia,Asia,Kalimantan,UTC+08:00,,11,2,153,144,1864,38744,4023049,103.84,115.4385783,-2.993594979,0.50,90.73,1.99,10.94,12.05%,20.00%,0.29,
5/17/2020,ID-MA,Maluku,22,2,4,16,84,6,20,58,Province,,Maluku,Indonesia,Asia,Maluku,UTC+09:00,,9,2,118,35,1198,46914,1847097,39.37,129.576792,-3.192572,11.91,45.48,1.08,3.25,7.14%,23.81%,,
5/17/2020,ID-NB,Nusa Tenggara Barat,6,0,12,-6,369,7,200,162,Province,,Nusa Tenggara Barat,Indonesia,Asia,Nusa Tenggara,UTC+08:00,,8,2,117,145,995,18572,5270247,283.77,117.5086257,-8.606998866,1.14,70.02,0.00,1.33,1.90%,54.20%,0.86,1.00
5/17/2020,ID-KI,Kalimantan Timur,1,0,2,-1,251,3,65,183,Province,,Kalimantan Timur,Indonesia,Asia,Kalimantan,UTC+08:00,,7,3,103,197,841,129067,3552191,27.52,116.4684405,0.45385803,0.28,70.66,0.00,0.84,1.20%,25.90%,0.50,1.00
5/17/2020,ID-RI,Riau,4,0,0,4,98,6,60,32,Province,,Riau,Indonesia,Asia,Sumatera,UTC+07:00,,10,2,169,268,1591,87024,6074100,69.80,101.8051092,0.511647851,0.66,16.13,0.00,0.99,6.12%,61.22%,,1.00
5/17/2020,ID-KR,Kepulauan Riau,0,1,0,-1,111,11,81,19,Province,,Kepulauan Riau,Indonesia,Asia,Sumatera,UTC+07:00,,5,2,75,142,275,8202,1929400,235.24,108.261746,3.916346,0.00,57.53,0.52,5.70,9.91%,72.97%,0.00,
5/17/2020,ID-SR,Sulawesi Barat,0,0,0,0,75,2,23,50,Province,,Sulawesi Barat,Indonesia,Asia,Sulawesi,UTC+08:00,,6,,69,73,575,16787,1559984,92.93,119.3450194,-2.461746053,0.00,48.08,0.00,1.28,2.67%,30.67%,0.00,1.00
5/17/2020,ID-SU,Sumatera Utara,16,2,5,9,211,27,58,126,Province,,Sumatera Utara,Indonesia,Asia,Sumatera,UTC+07:00,,25,8,450,693,5417,72981,14874889,203.82,99.05196442,2.191894453,1.08,14.18,0.13,1.82,12.80%,27.49%,,
5/17/2020,ID-BB,Kepulauan Bangka Belitung,0,0,0,0,29,1,24,4,Province,,Kepulauan Bangka Belitung,Indonesia,Asia,Sumatera,UTC+07:00,,6,1,47,82,309,16424,1379767,84.01,106.5499324,-2.447444127,0.00,21.02,0.00,0.72,3.45%,82.76%,1.00,1.00
5/17/2020,ID-ST,Sulawesi Tengah,2,0,2,0,115,4,24,87,Province,,Sulawesi Tengah,Indonesia,Asia,Sulawesi,UTC+08:00,,12,1,175,175,1842,61841,2955567,47.79,121.2010927,-1.00413668,0.68,38.91,0.00,1.35,3.48%,20.87%,2.00,1.00
5/17/2020,ID-SS,Sumatera Selatan,66,3,0,63,519,19,72,428,Province,,Sumatera Selatan,Indonesia,Asia,Sumatera,UTC+07:00,,13,4,241,387,2853,91592,8217551,89.72,104.1694647,-3.216211808,8.03,63.16,0.37,2.31,3.66%,13.87%,,
5/17/2020,ID-NT,Nusa Tenggara Timur,12,0,4,8,59,1,6,52,Province,,Nusa Tenggara Timur,Indonesia,Asia,Nusa Tenggara,UTC+08:00,,21,1,309,327,3026,48718,5411321,111.07,121.592271,-8.682205,2.22,10.90,0.00,0.18,1.69%,10.17%,0.43,1.00
5/17/2020,ID-MU,Maluku Utara,4,0,0,4,92,4,13,75,Province,,Maluku Utara,Indonesia,Asia,Maluku,UTC+09:00,,8,2,116,118,1063,31983,1307803,40.89,127.5391072,0.212036949,3.06,70.35,0.00,3.06,4.35%,14.13%,1.33,1.00
5/17/2020,ID-BE,Bengkulu,9,0,0,9,65,2,1,62,Province,,Bengkulu,Indonesia,Asia,Sumatera,UTC+07:00,,9,1,129,172,1341,19919,1999539,100.38,102.3384213,-3.533583627,4.50,32.51,0.00,1.00,3.08%,1.54%,3.00,1.00
5/18/2020,ID-GO,Gorontalo,4,0,0,4,28,2,14,12,Province,,Gorontalo,Indonesia,Asia,Sulawesi,UTC+08:00,,5,1,77,72,657,11257,1180651,104.88,122.3760581,0.687002604,3.39,23.72,0.00,1.69,7.14%,50.00%,4.00,1.00
5/18/2020,IDN,Indonesia,496,43,195,258,18010,1191,4324,12495,Country,,,Indonesia,Asia,,,,416,98,7230,8488,74953,1916907,265185520,138.34,113.921327,-0.789275,1.87,67.91,0.16,4.49,6.61%,24.01%,1.01,0.73
5/18/2020,ID-JA,Jambi,1,0,0,1,80,0,4,76,Province,,Jambi,Indonesia,Asia,Sumatera,UTC+07:00,,9,2,141,163,1399,50058,3493357,69.79,102.7236404,-1.69769766,0.29,22.90,0.00,0.00,0.00%,5.00%,1.00,1.00
5/18/2020,ID-PA,Papua,0,0,0,0,380,6,48,326,Province,,Papua,Indonesia,Asia,Papua,UTC+09:00,Daerah Khusus,28,1,560,110,5411,319036,4340348,13.60,138.69603,-4.66620953,0.00,87.55,0.00,1.38,1.58%,12.63%,0.00,1.00
5/18/2020,ID-KU,Kalimantan Utara,0,0,5,-5,155,1,46,108,Province,,Kalimantan Utara,Indonesia,Asia,Kalimantan,UTC+08:00,,4,1,53,35,447,75468,648407,8.59,116.2188791,2.891012621,0.00,239.05,0.00,1.54,0.65%,29.68%,0.00,1.00
5/18/2020,ID-MU,Maluku Utara,1,0,0,1,93,4,13,76,Province,,Maluku Utara,Indonesia,Asia,Maluku,UTC+09:00,,8,2,116,118,1063,31983,1307803,40.89,127.5391072,0.212036949,0.76,71.11,0.00,3.06,4.30%,13.98%,0.25,1.00
5/18/2020,ID-BE,Bengkulu,1,0,0,1,66,2,1,63,Province,,Bengkulu,Indonesia,Asia,Sumatera,UTC+07:00,,9,1,129,172,1341,19919,1999539,100.38,102.3384213,-3.533583627,0.50,33.01,0.00,1.00,3.03%,1.52%,0.11,1.00
5/18/2020,ID-PB,Papua Barat,0,0,0,0,105,0,5,100,Province,,Papua Barat,Indonesia,Asia,Papua,UTC+09:00,Daerah Khusus,12,1,218,95,1742,102955,1140701,11.08,132.9762624,-2.045160182,0.00,92.05,0.00,0.00,0.00%,4.76%,0.00,1.00
5/18/2020,ID-LA,Lampung,16,0,2,14,82,8,25,49,Province,,Lampung,Indonesia,Asia,Sumatera,UTC+07:00,,13,2,228,205,2435,34624,9095591,262.70,105.0214366,-4.916792975,1.76,9.02,0.00,0.88,9.76%,30.49%,16.00,1.00
5/18/2020,ID-JB,Jawa Barat,24,13,77,-66,1601,118,392,1091,Province,,Jawa Barat,Indonesia,Asia,Jawa,UTC+07:00,,18,9,627,645,5312,35378,45161325,1276.55,107.6037083,-6.920432083,0.53,35.45,0.29,2.61,7.37%,24.48%,0.75,1.30
5/18/2020,ID-YO,Daerah Istimewa Yogyakarta,1,0,3,-2,185,8,94,83,Province,,Daerah Istimewa Yogyakarta,Indonesia,Asia,Jawa,UTC+07:00,Daerah Istimewa,4,1,78,46,392,3133,3631015,1158.90,110.4448783,-7.89450185,0.28,50.95,0.00,2.20,4.32%,50.81%,0.20,1.00
5/18/2020,ID-KB,Kalimantan Barat,0,0,8,-8,129,2,31,96,Province,,Kalimantan Barat,Indonesia,Asia,Kalimantan,UTC+07:00,,12,2,174,99,2031,147307,5422814,36.81,111.1211776,-0.086474572,0.00,23.79,0.00,0.37,1.55%,24.03%,0.00,1.00
5/18/2020,ID-SN,Sulawesi Selatan,66,3,18,45,1008,54,336,618,Province,,Sulawesi Selatan,Indonesia,Asia,Sulawesi,UTC+08:00,,21,3,311,792,2255,46717,9426885,201.78,120.1620559,-3.731080714,7.00,106.93,0.32,5.73,5.36%,33.33%,1.94,
5/18/2020,ID-SG,Sulawesi Tenggara,0,0,1,-1,188,4,20,164,Province,,Sulawesi Tenggara,Indonesia,Asia,Sulawesi,UTC+08:00,,15,2,219,377,1911,38068,2635461,69.23,122.070311,-4.124688793,0.00,71.33,0.00,1.52,2.13%,10.64%,0.00,1.00
5/18/2020,ID-AC,Aceh,0,0,0,0,18,1,15,2,Province,,Aceh,Indonesia,Asia,Sumatera,UTC+07:00,Daerah Khusus,18,5,289,,6497,57956,5247257,90.54,96.91052174,4.225614628,0.00,3.43,0.00,0.19,5.56%,83.33%,1.00,1.00
5/18/2020,ID-JK,DKI Jakarta,80,0,0,80,5461,431,1246,3784,Province,,DKI Jakarta,Indonesia,Asia,Jawa,UTC+07:00,Daerah Khusus Ibu Kota,1,5,44,267,,664,10846145,16334.31,106.8361183,-6.204698991,7.38,503.50,0.00,39.74,7.89%,22.82%,0.63,0.00
5/18/2020,ID-JI,Jawa Timur,135,15,25,95,2227,208,325,1694,Province,,Jawa Timur,Indonesia,Asia,Jawa,UTC+07:00,,29,9,666,777,7724,47803,40479023,846.78,112.7329414,-7.723345579,3.34,55.02,0.37,5.14,9.34%,14.59%,2.50,1.36
5/18/2020,ID-KT,Kalimantan Tengah,0,0,0,0,223,10,47,166,Province,,Kalimantan Tengah,Indonesia,Asia,Kalimantan,UTC+07:00,,13,1,136,139,1432,153565,2570289,16.74,113.4176536,-1.602484653,0.00,86.76,0.00,3.89,4.48%,21.08%,1.00,1.00
5/18/2020,ID-JT,Jawa Tengah,8,0,5,3,1154,60,238,856,Province,,Jawa Tengah,Indonesia,Asia,Jawa,UTC+07:00,,29,6,576,753,7809,32801,36364072,1108.64,110.2011149,-7.259097177,0.22,31.73,0.00,1.65,5.20%,20.62%,0.47,1.00
5/18/2020,ID-SB,Sumatera Barat,1,0,12,-11,409,22,108,279,Province,,Sumatera Barat,Indonesia,Asia,Sumatera,UTC+07:00,,12,7,179,230,928,42013,5519245,131.37,100.4650624,-0.850253225,0.18,74.10,0.00,3.99,5.38%,26.41%,0.08,1.00
5/18/2020,ID-BT,Banten,32,1,3,28,619,61,162,396,Province,,Banten,Indonesia,Asia,Jawa,UTC+07:00,,4,4,155,313,1238,9663,10722374,1109.64,106.1090043,-6.456736388,2.98,57.73,0.09,5.69,9.85%,26.17%,1.33,
5/18/2020,ID-BA,Bali,11,0,7,4,350,2,250,98,Province,,Bali,Indonesia,Asia,Nusa Tenggara,UTC+08:00,,8,1,57,80,636,5780,4216171,729.43,115.1317136,-8.369471688,2.61,83.01,0.00,0.47,0.57%,71.43%,5.50,1.00
5/18/2020,ID-KI,Kalimantan Timur,1,0,10,-9,252,3,75,174,Province,,Kalimantan Timur,Indonesia,Asia,Kalimantan,UTC+08:00,,7,3,103,197,841,129067,3552191,27.52,116.4684405,0.45385803,0.28,70.94,0.00,0.84,1.19%,29.76%,1.00,1.00
5/18/2020,ID-NT,Nusa Tenggara Timur,9,0,0,9,68,1,6,61,Province,,Nusa Tenggara Timur,Indonesia,Asia,Nusa Tenggara,UTC+08:00,,21,1,309,327,3026,48718,5411321,111.07,121.592271,-8.682205,1.66,12.57,0.00,0.18,1.47%,8.82%,0.75,1.00
5/18/2020,ID-SA,Sulawesi Utara,2,1,0,1,114,14,30,70,Province,,Sulawesi Utara,Indonesia,Asia,Sulawesi,UTC+08:00,,11,4,171,332,1507,13892,2641884,190.17,124.5212396,1.259638212,0.76,43.15,0.38,5.30,12.28%,26.32%,,0.25
5/18/2020,ID-KS,Kalimantan Selatan,72,2,0,70,437,46,73,318,Province,,Kalimantan Selatan,Indonesia,Asia,Kalimantan,UTC+08:00,,11,2,153,144,1864,38744,4023049,103.84,115.4385783,-2.993594979,17.90,108.62,0.50,11.43,10.53%,16.70%,36.00,0.25
5/18/2020,ID-NB,Nusa Tenggara Barat,4,0,13,-9,373,7,213,153,Province,,Nusa Tenggara Barat,Indonesia,Asia,Nusa Tenggara,UTC+08:00,,8,2,117,145,995,18572,5270247,283.77,117.5086257,-8.606998866,0.76,70.77,0.00,1.33,1.88%,57.10%,0.67,1.00
5/18/2020,ID-MA,Maluku,23,0,0,23,107,6,20,81,Province,,Maluku,Indonesia,Asia,Maluku,UTC+09:00,,9,2,118,35,1198,46914,1847097,39.37,129.576792,-3.192572,12.45,57.93,0.00,3.25,5.61%,18.69%,1.05,0.00
5/18/2020,ID-RI,Riau,2,0,2,0,100,6,62,32,Province,,Riau,Indonesia,Asia,Sumatera,UTC+07:00,,10,2,169,268,1591,87024,6074100,69.80,101.8051092,0.511647851,0.33,16.46,0.00,0.99,6.00%,62.00%,0.50,1.00
5/18/2020,ID-SR,Sulawesi Barat,0,0,0,0,75,2,23,50,Province,,Sulawesi Barat,Indonesia,Asia,Sulawesi,UTC+08:00,,6,,69,73,575,16787,1559984,92.93,119.3450194,-2.461746053,0.00,48.08,0.00,1.28,2.67%,30.67%,1.00,1.00
5/18/2020,ID-SS,Sumatera Selatan,16,2,4,10,535,21,76,438,Province,,Sumatera Selatan,Indonesia,Asia,Sumatera,UTC+07:00,,13,4,241,387,2853,91592,8217551,89.72,104.1694647,-3.216211808,1.95,65.10,0.24,2.56,3.93%,14.21%,0.24,0.67
5/18/2020,ID-KR,Kepulauan Riau,11,0,0,11,122,11,81,30,Province,,Kepulauan Riau,Indonesia,Asia,Sumatera,UTC+07:00,,5,2,75,142,275,8202,1929400,235.24,108.261746,3.916346,5.70,63.23,0.00,5.70,9.02%,66.39%,,0.00
5/18/2020,ID-SU,Sumatera Utara,7,1,0,6,218,28,58,132,Province,,Sumatera Utara,Indonesia,Asia,Sumatera,UTC+07:00,,25,8,450,693,5417,72981,14874889,203.82,99.05196442,2.191894453,0.47,14.66,0.07,1.88,12.84%,26.61%,0.44,0.50
5/18/2020,ID-ST,Sulawesi Tengah,0,0,2,-2,115,4,26,85,Province,,Sulawesi Tengah,Indonesia,Asia,Sulawesi,UTC+08:00,,12,1,175,175,1842,61841,2955567,47.79,121.2010927,-1.00413668,0.00,38.91,0.00,1.35,3.48%,22.61%,0.00,1.00
5/18/2020,ID-BB,Kepulauan Bangka Belitung,0,0,0,0,29,1,24,4,Province,,Kepulauan Bangka Belitung,Indonesia,Asia,Sumatera,UTC+07:00,,6,1,47,82,309,16424,1379767,84.01,106.5499324,-2.447444127,0.00,21.02,0.00,0.72,3.45%,82.76%,1.00,1.00
5/19/2020,ID-GO,Gorontalo,0,0,0,0,28,2,14,12,Province,,Gorontalo,Indonesia,Asia,Sulawesi,UTC+08:00,,5,1,77,72,657,11257,1180651,104.88,122.3760581,0.687002604,0.00,23.72,0.00,1.69,7.14%,50.00%,0.00,1.00
5/19/2020,ID-JA,Jambi,3,0,0,3,83,0,4,79,Province,,Jambi,Indonesia,Asia,Sumatera,UTC+07:00,,9,2,141,163,1399,50058,3493357,69.79,102.7236404,-1.69769766,0.86,23.76,0.00,0.00,0.00%,4.82%,3.00,1.00
5/19/2020,ID-MU,Maluku Utara,2,0,0,2,95,4,13,78,Province,,Maluku Utara,Indonesia,Asia,Maluku,UTC+09:00,,8,2,116,118,1063,31983,1307803,40.89,127.5391072,0.212036949,1.53,72.64,0.00,3.06,4.21%,13.68%,2.00,1.00
5/19/2020,ID-JB,Jawa Barat,21,1,14,6,1622,119,406,1097,Province,,Jawa Barat,Indonesia,Asia,Jawa,UTC+07:00,,18,9,627,645,5312,35378,45161325,1276.55,107.6037083,-6.920432083,0.46,35.92,0.02,2.63,7.34%,25.03%,0.88,0.08
5/19/2020,ID-KT,Kalimantan Tengah,5,0,0,5,228,10,47,171,Province,,Kalimantan Tengah,Indonesia,Asia,Kalimantan,UTC+07:00,,13,1,136,139,1432,153565,2570289,16.74,113.4176536,-1.602484653,1.95,88.71,0.00,3.89,4.39%,20.61%,,1.00
5/19/2020,ID-ST,Sulawesi Tengah,0,0,0,0,115,4,26,85,Province,,Sulawesi Tengah,Indonesia,Asia,Sulawesi,UTC+08:00,,12,1,175,175,1842,61841,2955567,47.79,121.2010927,-1.00413668,0.00,38.91,0.00,1.35,3.48%,22.61%,1.00,1.00
5/19/2020,ID-BB,Kepulauan Bangka Belitung,0,0,0,0,29,1,24,4,Province,,Kepulauan Bangka Belitung,Indonesia,Asia,Sumatera,UTC+07:00,,6,1,47,82,309,16424,1379767,84.01,106.5499324,-2.447444127,0.00,21.02,0.00,0.72,3.45%,82.76%,1.00,1.00
5/19/2020,IDN,Indonesia,486,30,143,313,18496,1221,4467,12808,Country,,,Indonesia,Asia,,,,416,98,7230,8488,74953,1916907,265185520,138.34,113.921327,-0.789275,1.83,69.75,0.11,4.60,6.60%,24.15%,0.98,0.70
5/19/2020,ID-PA,Papua,6,0,0,6,386,6,48,332,Province,,Papua,Indonesia,Asia,Papua,UTC+09:00,Daerah Khusus,28,1,560,110,5411,319036,4340348,13.60,138.69603,-4.66620953,1.38,88.93,0.00,1.38,1.55%,12.44%,,1.00
5/19/2020,ID-KU,Kalimantan Utara,5,0,5,0,160,1,51,108,Province,,Kalimantan Utara,Indonesia,Asia,Kalimantan,UTC+08:00,,4,1,53,35,447,75468,648407,8.59,116.2188791,2.891012621,7.71,246.76,0.00,1.54,0.63%,31.88%,,1.00
5/19/2020,ID-BE,Bengkulu,1,0,0,1,67,2,1,64,Province,,Bengkulu,Indonesia,Asia,Sumatera,UTC+07:00,,9,1,129,172,1341,19919,1999539,100.38,102.3384213,-3.533583627,0.50,33.51,0.00,1.00,2.99%,1.49%,1.00,1.00
5/19/2020,ID-LA,Lampung,1,0,4,-3,83,8,29,46,Province,,Lampung,Indonesia,Asia,Sumatera,UTC+07:00,,13,2,228,205,2435,34624,9095591,262.70,105.0214366,-4.916792975,0.11,9.13,0.00,0.88,9.64%,34.94%,0.06,1.00
5/19/2020,ID-PB,Papua Barat,0,0,0,0,105,0,5,100,Province,,Papua Barat,Indonesia,Asia,Papua,UTC+09:00,Daerah Khusus,12,1,218,95,1742,102955,1140701,11.08,132.9762624,-2.045160182,0.00,92.05,0.00,0.00,0.00%,4.76%,1.00,1.00
5/19/2020,ID-YO,Daerah Istimewa Yogyakarta,7,0,12,-5,192,8,106,78,Province,,Daerah Istimewa Yogyakarta,Indonesia,Asia,Jawa,UTC+07:00,Daerah Istimewa,4,1,78,46,392,3133,3631015,1158.90,110.4448783,-7.89450185,1.93,52.88,0.00,2.20,4.17%,55.21%,7.00,1.00
5/19/2020,ID-SN,Sulawesi Selatan,47,0,21,26,1055,54,357,644,Province,,Sulawesi Selatan,Indonesia,Asia,Sulawesi,UTC+08:00,,21,3,311,792,2255,46717,9426885,201.78,120.1620559,-3.731080714,4.99,111.91,0.00,5.73,5.12%,33.84%,0.71,0.00
5/19/2020,ID-JI,Jawa Timur,83,13,38,32,2310,221,363,1726,Province,,Jawa Timur,Indonesia,Asia,Jawa,UTC+07:00,,29,9,666,777,7724,47803,40479023,846.78,112.7329414,-7.723345579,2.05,57.07,0.32,5.46,9.57%,15.71%,0.61,0.87
5/19/2020,ID-KB,Kalimantan Barat,0,0,0,0,129,2,31,96,Province,,Kalimantan Barat,Indonesia,Asia,Kalimantan,UTC+07:00,,12,2,174,99,2031,147307,5422814,36.81,111.1211776,-0.086474572,0.00,23.79,0.00,0.37,1.55%,24.03%,1.00,1.00
5/19/2020,ID-SG,Sulawesi Tenggara,11,0,5,6,199,4,25,170,Province,,Sulawesi Tenggara,Indonesia,Asia,Sulawesi,UTC+08:00,,15,2,219,377,1911,38068,2635461,69.23,122.070311,-4.124688793,4.17,75.51,0.00,1.52,2.01%,12.56%,,1.00
5/19/2020,ID-JK,DKI Jakarta,96,7,21,68,5557,438,1267,3852,Province,,DKI Jakarta,Indonesia,Asia,Jawa,UTC+07:00,Daerah Khusus Ibu Kota,1,5,44,267,,664,10846145,16334.31,106.8361183,-6.204698991,8.85,512.35,0.65,40.38,7.88%,22.80%,1.20,
5/19/2020,ID-AC,Aceh,0,0,0,0,18,1,15,2,Province,,Aceh,Indonesia,Asia,Sumatera,UTC+07:00,Daerah Khusus,18,5,289,,6497,57956,5247257,90.54,96.91052174,4.225614628,0.00,3.43,0.00,0.19,5.56%,83.33%,1.00,1.00
5/19/2020,ID-JT,Jawa Tengah,10,0,0,10,1164,60,238,866,Province,,Jawa Tengah,Indonesia,Asia,Jawa,UTC+07:00,,29,6,576,753,7809,32801,36364072,1108.64,110.2011149,-7.259097177,0.27,32.01,0.00,1.65,5.15%,20.45%,1.25,1.00
5/19/2020,ID-BT,Banten,21,0,0,21,640,61,162,417,Province,,Banten,Indonesia,Asia,Jawa,UTC+07:00,,4,4,155,313,1238,9663,10722374,1109.64,106.1090043,-6.456736388,1.96,59.69,0.00,5.69,9.53%,25.31%,0.66,0.00
5/19/2020,ID-SA,Sulawesi Utara,10,0,0,10,124,14,30,80,Province,,Sulawesi Utara,Indonesia,Asia,Sulawesi,UTC+08:00,,11,4,171,332,1507,13892,2641884,190.17,124.5212396,1.259638212,3.79,46.94,0.00,5.30,11.29%,24.19%,5.00,0.00
5/19/2020,ID-SU,Sumatera Utara,10,1,0,9,228,29,58,141,Province,,Sumatera Utara,Indonesia,Asia,Sumatera,UTC+07:00,,25,8,450,693,5417,72981,14874889,203.82,99.05196442,2.191894453,0.67,15.33,0.07,1.95,12.72%,25.44%,1.43,1.00
5/19/2020,ID-SB,Sumatera Barat,11,0,10,1,420,22,118,280,Province,,Sumatera Barat,Indonesia,Asia,Sumatera,UTC+07:00,,12,7,179,230,928,42013,5519245,131.37,100.4650624,-0.850253225,1.99,76.10,0.00,3.99,5.24%,28.10%,11.00,1.00
5/19/2020,ID-BA,Bali,4,0,10,-6,354,2,260,92,Province,,Bali,Indonesia,Asia,Nusa Tenggara,UTC+08:00,,8,1,57,80,636,5780,4216171,729.43,115.1317136,-8.369471688,0.95,83.96,0.00,0.47,0.56%,73.45%,0.36,1.00
5/19/2020,ID-NT,Nusa Tenggara Timur,3,0,0,3,71,1,6,64,Province,,Nusa Tenggara Timur,Indonesia,Asia,Nusa Tenggara,UTC+08:00,,21,1,309,327,3026,48718,5411321,111.07,121.592271,-8.682205,0.55,13.12,0.00,0.18,1.41%,8.45%,0.33,1.00
5/19/2020,ID-KI,Kalimantan Timur,3,0,5,-2,255,3,80,172,Province,,Kalimantan Timur,Indonesia,Asia,Kalimantan,UTC+08:00,,7,3,103,197,841,129067,3552191,27.52,116.4684405,0.45385803,0.84,71.79,0.00,0.84,1.18%,31.37%,3.00,1.00
5/19/2020,ID-KS,Kalimantan Selatan,46,5,3,38,483,51,76,356,Province,,Kalimantan Selatan,Indonesia,Asia,Kalimantan,UTC+08:00,,11,2,153,144,1864,38744,4023049,103.84,115.4385783,-2.993594979,11.43,120.06,1.24,12.68,10.56%,15.73%,0.64,2.50
5/19/2020,ID-MA,Maluku,0,0,0,0,107,6,20,81,Province,,Maluku,Indonesia,Asia,Maluku,UTC+09:00,,9,2,118,35,1198,46914,1847097,39.37,129.576792,-3.192572,0.00,57.93,0.00,3.25,5.61%,18.69%,0.00,1.00
5/19/2020,ID-KR,Kepulauan Riau,13,0,0,13,135,11,81,43,Province,,Kepulauan Riau,Indonesia,Asia,Sumatera,UTC+07:00,,5,2,75,142,275,8202,1929400,235.24,108.261746,3.916346,6.74,69.97,0.00,5.70,8.15%,60.00%,1.18,1.00
5/19/2020,ID-NB,Nusa Tenggara Barat,0,0,0,0,373,7,213,153,Province,,Nusa Tenggara Barat,Indonesia,Asia,Nusa Tenggara,UTC+08:00,,8,2,117,145,995,18572,5270247,283.77,117.5086257,-8.606998866,0.00,70.77,0.00,1.33,1.88%,57.10%,0.00,1.00
5/19/2020,ID-RI,Riau,5,0,0,5,105,6,62,37,Province,,Riau,Indonesia,Asia,Sumatera,UTC+07:00,,10,2,169,268,1591,87024,6074100,69.80,101.8051092,0.511647851,0.82,17.29,0.00,0.99,5.71%,59.05%,2.50,1.00
5/19/2020,ID-SS,Sumatera Selatan,57,0,0,57,592,21,76,495,Province,,Sumatera Selatan,Indonesia,Asia,Sumatera,UTC+07:00,,13,4,241,387,2853,91592,8217551,89.72,104.1694647,-3.216211808,6.94,72.04,0.00,2.56,3.55%,12.84%,3.56,0.00
5/19/2020,ID-SR,Sulawesi Barat,2,0,2,0,77,2,25,50,Province,,Sulawesi Barat,Indonesia,Asia,Sulawesi,UTC+08:00,,6,,69,73,575,16787,1559984,92.93,119.3450194,-2.461746053,1.28,49.36,0.00,1.28,2.60%,32.47%,,1.00
5/20/2020,ID-GO,Gorontalo,0,0,1,-1,28,2,15,11,Province,,Gorontalo,Indonesia,Asia,Sulawesi,UTC+08:00,,5,1,77,72,657,11257,1180651,104.88,122.3760581,0.687002604,0.00,23.72,0.00,1.69,7.14%,53.57%,1.00,1.00
5/20/2020,ID-MU,Maluku Utara,1,0,0,1,96,4,13,79,Province,,Maluku Utara,Indonesia,Asia,Maluku,UTC+09:00,,8,2,116,118,1063,31983,1307803,40.89,127.5391072,0.212036949,0.76,73.41,0.00,3.06,4.17%,13.54%,0.50,1.00
5/20/2020,ID-ST,Sulawesi Tengah,0,0,0,0,115,4,26,85,Province,,Sulawesi Tengah,Indonesia,Asia,Sulawesi,UTC+08:00,,12,1,175,175,1842,61841,2955567,47.79,121.2010927,-1.00413668,0.00,38.91,0.00,1.35,3.48%,22.61%,1.00,1.00
5/20/2020,ID-KU,Kalimantan Utara,0,0,0,0,160,1,51,108,Province,,Kalimantan Utara,Indonesia,Asia,Kalimantan,UTC+08:00,,4,1,53,35,447,75468,648407,8.59,116.2188791,2.891012621,0.00,246.76,0.00,1.54,0.63%,31.88%,0.00,1.00
5/20/2020,ID-SG,Sulawesi Tenggara,0,0,0,0,199,4,25,170,Province,,Sulawesi Tenggara,Indonesia,Asia,Sulawesi,UTC+08:00,,15,2,219,377,1911,38068,2635461,69.23,122.070311,-4.124688793,0.00,75.51,0.00,1.52,2.01%,12.56%,0.00,1.00
5/20/2020,ID-SS,Sumatera Selatan,50,2,1,47,642,23,77,542,Province,,Sumatera Selatan,Indonesia,Asia,Sumatera,UTC+07:00,,13,4,241,387,2853,91592,8217551,89.72,104.1694647,-3.216211808,6.08,78.13,0.24,2.80,3.58%,11.99%,0.88,
5/20/2020,ID-SR,Sulawesi Barat,1,0,0,1,78,2,25,51,Province,,Sulawesi Barat,Indonesia,Asia,Sulawesi,UTC+08:00,,6,,69,73,575,16787,1559984,92.93,119.3450194,-2.461746053,0.64,50.00,0.00,1.28,2.56%,32.05%,0.50,1.00
5/20/2020,ID-JA,Jambi,5,0,2,3,88,0,6,82,Province,,Jambi,Indonesia,Asia,Sumatera,UTC+07:00,,9,2,141,163,1399,50058,3493357,69.79,102.7236404,-1.69769766,1.43,25.19,0.00,0.00,0.00%,6.82%,1.67,1.00
5/20/2020,ID-JB,Jawa Barat,169,0,1,168,1791,119,407,1265,Province,,Jawa Barat,Indonesia,Asia,Jawa,UTC+07:00,,18,9,627,645,5312,35378,45161325,1276.55,107.6037083,-6.920432083,3.74,39.66,0.00,2.63,6.64%,22.72%,8.05,0.00
5/20/2020,ID-KT,Kalimantan Tengah,9,0,18,-9,237,10,65,162,Province,,Kalimantan Tengah,Indonesia,Asia,Kalimantan,UTC+07:00,,13,1,136,139,1432,153565,2570289,16.74,113.4176536,-1.602484653,3.50,92.21,0.00,3.89,4.22%,27.43%,1.80,1.00
5/20/2020,ID-BB,Kepulauan Bangka Belitung,6,0,1,5,35,1,25,9,Province,,Kepulauan Bangka Belitung,Indonesia,Asia,Sumatera,UTC+07:00,,6,1,47,82,309,16424,1379767,84.01,106.5499324,-2.447444127,4.35,25.37,0.00,0.72,2.86%,71.43%,,1.00
5/20/2020,ID-PA,Papua,20,0,0,20,406,6,48,352,Province,,Papua,Indonesia,Asia,Papua,UTC+09:00,Daerah Khusus,28,1,560,110,5411,319036,4340348,13.60,138.69603,-4.66620953,4.61,93.54,0.00,1.38,1.48%,11.82%,3.33,1.00
5/20/2020,IDN,Indonesia,693,21,108,564,19189,1242,4575,13372,Country,,,Indonesia,Asia,,,,416,98,7230,8488,74953,1916907,265185520,138.34,113.921327,-0.789275,2.61,72.36,0.08,4.68,6.47%,23.84%,1.43,0.70
5/20/2020,ID-BE,Bengkulu,0,0,6,-6,67,2,7,58,Province,,Bengkulu,Indonesia,Asia,Sumatera,UTC+07:00,,9,1,129,172,1341,19919,1999539,100.38,102.3384213,-3.533583627,0.00,33.51,0.00,1.00,2.99%,10.45%,0.00,1.00
5/20/2020,ID-PB,Papua Barat,1,0,1,0,106,0,6,100,Province,,Papua Barat,Indonesia,Asia,Papua,UTC+09:00,Daerah Khusus,12,1,218,95,1742,102955,1140701,11.08,132.9762624,-2.045160182,0.88,92.93,0.00,0.00,0.00%,5.66%,,1.00
5/20/2020,ID-KB,Kalimantan Barat,0,0,0,0,129,2,31,96,Province,,Kalimantan Barat,Indonesia,Asia,Kalimantan,UTC+07:00,,12,2,174,99,2031,147307,5422814,36.81,111.1211776,-0.086474572,0.00,23.79,0.00,0.37,1.55%,24.03%,1.00,1.00
5/20/2020,ID-LA,Lampung,1,0,0,1,84,8,29,47,Province,,Lampung,Indonesia,Asia,Sumatera,UTC+07:00,,13,2,228,205,2435,34624,9095591,262.70,105.0214366,-4.916792975,0.11,9.24,0.00,0.88,9.52%,34.52%,1.00,1.00
5/20/2020,ID-YO,Daerah Istimewa Yogyakarta,2,0,8,-6,194,8,114,72,Province,,Daerah Istimewa Yogyakarta,Indonesia,Asia,Jawa,UTC+07:00,Daerah Istimewa,4,1,78,46,392,3133,3631015,1158.90,110.4448783,-7.89450185,0.55,53.43,0.00,2.20,4.12%,58.76%,0.29,1.00
5/20/2020,ID-JI,Jawa Timur,124,6,12,106,2434,227,375,1832,Province,,Jawa Timur,Indonesia,Asia,Jawa,UTC+07:00,,29,9,666,777,7724,47803,40479023,846.78,112.7329414,-7.723345579,3.06,60.13,0.15,5.61,9.33%,15.41%,1.49,0.46
5/20/2020,ID-SN,Sulawesi Selatan,37,1,9,27,1092,55,366,671,Province,,Sulawesi Selatan,Indonesia,Asia,Sulawesi,UTC+08:00,,21,3,311,792,2255,46717,9426885,201.78,120.1620559,-3.731080714,3.92,115.84,0.11,5.83,5.04%,33.52%,0.79,
5/20/2020,ID-JK,DKI Jakarta,86,2,3,81,5643,440,1270,3933,Province,,DKI Jakarta,Indonesia,Asia,Jawa,UTC+07:00,Daerah Khusus Ibu Kota,1,5,44,267,,664,10846145,16334.31,106.8361183,-6.204698991,7.93,520.28,0.18,40.57,7.80%,22.51%,0.90,0.29
5/20/2020,ID-JT,Jawa Tengah,17,0,1,16,1181,60,239,882,Province,,Jawa Tengah,Indonesia,Asia,Jawa,UTC+07:00,,29,6,576,753,7809,32801,36364072,1108.64,110.2011149,-7.259097177,0.47,32.48,0.00,1.65,5.08%,20.24%,1.70,1.00
5/20/2020,ID-SB,Sumatera Barat,8,1,28,-21,428,23,146,259,Province,,Sumatera Barat,Indonesia,Asia,Sumatera,UTC+07:00,,12,7,179,230,928,42013,5519245,131.37,100.4650624,-0.850253225,1.45,77.55,0.18,4.17,5.37%,34.11%,0.73,
5/20/2020,ID-RI,Riau,1,0,1,0,106,6,63,37,Province,,Riau,Indonesia,Asia,Sumatera,UTC+07:00,,10,2,169,268,1591,87024,6074100,69.80,101.8051092,0.511647851,0.16,17.45,0.00,0.99,5.66%,59.43%,0.20,1.00
5/20/2020,ID-AC,Aceh,0,0,0,0,18,1,15,2,Province,,Aceh,Indonesia,Asia,Sumatera,UTC+07:00,Daerah Khusus,18,5,289,,6497,57956,5247257,90.54,96.91052174,4.225614628,0.00,3.43,0.00,0.19,5.56%,83.33%,1.00,1.00
5/20/2020,ID-BT,Banten,1,0,0,1,641,61,162,418,Province,,Banten,Indonesia,Asia,Jawa,UTC+07:00,,4,4,155,313,1238,9663,10722374,1109.64,106.1090043,-6.456736388,0.09,59.78,0.00,5.69,9.52%,25.27%,0.05,1.00
5/20/2020,ID-SU,Sumatera Utara,15,2,16,-3,243,31,74,138,Province,,Sumatera Utara,Indonesia,Asia,Sumatera,UTC+07:00,,25,8,450,693,5417,72981,14874889,203.82,99.05196442,2.191894453,1.01,16.34,0.13,2.08,12.76%,30.45%,1.50,2.00
5/20/2020,ID-SA,Sulawesi Utara,24,1,0,23,148,15,30,103,Province,,Sulawesi Utara,Indonesia,Asia,Sulawesi,UTC+08:00,,11,4,171,332,1507,13892,2641884,190.17,124.5212396,1.259638212,9.08,56.02,0.38,5.68,10.14%,20.27%,2.40,
5/20/2020,ID-BA,Bali,8,0,9,-1,362,2,269,91,Province,,Bali,Indonesia,Asia,Nusa Tenggara,UTC+08:00,,8,1,57,80,636,5780,4216171,729.43,115.1317136,-8.369471688,1.90,85.86,0.00,0.47,0.55%,74.31%,2.00,1.00
5/20/2020,ID-KI,Kalimantan Timur,6,0,4,2,261,3,84,174,Province,,Kalimantan Timur,Indonesia,Asia,Kalimantan,UTC+08:00,,7,3,103,197,841,129067,3552191,27.52,116.4684405,0.45385803,1.69,73.48,0.00,0.84,1.15%,32.18%,2.00,1.00
5/20/2020,ID-NB,Nusa Tenggara Barat,18,0,0,18,391,7,213,171,Province,,Nusa Tenggara Barat,Indonesia,Asia,Nusa Tenggara,UTC+08:00,,8,2,117,145,995,18572,5270247,283.77,117.5086257,-8.606998866,3.42,74.19,0.00,1.33,1.79%,54.48%,,1.00
5/20/2020,ID-NT,Nusa Tenggara Timur,5,0,0,5,76,1,6,69,Province,,Nusa Tenggara Timur,Indonesia,Asia,Nusa Tenggara,UTC+08:00,,21,1,309,327,3026,48718,5411321,111.07,121.592271,-8.682205,0.92,14.04,0.00,0.18,1.32%,7.89%,1.67,1.00
5/20/2020,ID-KS,Kalimantan Selatan,59,4,0,55,542,55,76,411,Province,,Kalimantan Selatan,Indonesia,Asia,Kalimantan,UTC+08:00,,11,2,153,144,1864,38744,4023049,103.84,115.4385783,-2.993594979,14.67,134.72,0.99,13.67,10.15%,14.02%,1.28,0.80
5/20/2020,ID-KR,Kepulauan Riau,0,0,0,0,135,11,81,43,Province,,Kepulauan Riau,Indonesia,Asia,Sumatera,UTC+07:00,,5,2,75,142,275,8202,1929400,235.24,108.261746,3.916346,0.00,69.97,0.00,5.70,8.15%,60.00%,0.00,1.00
5/20/2020,ID-MA,Maluku,17,1,0,16,124,7,20,97,Province,,Maluku,Indonesia,Asia,Maluku,UTC+09:00,,9,2,118,35,1198,46914,1847097,39.37,129.576792,-3.192572,9.20,67.13,0.54,3.79,5.65%,16.13%,,
5/21/2020,ID-GO,Gorontalo,16,0,0,16,44,2,15,27,Province,,Gorontalo,Indonesia,Asia,Sulawesi,UTC+08:00,,5,1,77,72,657,11257,1180651,104.88,122.3760581,0.687002604,13.55,37.27,0.00,1.69,4.55%,34.09%,,1.00
5/21/2020,ID-ST,Sulawesi Tengah,2,0,11,-9,117,4,37,76,Province,,Sulawesi Tengah,Indonesia,Asia,Sulawesi,UTC+08:00,,12,1,175,175,1842,61841,2955567,47.79,121.2010927,-1.00413668,0.68,39.59,0.00,1.35,3.42%,31.62%,,1.00
5/21/2020,ID-SS,Sumatera Selatan,28,1,17,10,670,24,94,552,Province,,Sumatera Selatan,Indonesia,Asia,Sumatera,UTC+07:00,,13,4,241,387,2853,91592,8217551,89.72,104.1694647,-3.216211808,3.41,81.53,0.12,2.92,3.58%,14.03%,0.56,0.50
5/21/2020,ID-KT,Kalimantan Tengah,13,0,10,3,250,10,75,165,Province,,Kalimantan Tengah,Indonesia,Asia,Kalimantan,UTC+07:00,,13,1,136,139,1432,153565,2570289,16.74,113.4176536,-1.602484653,5.06,97.27,0.00,3.89,4.00%,30.00%,1.44,1.00
5/21/2020,ID-YO,Daerah Istimewa Yogyakarta,6,0,7,-1,200,8,121,71,Province,,Daerah Istimewa Yogyakarta,Indonesia,Asia,Jawa,UTC+07:00,Daerah Istimewa,4,1,78,46,392,3133,3631015,1158.90,110.4448783,-7.89450185,1.65,55.08,0.00,2.20,4.00%,60.50%,3.00,1.00
5/21/2020,ID-KR,Kepulauan Riau,0,0,0,0,135,11,81,43,Province,,Kepulauan Riau,Indonesia,Asia,Sumatera,UTC+07:00,,5,2,75,142,275,8202,1929400,235.24,108.261746,3.916346,0.00,69.97,0.00,5.70,8.15%,60.00%,1.00,1.00
5/21/2020,ID-MA,Maluku,11,0,1,10,135,7,21,107,Province,,Maluku,Indonesia,Asia,Maluku,UTC+09:00,,9,2,118,35,1198,46914,1847097,39.37,129.576792,-3.192572,5.96,73.09,0.00,3.79,5.19%,15.56%,0.65,0.00
5/21/2020,ID-MU,Maluku Utara,1,0,0,1,97,4,13,80,Province,,Maluku Utara,Indonesia,Asia,Maluku,UTC+09:00,,8,2,116,118,1063,31983,1307803,40.89,127.5391072,0.212036949,0.76,74.17,0.00,3.06,4.12%,13.40%,1.00,1.00
5/21/2020,ID-KU,Kalimantan Utara,2,0,3,-1,162,1,54,107,Province,,Kalimantan Utara,Indonesia,Asia,Kalimantan,UTC+08:00,,4,1,53,35,447,75468,648407,8.59,116.2188791,2.891012621,3.08,249.84,0.00,1.54,0.62%,33.33%,,1.00
5/21/2020,ID-SG,Sulawesi Tenggara,0,0,0,0,199,4,25,170,Province,,Sulawesi Tenggara,Indonesia,Asia,Sulawesi,UTC+08:00,,15,2,219,377,1911,38068,2635461,69.23,122.070311,-4.124688793,0.00,75.51,0.00,1.52,2.01%,12.56%,1.00,1.00
5/21/2020,ID-SR,Sulawesi Barat,8,0,0,8,86,2,25,59,Province,,Sulawesi Barat,Indonesia,Asia,Sulawesi,UTC+08:00,,6,,69,73,575,16787,1559984,92.93,119.3450194,-2.461746053,5.13,55.13,0.00,1.28,2.33%,29.07%,8.00,1.00
5/21/2020,ID-JB,Jawa Barat,83,0,10,73,1874,119,417,1338,Province,,Jawa Barat,Indonesia,Asia,Jawa,UTC+07:00,,18,9,627,645,5312,35378,45161325,1276.55,107.6037083,-6.920432083,1.84,41.50,0.00,2.63,6.35%,22.25%,0.49,1.00
5/21/2020,ID-JA,Jambi,0,0,2,-2,88,0,8,80,Province,,Jambi,Indonesia,Asia,Sumatera,UTC+07:00,,9,2,141,163,1399,50058,3493357,69.79,102.7236404,-1.69769766,0.00,25.19,0.00,0.00,0.00%,9.09%,0.00,1.00
5/21/2020,ID-BB,Kepulauan Bangka Belitung,1,0,1,0,36,1,26,9,Province,,Kepulauan Bangka Belitung,Indonesia,Asia,Sumatera,UTC+07:00,,6,1,47,82,309,16424,1379767,84.01,106.5499324,-2.447444127,0.72,26.09,0.00,0.72,2.78%,72.22%,0.17,1.00
5/21/2020,IDN,Indonesia,973,36,263,674,20162,1278,4838,14046,Country,,,Indonesia,Asia,,,,416,98,7230,8488,74953,1916907,265185520,138.34,113.921327,-0.789275,3.67,76.03,0.14,4.82,6.34%,24.00%,1.40,1.71
5/21/2020,ID-LA,Lampung,16,0,2,14,100,8,31,61,Province,,Lampung,Indonesia,Asia,Sumatera,UTC+07:00,,13,2,228,205,2435,34624,9095591,262.70,105.0214366,-4.916792975,1.76,10.99,0.00,0.88,8.00%,31.00%,16.00,1.00
5/21/2020,ID-PA,Papua,1,0,0,1,407,6,48,353,Province,,Papua,Indonesia,Asia,Papua,UTC+09:00,Daerah Khusus,28,1,560,110,5411,319036,4340348,13.60,138.69603,-4.66620953,0.23,93.77,0.00,1.38,1.47%,11.79%,0.05,1.00
5/21/2020,ID-BE,Bengkulu,2,0,2,0,69,2,9,58,Province,,Bengkulu,Indonesia,Asia,Sumatera,UTC+07:00,,9,1,129,172,1341,19919,1999539,100.38,102.3384213,-3.533583627,1.00,34.51,0.00,1.00,2.90%,13.04%,,1.00
5/21/2020,ID-KB,Kalimantan Barat,1,0,5,-4,130,2,36,92,Province,,Kalimantan Barat,Indonesia,Asia,Kalimantan,UTC+07:00,,12,2,174,99,2031,147307,5422814,36.81,111.1211776,-0.086474572,0.18,23.97,0.00,0.37,1.54%,27.69%,,1.00
5/21/2020,ID-PB,Papua Barat,3,0,1,2,109,0,7,102,Province,,Papua Barat,Indonesia,Asia,Papua,UTC+09:00,Daerah Khusus,12,1,218,95,1742,102955,1140701,11.08,132.9762624,-2.045160182,2.63,95.56,0.00,0.00,0.00%,6.42%,3.00,1.00
5/21/2020,ID-JI,Jawa Timur,492,13,16,463,2926,240,391,2295,Province,,Jawa Timur,Indonesia,Asia,Jawa,UTC+07:00,,29,9,666,777,7724,47803,40479023,846.78,112.7329414,-7.723345579,12.15,72.28,0.32,5.93,8.20%,13.36%,3.97,2.17
5/21/2020,ID-JK,DKI Jakarta,71,9,131,-69,5714,449,1401,3864,Province,,DKI Jakarta,Indonesia,Asia,Jawa,UTC+07:00,Daerah Khusus Ibu Kota,1,5,44,267,,664,10846145,16334.31,106.8361183,-6.204698991,6.55,526.82,0.83,41.40,7.86%,24.52%,0.83,4.50
5/21/2020,ID-AC,Aceh,0,0,0,0,18,1,15,2,Province,,Aceh,Indonesia,Asia,Sumatera,UTC+07:00,Daerah Khusus,18,5,289,,6497,57956,5247257,90.54,96.91052174,4.225614628,0.00,3.43,0.00,0.19,5.56%,83.33%,1.00,1.00
5/21/2020,ID-KS,Kalimantan Selatan,8,4,1,3,550,59,77,414,Province,,Kalimantan Selatan,Indonesia,Asia,Kalimantan,UTC+08:00,,11,2,153,144,1864,38744,4023049,103.84,115.4385783,-2.993594979,1.99,136.71,0.99,14.67,10.73%,14.00%,0.14,1.00
5/21/2020,ID-SN,Sulawesi Selatan,33,3,31,-1,1125,58,397,670,Province,,Sulawesi Selatan,Indonesia,Asia,Sulawesi,UTC+08:00,,21,3,311,792,2255,46717,9426885,201.78,120.1620559,-3.731080714,3.50,119.34,0.32,6.15,5.16%,35.29%,0.89,3.00
5/21/2020,ID-JT,Jawa Tengah,25,0,2,23,1206,60,241,905,Province,,Jawa Tengah,Indonesia,Asia,Jawa,UTC+07:00,,29,6,576,753,7809,32801,36364072,1108.64,110.2011149,-7.259097177,0.69,33.16,0.00,1.65,4.98%,19.98%,1.47,1.00
5/21/2020,ID-RI,Riau,1,0,3,-2,107,6,66,35,Province,,Riau,Indonesia,Asia,Sumatera,UTC+07:00,,10,2,169,268,1591,87024,6074100,69.80,101.8051092,0.511647851,0.16,17.62,0.00,0.99,5.61%,61.68%,1.00,1.00
5/21/2020,ID-SB,Sumatera Barat,8,0,7,1,436,23,153,260,Province,,Sumatera Barat,Indonesia,Asia,Sumatera,UTC+07:00,,12,7,179,230,928,42013,5519245,131.37,100.4650624,-0.850253225,1.45,79.00,0.00,4.17,5.28%,35.09%,1.00,0.00
5/21/2020,ID-BT,Banten,54,3,9,42,695,64,171,460,Province,,Banten,Indonesia,Asia,Jawa,UTC+07:00,,4,4,155,313,1238,9663,10722374,1109.64,106.1090043,-6.456736388,5.04,64.82,0.28,5.97,9.21%,24.60%,54.00,
5/21/2020,ID-SA,Sulawesi Utara,30,4,0,26,178,19,30,129,Province,,Sulawesi Utara,Indonesia,Asia,Sulawesi,UTC+08:00,,11,4,171,332,1507,13892,2641884,190.17,124.5212396,1.259638212,11.36,67.38,1.51,7.19,10.67%,16.85%,1.25,4.00
5/21/2020,ID-NT,Nusa Tenggara Timur,3,0,0,3,79,1,6,72,Province,,Nusa Tenggara Timur,Indonesia,Asia,Nusa Tenggara,UTC+08:00,,21,1,309,327,3026,48718,5411321,111.07,121.592271,-8.682205,0.55,14.60,0.00,0.18,1.27%,7.59%,0.60,1.00
5/21/2020,ID-SU,Sumatera Utara,23,1,0,22,266,32,74,160,Province,,Sumatera Utara,Indonesia,Asia,Sumatera,UTC+07:00,,25,8,450,693,5417,72981,14874889,203.82,99.05196442,2.191894453,1.55,17.88,0.07,2.15,12.03%,27.82%,1.53,0.50
5/21/2020,ID-BA,Bali,3,0,4,-1,365,2,273,90,Province,,Bali,Indonesia,Asia,Nusa Tenggara,UTC+08:00,,8,1,57,80,636,5780,4216171,729.43,115.1317136,-8.369471688,0.71,86.57,0.00,0.47,0.55%,74.79%,0.38,1.00
5/21/2020,ID-NB,Nusa Tenggara Barat,17,0,4,13,408,7,217,184,Province,,Nusa Tenggara Barat,Indonesia,Asia,Nusa Tenggara,UTC+08:00,,8,2,117,145,995,18572,5270247,283.77,117.5086257,-8.606998866,3.23,77.42,0.00,1.33,1.72%,53.19%,0.94,1.00
5/21/2020,ID-KI,Kalimantan Timur,2,0,11,-9,263,3,95,165,Province,,Kalimantan Timur,Indonesia,Asia,Kalimantan,UTC+08:00,,7,3,103,197,841,129067,3552191,27.52,116.4684405,0.45385803,0.56,74.04,0.00,0.84,1.14%,36.12%,0.33,1.00
5/22/2020,ID-GO,Gorontalo,3,0,2,1,47,2,17,28,Province,,Gorontalo,Indonesia,Asia,Sulawesi,UTC+08:00,,5,1,77,72,657,11257,1180651,104.88,122.3760581,0.687002604,2.54,39.81,0.00,1.69,4.26%,36.17%,0.19,1.00
5/22/2020,ID-SS,Sumatera Selatan,19,1,5,13,689,25,99,565,Province,,Sumatera Selatan,Indonesia,Asia,Sumatera,UTC+07:00,,13,4,241,387,2853,91592,8217551,89.72,104.1694647,-3.216211808,2.31,83.84,0.12,3.04,3.63%,14.37%,0.68,1.00
5/22/2020,ID-KR,Kepulauan Riau,1,0,4,-3,136,11,85,40,Province,,Kepulauan Riau,Indonesia,Asia,Sumatera,UTC+07:00,,5,2,75,142,275,8202,1929400,235.24,108.261746,3.916346,0.52,70.49,0.00,5.70,8.09%,62.50%,,1.00
5/22/2020,ID-SG,Sulawesi Tenggara,9,0,5,4,208,4,30,174,Province,,Sulawesi Tenggara,Indonesia,Asia,Sulawesi,UTC+08:00,,15,2,219,377,1911,38068,2635461,69.23,122.070311,-4.124688793,3.41,78.92,0.00,1.52,1.92%,14.42%,,1.00
5/22/2020,ID-BE,Bengkulu,0,0,0,0,69,2,9,58,Province,,Bengkulu,Indonesia,Asia,Sumatera,UTC+07:00,,9,1,129,172,1341,19919,1999539,100.38,102.3384213,-3.533583627,0.00,34.51,0.00,1.00,2.90%,13.04%,0.00,1.00
5/22/2020,ID-NB,Nusa Tenggara Barat,54,0,3,51,462,7,220,235,Province,,Nusa Tenggara Barat,Indonesia,Asia,Nusa Tenggara,UTC+08:00,,8,2,117,145,995,18572,5270247,283.77,117.5086257,-8.606998866,10.25,87.66,0.00,1.33,1.52%,47.62%,3.18,1.00
5/22/2020,ID-KI,Kalimantan Timur,5,0,6,-1,268,3,101,164,Province,,Kalimantan Timur,Indonesia,Asia,Kalimantan,UTC+08:00,,7,3,103,197,841,129067,3552191,27.52,116.4684405,0.45385803,1.41,75.45,0.00,0.84,1.12%,37.69%,2.50,1.00
5/22/2020,ID-ST,Sulawesi Tengah,1,0,0,1,118,4,37,77,Province,,Sulawesi Tengah,Indonesia,Asia,Sulawesi,UTC+08:00,,12,1,175,175,1842,61841,2955567,47.79,121.2010927,-1.00413668,0.34,39.92,0.00,1.35,3.39%,31.36%,0.50,1.00
5/22/2020,ID-KT,Kalimantan Tengah,36,4,15,17,286,14,90,182,Province,,Kalimantan Tengah,Indonesia,Asia,Kalimantan,UTC+07:00,,13,1,136,139,1432,153565,2570289,16.74,113.4176536,-1.602484653,14.01,111.27,1.56,5.45,4.90%,31.47%,2.77,
5/22/2020,ID-YO,Daerah Istimewa Yogyakarta,5,0,2,3,205,8,123,74,Province,,Daerah Istimewa Yogyakarta,Indonesia,Asia,Jawa,UTC+07:00,Daerah Istimewa,4,1,78,46,392,3133,3631015,1158.90,110.4448783,-7.89450185,1.38,56.46,0.00,2.20,3.90%,60.00%,0.83,1.00
5/22/2020,ID-MA,Maluku,22,0,0,22,157,7,21,129,Province,,Maluku,Indonesia,Asia,Maluku,UTC+09:00,,9,2,118,35,1198,46914,1847097,39.37,129.576792,-3.192572,11.91,85.00,0.00,3.79,4.46%,13.38%,2.00,1.00
5/22/2020,ID-KU,Kalimantan Utara,1,0,3,-2,163,1,57,105,Province,,Kalimantan Utara,Indonesia,Asia,Kalimantan,UTC+08:00,,4,1,53,35,447,75468,648407,8.59,116.2188791,2.891012621,1.54,251.39,0.00,1.54,0.61%,34.97%,0.50,1.00
5/22/2020,ID-MU,Maluku Utara,2,0,0,2,99,4,13,82,Province,,Maluku Utara,Indonesia,Asia,Maluku,UTC+09:00,,8,2,116,118,1063,31983,1307803,40.89,127.5391072,0.212036949,1.53,75.70,0.00,3.06,4.04%,13.13%,2.00,1.00
5/22/2020,ID-SR,Sulawesi Barat,0,0,1,-1,86,2,26,58,Province,,Sulawesi Barat,Indonesia,Asia,Sulawesi,UTC+08:00,,6,,69,73,575,16787,1559984,92.93,119.3450194,-2.461746053,0.00,55.13,0.00,1.28,2.33%,30.23%,0.00,1.00
5/22/2020,ID-JA,Jambi,2,0,0,2,90,0,8,82,Province,,Jambi,Indonesia,Asia,Sumatera,UTC+07:00,,9,2,141,163,1399,50058,3493357,69.79,102.7236404,-1.69769766,0.57,25.76,0.00,0.00,0.00%,8.89%,,1.00
5/22/2020,ID-PA,Papua,27,0,0,27,434,6,48,380,Province,,Papua,Indonesia,Asia,Papua,UTC+09:00,Daerah Khusus,28,1,560,110,5411,319036,4340348,13.60,138.69603,-4.66620953,6.22,99.99,0.00,1.38,1.38%,11.06%,27.00,1.00
5/22/2020,ID-JB,Jawa Barat,42,1,10,31,1916,120,427,1369,Province,,Jawa Barat,Indonesia,Asia,Jawa,UTC+07:00,,18,9,627,645,5312,35378,45161325,1276.55,107.6037083,-6.920432083,0.93,42.43,0.02,2.66,6.26%,22.29%,0.51,
5/22/2020,ID-BB,Kepulauan Bangka Belitung,0,0,0,0,36,1,26,9,Province,,Kepulauan Bangka Belitung,Indonesia,Asia,Sumatera,UTC+07:00,,6,1,47,82,309,16424,1379767,84.01,106.5499324,-2.447444127,0.00,26.09,0.00,0.72,2.78%,72.22%,0.00,1.00
5/22/2020,ID-LA,Lampung,4,0,5,-1,104,8,36,60,Province,,Lampung,Indonesia,Asia,Sumatera,UTC+07:00,,13,2,228,205,2435,34624,9095591,262.70,105.0214366,-4.916792975,0.44,11.43,0.00,0.88,7.69%,34.62%,0.25,1.00
5/22/2020,IDN,Indonesia,634,48,219,367,20796,1326,5057,14413,Country,,,Indonesia,Asia,,,,416,98,7230,8488,74953,1916907,265185520,138.34,113.921327,-0.789275,2.39,78.42,0.18,5.00,6.38%,24.32%,0.65,1.33
5/22/2020,ID-KB,Kalimantan Barat,7,0,1,6,137,2,37,98,Province,,Kalimantan Barat,Indonesia,Asia,Kalimantan,UTC+07:00,,12,2,174,99,2031,147307,5422814,36.81,111.1211776,-0.086474572,1.29,25.26,0.00,0.37,1.46%,27.01%,7.00,1.00
5/22/2020,ID-JI,Jawa Timur,125,15,10,100,3051,255,401,2395,Province,,Jawa Timur,Indonesia,Asia,Jawa,UTC+07:00,,29,9,666,777,7724,47803,40479023,846.78,112.7329414,-7.723345579,3.09,75.37,0.37,6.30,8.36%,13.14%,0.25,1.15
5/22/2020,ID-SN,Sulawesi Selatan,71,2,19,50,1196,60,416,720,Province,,Sulawesi Selatan,Indonesia,Asia,Sulawesi,UTC+08:00,,21,3,311,792,2255,46717,9426885,201.78,120.1620559,-3.731080714,7.53,126.87,0.21,6.36,5.02%,34.78%,2.15,0.67
5/22/2020,ID-BA,Bali,6,0,4,2,371,2,277,92,Province,,Bali,Indonesia,Asia,Nusa Tenggara,UTC+08:00,,8,1,57,80,636,5780,4216171,729.43,115.1317136,-8.369471688,1.42,87.99,0.00,0.47,0.54%,74.66%,2.00,1.00
5/22/2020,ID-PB,Papua Barat,10,0,4,6,119,0,11,108,Province,,Papua Barat,Indonesia,Asia,Papua,UTC+09:00,Daerah Khusus,12,1,218,95,1742,102955,1140701,11.08,132.9762624,-2.045160182,8.77,104.32,0.00,0.00,0.00%,9.24%,3.33,1.00
5/22/2020,ID-JK,DKI Jakarta,104,31,58,15,5818,480,1459,3879,Province,,DKI Jakarta,Indonesia,Asia,Jawa,UTC+07:00,Daerah Khusus Ibu Kota,1,5,44,267,,664,10846145,16334.31,106.8361183,-6.204698991,9.59,536.41,2.86,44.26,8.25%,25.08%,1.46,3.44
5/22/2020,ID-KS,Kalimantan Selatan,21,1,0,20,571,60,77,434,Province,,Kalimantan Selatan,Indonesia,Asia,Kalimantan,UTC+08:00,,11,2,153,144,1864,38744,4023049,103.84,115.4385783,-2.993594979,5.22,141.93,0.25,14.91,10.51%,13.49%,2.63,0.25
5/22/2020,ID-AC,Aceh,1,0,1,0,19,1,16,2,Province,,Aceh,Indonesia,Asia,Sumatera,UTC+07:00,Daerah Khusus,18,5,289,,6497,57956,5247257,90.54,96.91052174,4.225614628,0.19,3.62,0.00,0.19,5.26%,84.21%,,1.00
5/22/2020,ID-JT,Jawa Tengah,17,0,0,17,1223,60,241,922,Province,,Jawa Tengah,Indonesia,Asia,Jawa,UTC+07:00,,29,6,576,753,7809,32801,36364072,1108.64,110.2011149,-7.259097177,0.47,33.63,0.00,1.65,4.91%,19.71%,0.68,1.00
5/22/2020,ID-SB,Sumatera Barat,2,0,5,-3,438,23,158,257,Province,,Sumatera Barat,Indonesia,Asia,Sumatera,UTC+07:00,,12,7,179,230,928,42013,5519245,131.37,100.4650624,-0.850253225,0.36,79.36,0.00,4.17,5.25%,36.07%,0.25,1.00
5/22/2020,ID-SU,Sumatera Utara,12,1,28,-17,278,33,102,143,Province,,Sumatera Utara,Indonesia,Asia,Sumatera,UTC+07:00,,25,8,450,693,5417,72981,14874889,203.82,99.05196442,2.191894453,0.81,18.69,0.07,2.22,11.87%,36.69%,0.52,1.00
5/22/2020,ID-RI,Riau,1,0,0,1,108,6,66,36,Province,,Riau,Indonesia,Asia,Sumatera,UTC+07:00,,10,2,169,268,1591,87024,6074100,69.80,101.8051092,0.511647851,0.16,17.78,0.00,0.99,5.56%,61.11%,1.00,1.00
5/22/2020,ID-BT,Banten,15,1,1,13,710,65,172,473,Province,,Banten,Indonesia,Asia,Jawa,UTC+07:00,,4,4,155,313,1238,9663,10722374,1109.64,106.1090043,-6.456736388,1.40,66.22,0.09,6.06,9.15%,24.23%,0.28,0.33
5/22/2020,ID-NT,Nusa Tenggara Timur,0,0,0,0,79,1,6,72,Province,,Nusa Tenggara Timur,Indonesia,Asia,Nusa Tenggara,UTC+08:00,,21,1,309,327,3026,48718,5411321,111.07,121.592271,-8.682205,0.00,14.60,0.00,0.18,1.27%,7.59%,0.00,1.00
5/22/2020,ID-SA,Sulawesi Utara,18,4,0,14,196,23,30,143,Province,,Sulawesi Utara,Indonesia,Asia,Sulawesi,UTC+08:00,,11,4,171,332,1507,13892,2641884,190.17,124.5212396,1.259638212,6.81,74.19,1.51,8.71,11.73%,15.31%,0.60,1.00
5/23/2020,ID-GO,Gorontalo,2,0,1,1,49,2,18,29,Province,,Gorontalo,Indonesia,Asia,Sulawesi,UTC+08:00,,5,1,77,72,657,11257,1180651,104.88,122.3760581,0.687002604,1.69,41.50,0.00,1.69,4.08%,36.73%,0.67,1.00
5/23/2020,ID-KR,Kepulauan Riau,9,1,1,7,145,12,86,47,Province,,Kepulauan Riau,Indonesia,Asia,Sumatera,UTC+07:00,,5,2,75,142,275,8202,1929400,235.24,108.261746,3.916346,4.66,75.15,0.52,6.22,8.28%,59.31%,9.00,
5/23/2020,ID-NB,Nusa Tenggara Barat,10,1,7,2,472,8,227,237,Province,,Nusa Tenggara Barat,Indonesia,Asia,Nusa Tenggara,UTC+08:00,,8,2,117,145,995,18572,5270247,283.77,117.5086257,-8.606998866,1.90,89.56,0.19,1.52,1.69%,48.09%,0.19,
5/23/2020,ID-YO,Daerah Istimewa Yogyakarta,5,0,6,-1,210,8,129,73,Province,,Daerah Istimewa Yogyakarta,Indonesia,Asia,Jawa,UTC+07:00,Daerah Istimewa,4,1,78,46,392,3133,3631015,1158.90,110.4448783,-7.89450185,1.38,57.84,0.00,2.20,3.81%,61.43%,1.00,1.00
5/23/2020,ID-BB,Kepulauan Bangka Belitung,3,0,1,2,39,1,27,11,Province,,Kepulauan Bangka Belitung,Indonesia,Asia,Sumatera,UTC+07:00,,6,1,47,82,309,16424,1379767,84.01,106.5499324,-2.447444127,2.17,28.27,0.00,0.72,2.56%,69.23%,,1.00
5/23/2020,ID-NT,Nusa Tenggara Timur,0,0,0,0,79,1,6,72,Province,,Nusa Tenggara Timur,Indonesia,Asia,Nusa Tenggara,UTC+08:00,,21,1,309,327,3026,48718,5411321,111.07,121.592271,-8.682205,0.00,14.60,0.00,0.18,1.27%,7.59%,1.00,1.00
5/23/2020,ID-SA,Sulawesi Utara,3,2,1,0,199,25,31,143,Province,,Sulawesi Utara,Indonesia,Asia,Sulawesi,UTC+08:00,,11,4,171,332,1507,13892,2641884,190.17,124.5212396,1.259638212,1.14,75.33,0.76,9.46,12.56%,15.58%,0.17,0.50
5/23/2020,ID-SS,Sumatera Selatan,32,3,2,27,721,28,101,592,Province,,Sumatera Selatan,Indonesia,Asia,Sumatera,UTC+07:00,,13,4,241,387,2853,91592,8217551,89.72,104.1694647,-3.216211808,3.89,87.74,0.37,3.41,3.88%,14.01%,1.68,3.00
5/23/2020,ID-SG,Sulawesi Tenggara,4,0,21,-17,212,4,51,157,Province,,Sulawesi Tenggara,Indonesia,Asia,Sulawesi,UTC+08:00,,15,2,219,377,1911,38068,2635461,69.23,122.070311,-4.124688793,1.52,80.44,0.00,1.52,1.89%,24.06%,0.44,1.00
5/23/2020,ID-BE,Bengkulu,0,0,0,0,69,2,9,58,Province,,Bengkulu,Indonesia,Asia,Sumatera,UTC+07:00,,9,1,129,172,1341,19919,1999539,100.38,102.3384213,-3.533583627,0.00,34.51,0.00,1.00,2.90%,13.04%,1.00,1.00
5/23/2020,ID-KI,Kalimantan Timur,3,0,3,0,271,3,104,164,Province,,Kalimantan Timur,Indonesia,Asia,Kalimantan,UTC+08:00,,7,3,103,197,841,129067,3552191,27.52,116.4684405,0.45385803,0.84,76.29,0.00,0.84,1.11%,38.38%,0.60,1.00
5/23/2020,ID-KT,Kalimantan Tengah,2,0,0,2,288,14,90,184,Province,,Kalimantan Tengah,Indonesia,Asia,Kalimantan,UTC+07:00,,13,1,136,139,1432,153565,2570289,16.74,113.4176536,-1.602484653,0.78,112.05,0.00,5.45,4.86%,31.25%,0.06,0.00
5/23/2020,ID-ST,Sulawesi Tengah,2,0,0,2,120,4,37,79,Province,,Sulawesi Tengah,Indonesia,Asia,Sulawesi,UTC+08:00,,12,1,175,175,1842,61841,2955567,47.79,121.2010927,-1.00413668,0.68,40.60,0.00,1.35,3.33%,30.83%,2.00,1.00
5/23/2020,ID-MA,Maluku,0,0,0,0,157,7,21,129,Province,,Maluku,Indonesia,Asia,Maluku,UTC+09:00,,9,2,118,35,1198,46914,1847097,39.37,129.576792,-3.192572,0.00,85.00,0.00,3.79,4.46%,13.38%,0.00,1.00
5/23/2020,ID-MU,Maluku Utara,0,0,0,0,99,4,13,82,Province,,Maluku Utara,Indonesia,Asia,Maluku,UTC+09:00,,8,2,116,118,1063,31983,1307803,40.89,127.5391072,0.212036949,0.00,75.70,0.00,3.06,4.04%,13.13%,0.00,1.00
5/23/2020,ID-JB,Jawa Barat,58,2,39,17,1974,122,466,1386,Province,,Jawa Barat,Indonesia,Asia,Jawa,UTC+07:00,,18,9,627,645,5312,35378,45161325,1276.55,107.6037083,-6.920432083,1.28,43.71,0.04,2.70,6.18%,23.61%,1.38,2.00
5/23/2020,ID-KU,Kalimantan Utara,0,0,0,0,163,1,57,105,Province,,Kalimantan Utara,Indonesia,Asia,Kalimantan,UTC+08:00,,4,1,53,35,447,75468,648407,8.59,116.2188791,2.891012621,0.00,251.39,0.00,1.54,0.61%,34.97%,0.00,1.00
5/23/2020,ID-SR,Sulawesi Barat,0,0,1,-1,86,2,27,57,Province,,Sulawesi Barat,Indonesia,Asia,Sulawesi,UTC+08:00,,6,,69,73,575,16787,1559984,92.93,119.3450194,-2.461746053,0.00,55.13,0.00,1.28,2.33%,31.40%,1.00,1.00
5/23/2020,ID-PA,Papua,56,0,0,56,490,6,48,436,Province,,Papua,Indonesia,Asia,Papua,UTC+09:00,Daerah Khusus,28,1,560,110,5411,319036,4340348,13.60,138.69603,-4.66620953,12.90,112.89,0.00,1.38,1.22%,9.80%,2.07,1.00
5/23/2020,ID-JA,Jambi,0,0,5,-5,90,0,13,77,Province,,Jambi,Indonesia,Asia,Sumatera,UTC+07:00,,9,2,141,163,1399,50058,3493357,69.79,102.7236404,-1.69769766,0.00,25.76,0.00,0.00,0.00%,14.44%,0.00,1.00
5/23/2020,ID-LA,Lampung,0,0,4,-4,104,8,40,56,Province,,Lampung,Indonesia,Asia,Sumatera,UTC+07:00,,13,2,228,205,2435,34624,9095591,262.70,105.0214366,-4.916792975,0.00,11.43,0.00,0.88,7.69%,38.46%,0.00,1.00
5/23/2020,ID-KB,Kalimantan Barat,28,0,0,28,165,2,37,126,Province,,Kalimantan Barat,Indonesia,Asia,Kalimantan,UTC+07:00,,12,2,174,99,2031,147307,5422814,36.81,111.1211776,-0.086474572,5.16,30.43,0.00,0.37,1.21%,22.42%,4.00,1.00
5/23/2020,ID-PB,Papua Barat,10,1,8,1,129,1,19,109,Province,,Papua Barat,Indonesia,Asia,Papua,UTC+09:00,Daerah Khusus,12,1,218,95,1742,102955,1140701,11.08,132.9762624,-2.045160182,8.77,113.09,0.88,0.88,0.78%,14.73%,1.00,
5/23/2020,ID-BT,Banten,0,0,0,0,710,65,172,473,Province,,Banten,Indonesia,Asia,Jawa,UTC+07:00,,4,4,155,313,1238,9663,10722374,1109.64,106.1090043,-6.456736388,0.00,66.22,0.00,6.06,9.15%,24.23%,0.00,0.00
5/23/2020,IDN,Indonesia,949,25,192,732,21745,1351,5249,15145,Country,,,Indonesia,Asia,,,,416,98,7230,8488,74953,1916907,265185520,138.34,113.921327,-0.789275,3.58,82.00,0.09,5.09,6.21%,24.14%,1.50,0.52
5/23/2020,ID-JI,Jawa Timur,453,15,13,425,3504,270,414,2820,Province,,Jawa Timur,Indonesia,Asia,Jawa,UTC+07:00,,29,9,666,777,7724,47803,40479023,846.78,112.7329414,-7.723345579,11.19,86.56,0.37,6.67,7.71%,11.82%,3.62,1.00
5/23/2020,ID-BA,Bali,8,0,3,5,379,2,280,97,Province,,Bali,Indonesia,Asia,Nusa Tenggara,UTC+08:00,,8,1,57,80,636,5780,4216171,729.43,115.1317136,-8.369471688,1.90,89.89,0.00,0.47,0.53%,73.88%,1.33,1.00
5/23/2020,ID-SN,Sulawesi Selatan,59,0,6,53,1255,60,422,773,Province,,Sulawesi Selatan,Indonesia,Asia,Sulawesi,UTC+08:00,,21,3,311,792,2255,46717,9426885,201.78,120.1620559,-3.731080714,6.26,133.13,0.00,6.36,4.78%,33.63%,0.83,0.00
5/23/2020,ID-JK,DKI Jakarta,112,1,55,56,5930,481,1514,3935,Province,,DKI Jakarta,Indonesia,Asia,Jawa,UTC+07:00,Daerah Khusus Ibu Kota,1,5,44,267,,664,10846145,16334.31,106.8361183,-6.204698991,10.33,546.74,0.09,44.35,8.11%,25.53%,1.08,0.03
5/23/2020,ID-AC,Aceh,0,0,1,-1,19,1,17,1,Province,,Aceh,Indonesia,Asia,Sumatera,UTC+07:00,Daerah Khusus,18,5,289,,6497,57956,5247257,90.54,96.91052174,4.225614628,0.00,3.62,0.00,0.19,5.26%,89.47%,0.00,1.00
5/23/2020,ID-RI,Riau,1,0,0,1,109,6,66,37,Province,,Riau,Indonesia,Asia,Sumatera,UTC+07:00,,10,2,169,268,1591,87024,6074100,69.80,101.8051092,0.511647851,0.16,17.95,0.00,0.99,5.50%,60.55%,1.00,1.00
5/23/2020,ID-KS,Kalimantan Selatan,18,2,0,16,589,62,77,450,Province,,Kalimantan Selatan,Indonesia,Asia,Kalimantan,UTC+08:00,,11,2,153,144,1864,38744,4023049,103.84,115.4385783,-2.993594979,4.47,146.41,0.50,15.41,10.53%,13.07%,0.86,2.00
5/23/2020,ID-JT,Jawa Tengah,54,0,0,54,1277,60,241,976,Province,,Jawa Tengah,Indonesia,Asia,Jawa,UTC+07:00,,29,6,576,753,7809,32801,36364072,1108.64,110.2011149,-7.259097177,1.48,35.12,0.00,1.65,4.70%,18.87%,3.18,1.00
5/23/2020,ID-SU,Sumatera Utara,9,0,0,9,287,33,102,152,Province,,Sumatera Utara,Indonesia,Asia,Sumatera,UTC+07:00,,25,8,450,693,5417,72981,14874889,203.82,99.05196442,2.191894453,0.61,19.29,0.00,2.22,11.50%,35.54%,0.75,0.00
5/23/2020,ID-SB,Sumatera Barat,5,1,18,-14,443,24,176,243,Province,,Sumatera Barat,Indonesia,Asia,Sumatera,UTC+07:00,,12,7,179,230,928,42013,5519245,131.37,100.4650624,-0.850253225,0.91,80.26,0.18,4.35,5.42%,39.73%,2.50,
5/24/2020,ID-GO,Gorontalo,9,0,0,9,58,2,18,38,Province,,Gorontalo,Indonesia,Asia,Sulawesi,UTC+08:00,,5,1,77,72,657,11257,1180651,104.88,122.3760581,0.687002604,7.62,49.13,0.00,1.69,3.45%,31.03%,4.50,1.00
5/24/2020,ID-NB,Nusa Tenggara Barat,4,0,0,4,476,8,227,241,Province,,Nusa Tenggara Barat,Indonesia,Asia,Nusa Tenggara,UTC+08:00,,8,2,117,145,995,18572,5270247,283.77,117.5086257,-8.606998866,0.76,90.32,0.00,1.52,1.68%,47.69%,0.40,0.00
5/24/2020,ID-NT,Nusa Tenggara Timur,0,0,0,0,79,1,6,72,Province,,Nusa Tenggara Timur,Indonesia,Asia,Nusa Tenggara,UTC+08:00,,21,1,309,327,3026,48718,5411321,111.07,121.592271,-8.682205,0.00,14.60,0.00,0.18,1.27%,7.59%,1.00,1.00
5/24/2020,ID-BE,Bengkulu,0,0,0,0,69,2,9,58,Province,,Bengkulu,Indonesia,Asia,Sumatera,UTC+07:00,,9,1,129,172,1341,19919,1999539,100.38,102.3384213,-3.533583627,0.00,34.51,0.00,1.00,2.90%,13.04%,1.00,1.00
5/24/2020,ID-SR,Sulawesi Barat,0,0,0,0,86,2,27,57,Province,,Sulawesi Barat,Indonesia,Asia,Sulawesi,UTC+08:00,,6,,69,73,575,16787,1559984,92.93,119.3450194,-2.461746053,0.00,55.13,0.00,1.28,2.33%,31.40%,1.00,1.00
5/24/2020,ID-SU,Sumatera Utara,17,1,7,9,304,34,109,161,Province,,Sumatera Utara,Indonesia,Asia,Sumatera,UTC+07:00,,25,8,450,693,5417,72981,14874889,203.82,99.05196442,2.191894453,1.14,20.44,0.07,2.29,11.18%,35.86%,1.89,
5/24/2020,ID-SB,Sumatera Barat,35,0,5,30,478,24,181,273,Province,,Sumatera Barat,Indonesia,Asia,Sumatera,UTC+07:00,,12,7,179,230,928,42013,5519245,131.37,100.4650624,-0.850253225,6.34,86.61,0.00,4.35,5.02%,37.87%,7.00,0.00
5/24/2020,ID-KR,Kepulauan Riau,4,0,0,4,149,12,86,51,Province,,Kepulauan Riau,Indonesia,Asia,Sumatera,UTC+07:00,,5,2,75,142,275,8202,1929400,235.24,108.261746,3.916346,2.07,77.23,0.00,6.22,8.05%,57.72%,0.44,0.00
5/24/2020,ID-YO,Daerah Istimewa Yogyakarta,1,0,4,-3,211,8,133,70,Province,,Daerah Istimewa Yogyakarta,Indonesia,Asia,Jawa,UTC+07:00,Daerah Istimewa,4,1,78,46,392,3133,3631015,1158.90,110.4448783,-7.89450185,0.28,58.11,0.00,2.20,3.79%,63.03%,0.20,1.00
5/24/2020,ID-BB,Kepulauan Bangka Belitung,0,0,0,0,39,1,27,11,Province,,Kepulauan Bangka Belitung,Indonesia,Asia,Sumatera,UTC+07:00,,6,1,47,82,309,16424,1379767,84.01,106.5499324,-2.447444127,0.00,28.27,0.00,0.72,2.56%,69.23%,0.00,1.00
5/24/2020,ID-SA,Sulawesi Utara,29,1,2,26,228,26,33,169,Province,,Sulawesi Utara,Indonesia,Asia,Sulawesi,UTC+08:00,,11,4,171,332,1507,13892,2641884,190.17,124.5212396,1.259638212,10.98,86.30,0.38,9.84,11.40%,14.47%,9.67,0.50
5/24/2020,ID-SG,Sulawesi Tenggara,0,0,0,0,212,4,51,157,Province,,Sulawesi Tenggara,Indonesia,Asia,Sulawesi,UTC+08:00,,15,2,219,377,1911,38068,2635461,69.23,122.070311,-4.124688793,0.00,80.44,0.00,1.52,1.89%,24.06%,0.00,1.00
5/24/2020,ID-SS,Sumatera Selatan,11,0,10,1,732,28,111,593,Province,,Sumatera Selatan,Indonesia,Asia,Sumatera,UTC+07:00,,13,4,241,387,2853,91592,8217551,89.72,104.1694647,-3.216211808,1.34,89.08,0.00,3.41,3.83%,15.16%,0.34,0.00
5/24/2020,ID-KI,Kalimantan Timur,2,0,0,2,273,3,104,166,Province,,Kalimantan Timur,Indonesia,Asia,Kalimantan,UTC+08:00,,7,3,103,197,841,129067,3552191,27.52,116.4684405,0.45385803,0.56,76.85,0.00,0.84,1.10%,38.10%,0.67,1.00
5/24/2020,ID-ST,Sulawesi Tengah,0,0,9,-9,120,4,46,70,Province,,Sulawesi Tengah,Indonesia,Asia,Sulawesi,UTC+08:00,,12,1,175,175,1842,61841,2955567,47.79,121.2010927,-1.00413668,0.00,40.60,0.00,1.35,3.33%,38.33%,0.00,1.00
5/24/2020,ID-KU,Kalimantan Utara,1,0,2,-1,164,1,59,104,Province,,Kalimantan Utara,Indonesia,Asia,Kalimantan,UTC+08:00,,4,1,53,35,447,75468,648407,8.59,116.2188791,2.891012621,1.54,252.93,0.00,1.54,0.61%,35.98%,,1.00
5/24/2020,ID-KT,Kalimantan Tengah,16,0,0,16,304,14,90,200,Province,,Kalimantan Tengah,Indonesia,Asia,Kalimantan,UTC+07:00,,13,1,136,139,1432,153565,2570289,16.74,113.4176536,-1.602484653,6.22,118.27,0.00,5.45,4.61%,29.61%,8.00,1.00
5/24/2020,ID-MA,Maluku,2,0,5,-3,159,7,26,126,Province,,Maluku,Indonesia,Asia,Maluku,UTC+09:00,,9,2,118,35,1198,46914,1847097,39.37,129.576792,-3.192572,1.08,86.08,0.00,3.79,4.40%,16.35%,,1.00
5/24/2020,ID-JB,Jawa Barat,47,1,8,38,2021,123,474,1424,Province,,Jawa Barat,Indonesia,Asia,Jawa,UTC+07:00,,18,9,627,645,5312,35378,45161325,1276.55,107.6037083,-6.920432083,1.04,44.75,0.02,2.72,6.09%,23.45%,0.81,0.50
5/24/2020,ID-MU,Maluku Utara,1,1,0,0,100,5,13,82,Province,,Maluku Utara,Indonesia,Asia,Maluku,UTC+09:00,,8,2,116,118,1063,31983,1307803,40.89,127.5391072,0.212036949,0.76,76.46,0.76,3.82,5.00%,13.00%,,
5/24/2020,ID-PA,Papua,62,0,0,62,552,6,48,498,Province,,Papua,Indonesia,Asia,Papua,UTC+09:00,Daerah Khusus,28,1,560,110,5411,319036,4340348,13.60,138.69603,-4.66620953,14.28,127.18,0.00,1.38,1.09%,8.70%,1.11,1.00
5/24/2020,ID-LA,Lampung,4,2,5,-3,108,10,45,53,Province,,Lampung,Indonesia,Asia,Sumatera,UTC+07:00,,13,2,228,205,2435,34624,9095591,262.70,105.0214366,-4.916792975,0.44,11.87,0.22,1.10,9.26%,41.67%,,
5/24/2020,IDN,Indonesia,526,21,153,352,22271,1372,5402,15497,Country,,,Indonesia,Asia,,,,416,98,7230,8488,74953,1916907,265185520,138.34,113.921327,-0.789275,1.98,83.98,0.08,5.17,6.16%,24.26%,0.55,0.84
5/24/2020,ID-JT,Jawa Tengah,21,0,4,17,1298,60,245,993,Province,,Jawa Tengah,Indonesia,Asia,Jawa,UTC+07:00,,29,6,576,753,7809,32801,36364072,1108.64,110.2011149,-7.259097177,0.58,35.69,0.00,1.65,4.62%,18.88%,0.39,1.00
5/24/2020,ID-JA,Jambi,4,0,2,2,94,0,15,79,Province,,Jambi,Indonesia,Asia,Sumatera,UTC+07:00,,9,2,141,163,1399,50058,3493357,69.79,102.7236404,-1.69769766,1.15,26.91,0.00,0.00,0.00%,15.96%,,1.00
5/24/2020,ID-KB,Kalimantan Barat,0,0,0,0,165,2,37,126,Province,,Kalimantan Barat,Indonesia,Asia,Kalimantan,UTC+07:00,,12,2,174,99,2031,147307,5422814,36.81,111.1211776,-0.086474572,0.00,30.43,0.00,0.37,1.21%,22.42%,0.00,1.00
5/24/2020,ID-BT,Banten,21,0,4,17,731,65,176,490,Province,,Banten,Indonesia,Asia,Jawa,UTC+07:00,,4,4,155,313,1238,9663,10722374,1109.64,106.1090043,-6.456736388,1.96,68.18,0.00,6.06,8.89%,24.08%,,1.00
5/24/2020,ID-PB,Papua Barat,1,0,0,1,130,1,19,110,Province,,Papua Barat,Indonesia,Asia,Papua,UTC+09:00,Daerah Khusus,12,1,218,95,1742,102955,1140701,11.08,132.9762624,-2.045160182,0.88,113.97,0.00,0.88,0.77%,14.62%,0.10,0.00
5/24/2020,ID-JI,Jawa Timur,77,12,39,26,3581,282,453,2846,Province,,Jawa Timur,Indonesia,Asia,Jawa,UTC+07:00,,29,9,666,777,7724,47803,40479023,846.78,112.7329414,-7.723345579,1.90,88.47,0.30,6.97,7.87%,12.65%,0.17,0.80
5/24/2020,ID-SN,Sulawesi Selatan,32,2,33,-3,1287,62,455,770,Province,,Sulawesi Selatan,Indonesia,Asia,Sulawesi,UTC+08:00,,21,3,311,792,2255,46717,9426885,201.78,120.1620559,-3.731080714,3.39,136.52,0.21,6.58,4.82%,35.35%,0.54,
5/24/2020,ID-KS,Kalimantan Selatan,9,2,3,4,598,64,80,454,Province,,Kalimantan Selatan,Indonesia,Asia,Kalimantan,UTC+08:00,,11,2,153,144,1864,38744,4023049,103.84,115.4385783,-2.993594979,2.24,148.64,0.50,15.91,10.70%,13.38%,0.50,1.00
5/24/2020,ID-BA,Bali,6,0,6,0,385,2,286,97,Province,,Bali,Indonesia,Asia,Nusa Tenggara,UTC+08:00,,8,1,57,80,636,5780,4216171,729.43,115.1317136,-8.369471688,1.42,91.32,0.00,0.47,0.52%,74.29%,0.75,1.00
5/24/2020,ID-JK,DKI Jakarta,115,0,22,93,6045,481,1536,4028,Province,,DKI Jakarta,Indonesia,Asia,Jawa,UTC+07:00,Daerah Khusus Ibu Kota,1,5,44,267,,664,10846145,16334.31,106.8361183,-6.204698991,10.60,557.34,0.00,44.35,7.96%,25.41%,1.03,0.00
5/24/2020,ID-RI,Riau,1,0,1,0,110,6,67,37,Province,,Riau,Indonesia,Asia,Sumatera,UTC+07:00,,10,2,169,268,1591,87024,6074100,69.80,101.8051092,0.511647851,0.16,18.11,0.00,0.99,5.45%,60.91%,1.00,1.00
5/24/2020,ID-AC,Aceh,0,0,0,0,19,1,17,1,Province,,Aceh,Indonesia,Asia,Sumatera,UTC+07:00,Daerah Khusus,18,5,289,,6497,57956,5247257,90.54,96.91052174,4.225614628,0.00,3.62,0.00,0.19,5.26%,89.47%,1.00,1.00
5/25/2020,ID-GO,Gorontalo,0,0,0,0,58,2,18,38,Province,,Gorontalo,Indonesia,Asia,Sulawesi,UTC+08:00,,5,1,77,72,657,11257,1180651,104.88,122.3760581,0.687002604,0.00,49.13,0.00,1.69,3.45%,31.03%,0.00,1.00
5/25/2020,ID-NT,Nusa Tenggara Timur,3,0,0,3,82,1,6,75,Province,,Nusa Tenggara Timur,Indonesia,Asia,Nusa Tenggara,UTC+08:00,,21,1,309,327,3026,48718,5411321,111.07,121.592271,-8.682205,0.55,15.15,0.00,0.18,1.22%,7.32%,,1.00
5/25/2020,ID-SU,Sumatera Utara,4,0,5,-1,308,34,114,160,Province,,Sumatera Utara,Indonesia,Asia,Sumatera,UTC+07:00,,25,8,450,693,5417,72981,14874889,203.82,99.05196442,2.191894453,0.27,20.71,0.00,2.29,11.04%,37.01%,0.24,0.00
5/25/2020,ID-BB,Kepulauan Bangka Belitung,0,0,0,0,39,1,27,11,Province,,Kepulauan Bangka Belitung,Indonesia,Asia,Sumatera,UTC+07:00,,6,1,47,82,309,16424,1379767,84.01,106.5499324,-2.447444127,0.00,28.27,0.00,0.72,2.56%,69.23%,1.00,1.00
5/25/2020,ID-MA,Maluku,1,0,0,1,160,7,26,127,Province,,Maluku,Indonesia,Asia,Maluku,UTC+09:00,,9,2,118,35,1198,46914,1847097,39.37,129.576792,-3.192572,0.54,86.62,0.00,3.79,4.38%,16.25%,0.50,1.00
5/25/2020,ID-RI,Riau,0,0,0,0,110,6,67,37,Province,,Riau,Indonesia,Asia,Sumatera,UTC+07:00,,10,2,169,268,1591,87024,6074100,69.80,101.8051092,0.511647851,0.00,18.11,0.00,0.99,5.45%,60.91%,0.00,1.00
5/25/2020,ID-AC,Aceh,0,0,0,0,19,1,17,1,Province,,Aceh,Indonesia,Asia,Sumatera,UTC+07:00,Daerah Khusus,18,5,289,,6497,57956,5247257,90.54,96.91052174,4.225614628,0.00,3.62,0.00,0.19,5.26%,89.47%,1.00,1.00
5/25/2020,ID-NB,Nusa Tenggara Barat,0,0,31,-31,476,8,258,210,Province,,Nusa Tenggara Barat,Indonesia,Asia,Nusa Tenggara,UTC+08:00,,8,2,117,145,995,18572,5270247,283.77,117.5086257,-8.606998866,0.00,90.32,0.00,1.52,1.68%,54.20%,0.00,1.00
5/25/2020,ID-BE,Bengkulu,0,0,0,0,69,2,9,58,Province,,Bengkulu,Indonesia,Asia,Sumatera,UTC+07:00,,9,1,129,172,1341,19919,1999539,100.38,102.3384213,-3.533583627,0.00,34.51,0.00,1.00,2.90%,13.04%,1.00,1.00
5/25/2020,ID-SR,Sulawesi Barat,0,0,0,0,86,2,27,57,Province,,Sulawesi Barat,Indonesia,Asia,Sulawesi,UTC+08:00,,6,,69,73,575,16787,1559984,92.93,119.3450194,-2.461746053,0.00,55.13,0.00,1.28,2.33%,31.40%,1.00,1.00
5/25/2020,ID-SB,Sumatera Barat,0,0,5,-5,478,24,186,268,Province,,Sumatera Barat,Indonesia,Asia,Sumatera,UTC+07:00,,12,7,179,230,928,42013,5519245,131.37,100.4650624,-0.850253225,0.00,86.61,0.00,4.35,5.02%,38.91%,0.00,1.00
5/25/2020,ID-YO,Daerah Istimewa Yogyakarta,0,0,1,-1,211,8,134,69,Province,,Daerah Istimewa Yogyakarta,Indonesia,Asia,Jawa,UTC+07:00,Daerah Istimewa,4,1,78,46,392,3133,3631015,1158.90,110.4448783,-7.89450185,0.00,58.11,0.00,2.20,3.79%,63.51%,0.00,1.00
5/25/2020,ID-KR,Kepulauan Riau,0,0,0,0,149,12,86,51,Province,,Kepulauan Riau,Indonesia,Asia,Sumatera,UTC+07:00,,5,2,75,142,275,8202,1929400,235.24,108.261746,3.916346,0.00,77.23,0.00,6.22,8.05%,57.72%,0.00,1.00
5/25/2020,ID-SA,Sulawesi Utara,9,1,0,8,237,27,33,177,Province,,Sulawesi Utara,Indonesia,Asia,Sulawesi,UTC+08:00,,11,4,171,332,1507,13892,2641884,190.17,124.5212396,1.259638212,3.41,89.71,0.38,10.22,11.39%,13.92%,0.31,1.00
5/25/2020,ID-SS,Sumatera Selatan,72,0,2,70,804,28,113,663,Province,,Sumatera Selatan,Indonesia,Asia,Sumatera,UTC+07:00,,13,4,241,387,2853,91592,8217551,89.72,104.1694647,-3.216211808,8.76,97.84,0.00,3.41,3.48%,14.05%,6.55,1.00
5/25/2020,ID-KT,Kalimantan Tengah,2,2,21,-21,306,16,111,179,Province,,Kalimantan Tengah,Indonesia,Asia,Kalimantan,UTC+07:00,,13,1,136,139,1432,153565,2570289,16.74,113.4176536,-1.602484653,0.78,119.05,0.78,6.22,5.23%,36.27%,0.13,
5/25/2020,ID-SG,Sulawesi Tenggara,0,0,0,0,212,4,51,157,Province,,Sulawesi Tenggara,Indonesia,Asia,Sulawesi,UTC+08:00,,15,2,219,377,1911,38068,2635461,69.23,122.070311,-4.124688793,0.00,80.44,0.00,1.52,1.89%,24.06%,1.00,1.00
5/25/2020,ID-KI,Kalimantan Timur,0,0,16,-16,273,3,120,150,Province,,Kalimantan Timur,Indonesia,Asia,Kalimantan,UTC+08:00,,7,3,103,197,841,129067,3552191,27.52,116.4684405,0.45385803,0.00,76.85,0.00,0.84,1.10%,43.96%,0.00,1.00
5/25/2020,ID-KU,Kalimantan Utara,0,0,7,-7,164,1,66,97,Province,,Kalimantan Utara,Indonesia,Asia,Kalimantan,UTC+08:00,,4,1,53,35,447,75468,648407,8.59,116.2188791,2.891012621,0.00,252.93,0.00,1.54,0.61%,40.24%,0.00,1.00
5/25/2020,ID-ST,Sulawesi Tengah,0,0,0,0,120,4,46,70,Province,,Sulawesi Tengah,Indonesia,Asia,Sulawesi,UTC+08:00,,12,1,175,175,1842,61841,2955567,47.79,121.2010927,-1.00413668,0.00,40.60,0.00,1.35,3.33%,38.33%,1.00,1.00
5/25/2020,ID-JB,Jawa Barat,21,0,0,21,2042,123,474,1445,Province,,Jawa Barat,Indonesia,Asia,Jawa,UTC+07:00,,18,9,627,645,5312,35378,45161325,1276.55,107.6037083,-6.920432083,0.46,45.22,0.00,2.72,6.02%,23.21%,0.45,0.00
5/25/2020,ID-PA,Papua,9,0,20,-11,561,6,68,487,Province,,Papua,Indonesia,Asia,Papua,UTC+09:00,Daerah Khusus,28,1,560,110,5411,319036,4340348,13.60,138.69603,-4.66620953,2.07,129.25,0.00,1.38,1.07%,12.12%,0.15,1.00
5/25/2020,ID-JA,Jambi,2,0,0,2,96,0,15,81,Province,,Jambi,Indonesia,Asia,Sumatera,UTC+07:00,,9,2,141,163,1399,50058,3493357,69.79,102.7236404,-1.69769766,0.57,27.48,0.00,0.00,0.00%,15.63%,0.50,1.00
5/25/2020,ID-JK,DKI Jakarta,75,0,69,6,6120,481,1605,4034,Province,,DKI Jakarta,Indonesia,Asia,Jawa,UTC+07:00,Daerah Khusus Ibu Kota,1,5,44,267,,664,10846145,16334.31,106.8361183,-6.204698991,6.91,564.26,0.00,44.35,7.86%,26.23%,0.65,1.00
5/25/2020,ID-MU,Maluku Utara,7,0,0,7,107,5,13,89,Province,,Maluku Utara,Indonesia,Asia,Maluku,UTC+09:00,,8,2,116,118,1063,31983,1307803,40.89,127.5391072,0.212036949,5.35,81.82,0.00,3.82,4.67%,12.15%,7.00,0.00
5/25/2020,ID-LA,Lampung,7,1,0,6,115,11,45,59,Province,,Lampung,Indonesia,Asia,Sumatera,UTC+07:00,,13,2,228,205,2435,34624,9095591,262.70,105.0214366,-4.916792975,0.77,12.64,0.11,1.21,9.57%,39.13%,1.75,0.50
5/25/2020,ID-JT,Jawa Tengah,2,0,1,1,1300,60,246,994,Province,,Jawa Tengah,Indonesia,Asia,Jawa,UTC+07:00,,29,6,576,753,7809,32801,36364072,1108.64,110.2011149,-7.259097177,0.05,35.75,0.00,1.65,4.62%,18.92%,0.10,1.00
5/25/2020,IDN,Indonesia,479,19,240,220,22750,1391,5642,15717,Country,,,Indonesia,Asia,,,,416,98,7230,8488,74953,1916907,265185520,138.34,113.921327,-0.789275,1.81,85.79,0.07,5.25,6.11%,24.80%,0.91,0.90
5/25/2020,ID-KB,Kalimantan Barat,7,0,5,2,172,2,42,128,Province,,Kalimantan Barat,Indonesia,Asia,Kalimantan,UTC+07:00,,12,2,174,99,2031,147307,5422814,36.81,111.1211776,-0.086474572,1.29,31.72,0.00,0.37,1.16%,24.42%,,1.00
5/25/2020,ID-PB,Papua Barat,0,0,3,-3,130,1,22,107,Province,,Papua Barat,Indonesia,Asia,Papua,UTC+09:00,Daerah Khusus,12,1,218,95,1742,102955,1140701,11.08,132.9762624,-2.045160182,0.00,113.97,0.00,0.88,0.77%,16.92%,0.00,1.00
5/25/2020,ID-BA,Bali,2,0,2,0,387,2,288,97,Province,,Bali,Indonesia,Asia,Nusa Tenggara,UTC+08:00,,8,1,57,80,636,5780,4216171,729.43,115.1317136,-8.369471688,0.47,91.79,0.00,0.47,0.52%,74.42%,0.33,1.00
5/25/2020,ID-BT,Banten,0,0,0,0,731,65,176,490,Province,,Banten,Indonesia,Asia,Jawa,UTC+07:00,,4,4,155,313,1238,9663,10722374,1109.64,106.1090043,-6.456736388,0.00,68.18,0.00,6.06,8.89%,24.08%,0.00,1.00
5/25/2020,ID-JI,Jawa Timur,231,9,24,198,3812,291,477,3044,Province,,Jawa Timur,Indonesia,Asia,Jawa,UTC+07:00,,29,9,666,777,7724,47803,40479023,846.78,112.7329414,-7.723345579,5.71,94.17,0.22,7.19,7.63%,12.51%,3.00,0.75
5/25/2020,ID-KS,Kalimantan Selatan,3,2,0,1,601,66,80,455,Province,,Kalimantan Selatan,Indonesia,Asia,Kalimantan,UTC+08:00,,11,2,153,144,1864,38744,4023049,103.84,115.4385783,-2.993594979,0.75,149.39,0.50,16.41,10.98%,13.31%,0.33,1.00
5/25/2020,ID-SN,Sulawesi Selatan,22,3,6,13,1309,65,461,783,Province,,Sulawesi Selatan,Indonesia,Asia,Sulawesi,UTC+08:00,,21,3,311,792,2255,46717,9426885,201.78,120.1620559,-3.731080714,2.33,138.86,0.32,6.90,4.97%,35.22%,0.69,1.50
5/26/2020,ID-GO,Gorontalo,0,0,0,0,58,2,18,38,Province,,Gorontalo,Indonesia,Asia,Sulawesi,UTC+08:00,,5,1,77,72,657,11257,1180651,104.88,122.3760581,0.687002604,0.00,49.13,0.00,1.69,3.45%,31.03%,1.00,1.00
5/26/2020,ID-SU,Sumatera Utara,0,0,0,0,308,34,114,160,Province,,Sumatera Utara,Indonesia,Asia,Sumatera,UTC+07:00,,25,8,450,693,5417,72981,14874889,203.82,99.05196442,2.191894453,0.00,20.71,0.00,2.29,11.04%,37.01%,0.00,1.00
5/26/2020,ID-RI,Riau,0,0,10,-10,110,6,77,27,Province,,Riau,Indonesia,Asia,Sumatera,UTC+07:00,,10,2,169,268,1591,87024,6074100,69.80,101.8051092,0.511647851,0.00,18.11,0.00,0.99,5.45%,70.00%,1.00,1.00
5/26/2020,ID-SR,Sulawesi Barat,1,0,2,-1,87,2,29,56,Province,,Sulawesi Barat,Indonesia,Asia,Sulawesi,UTC+08:00,,6,,69,73,575,16787,1559984,92.93,119.3450194,-2.461746053,0.64,55.77,0.00,1.28,2.30%,33.33%,,1.00
5/26/2020,ID-KI,Kalimantan Timur,1,0,1,0,274,3,121,150,Province,,Kalimantan Timur,Indonesia,Asia,Kalimantan,UTC+08:00,,7,3,103,197,841,129067,3552191,27.52,116.4684405,0.45385803,0.28,77.14,0.00,0.84,1.09%,44.16%,,1.00
5/26/2020,ID-KS,Kalimantan Selatan,28,8,0,20,629,74,80,475,Province,,Kalimantan Selatan,Indonesia,Asia,Kalimantan,UTC+08:00,,11,2,153,144,1864,38744,4023049,103.84,115.4385783,-2.993594979,6.96,156.35,1.99,18.39,11.76%,12.72%,9.33,4.00
5/26/2020,ID-SN,Sulawesi Selatan,34,2,37,-5,1343,67,498,778,Province,,Sulawesi Selatan,Indonesia,Asia,Sulawesi,UTC+08:00,,21,3,311,792,2255,46717,9426885,201.78,120.1620559,-3.731080714,3.61,142.46,0.21,7.11,4.99%,37.08%,1.55,0.67
5/26/2020,ID-NT,Nusa Tenggara Timur,3,0,1,2,85,1,7,77,Province,,Nusa Tenggara Timur,Indonesia,Asia,Nusa Tenggara,UTC+08:00,,21,1,309,327,3026,48718,5411321,111.07,121.592271,-8.682205,0.55,15.71,0.00,0.18,1.18%,8.24%,1.00,1.00
5/26/2020,ID-BB,Kepulauan Bangka Belitung,0,0,0,0,39,1,27,11,Province,,Kepulauan Bangka Belitung,Indonesia,Asia,Sumatera,UTC+07:00,,6,1,47,82,309,16424,1379767,84.01,106.5499324,-2.447444127,0.00,28.27,0.00,0.72,2.56%,69.23%,1.00,1.00
5/26/2020,ID-MA,Maluku,0,0,0,0,160,7,26,127,Province,,Maluku,Indonesia,Asia,Maluku,UTC+09:00,,9,2,118,35,1198,46914,1847097,39.37,129.576792,-3.192572,0.00,86.62,0.00,3.79,4.38%,16.25%,0.00,1.00
5/26/2020,ID-AC,Aceh,0,0,0,0,19,1,17,1,Province,,Aceh,Indonesia,Asia,Sumatera,UTC+07:00,Daerah Khusus,18,5,289,,6497,57956,5247257,90.54,96.91052174,4.225614628,0.00,3.62,0.00,0.19,5.26%,89.47%,1.00,1.00
5/26/2020,ID-BE,Bengkulu,0,0,2,-2,69,2,11,56,Province,,Bengkulu,Indonesia,Asia,Sumatera,UTC+07:00,,9,1,129,172,1341,19919,1999539,100.38,102.3384213,-3.533583627,0.00,34.51,0.00,1.00,2.90%,15.94%,1.00,1.00
5/26/2020,ID-NB,Nusa Tenggara Barat,10,0,0,10,486,8,258,220,Province,,Nusa Tenggara Barat,Indonesia,Asia,Nusa Tenggara,UTC+08:00,,8,2,117,145,995,18572,5270247,283.77,117.5086257,-8.606998866,1.90,92.22,0.00,1.52,1.65%,53.09%,,1.00
5/26/2020,ID-SB,Sumatera Barat,32,0,22,10,510,24,208,278,Province,,Sumatera Barat,Indonesia,Asia,Sumatera,UTC+07:00,,12,7,179,230,928,42013,5519245,131.37,100.4650624,-0.850253225,5.80,92.40,0.00,4.35,4.71%,40.78%,,1.00
5/26/2020,ID-KR,Kepulauan Riau,0,1,1,-2,149,13,87,49,Province,,Kepulauan Riau,Indonesia,Asia,Sumatera,UTC+07:00,,5,2,75,142,275,8202,1929400,235.24,108.261746,3.916346,0.00,77.23,0.52,6.74,8.72%,58.39%,1.00,
5/26/2020,ID-SG,Sulawesi Tenggara,0,0,49,-49,212,4,100,108,Province,,Sulawesi Tenggara,Indonesia,Asia,Sulawesi,UTC+08:00,,15,2,219,377,1911,38068,2635461,69.23,122.070311,-4.124688793,0.00,80.44,0.00,1.52,1.89%,47.17%,1.00,1.00
5/26/2020,ID-YO,Daerah Istimewa Yogyakarta,0,0,4,-4,211,8,138,65,Province,,Daerah Istimewa Yogyakarta,Indonesia,Asia,Jawa,UTC+07:00,Daerah Istimewa,4,1,78,46,392,3133,3631015,1158.90,110.4448783,-7.89450185,0.00,58.11,0.00,2.20,3.79%,65.40%,1.00,1.00
5/26/2020,ID-SA,Sulawesi Utara,26,5,1,20,263,32,34,197,Province,,Sulawesi Utara,Indonesia,Asia,Sulawesi,UTC+08:00,,11,4,171,332,1507,13892,2641884,190.17,124.5212396,1.259638212,9.84,99.55,1.89,12.11,12.17%,12.93%,2.89,5.00
5/26/2020,ID-KT,Kalimantan Tengah,12,0,0,12,318,16,111,191,Province,,Kalimantan Tengah,Indonesia,Asia,Kalimantan,UTC+07:00,,13,1,136,139,1432,153565,2570289,16.74,113.4176536,-1.602484653,4.67,123.72,0.00,6.22,5.03%,34.91%,6.00,0.00
5/26/2020,ID-SS,Sumatera Selatan,58,0,0,58,862,28,113,721,Province,,Sumatera Selatan,Indonesia,Asia,Sumatera,UTC+07:00,,13,4,241,387,2853,91592,8217551,89.72,104.1694647,-3.216211808,7.06,104.90,0.00,3.41,3.25%,13.11%,0.81,1.00
5/26/2020,ID-KU,Kalimantan Utara,0,1,3,-4,164,2,69,93,Province,,Kalimantan Utara,Indonesia,Asia,Kalimantan,UTC+08:00,,4,1,53,35,447,75468,648407,8.59,116.2188791,2.891012621,0.00,252.93,1.54,3.08,1.22%,42.07%,1.00,
5/26/2020,ID-JB,Jawa Barat,17,9,26,-18,2059,132,500,1427,Province,,Jawa Barat,Indonesia,Asia,Jawa,UTC+07:00,,18,9,627,645,5312,35378,45161325,1276.55,107.6037083,-6.920432083,0.38,45.59,0.20,2.92,6.41%,24.28%,0.81,
5/26/2020,ID-MU,Maluku Utara,11,1,4,6,118,6,17,95,Province,,Maluku Utara,Indonesia,Asia,Maluku,UTC+09:00,,8,2,116,118,1063,31983,1307803,40.89,127.5391072,0.212036949,8.41,90.23,0.76,4.59,5.08%,14.41%,1.57,
5/26/2020,ID-JI,Jawa Timur,62,9,17,36,3874,300,494,3080,Province,,Jawa Timur,Indonesia,Asia,Jawa,UTC+07:00,,29,9,666,777,7724,47803,40479023,846.78,112.7329414,-7.723345579,1.53,95.70,0.22,7.41,7.74%,12.75%,0.27,1.00
5/26/2020,ID-ST,Sulawesi Tengah,0,0,2,-2,120,4,48,68,Province,,Sulawesi Tengah,Indonesia,Asia,Sulawesi,UTC+08:00,,12,1,175,175,1842,61841,2955567,47.79,121.2010927,-1.00413668,0.00,40.60,0.00,1.35,3.33%,40.00%,1.00,1.00
5/26/2020,ID-PA,Papua,0,0,0,0,561,6,68,487,Province,,Papua,Indonesia,Asia,Papua,UTC+09:00,Daerah Khusus,28,1,560,110,5411,319036,4340348,13.60,138.69603,-4.66620953,0.00,129.25,0.00,1.38,1.07%,12.12%,0.00,1.00
5/26/2020,ID-JK,DKI Jakarta,92,0,13,79,6212,481,1618,4113,Province,,DKI Jakarta,Indonesia,Asia,Jawa,UTC+07:00,Daerah Khusus Ibu Kota,1,5,44,267,,664,10846145,16334.31,106.8361183,-6.204698991,8.48,572.74,0.00,44.35,7.74%,26.05%,1.23,1.00
5/26/2020,ID-JA,Jambi,0,0,0,0,96,0,15,81,Province,,Jambi,Indonesia,Asia,Sumatera,UTC+07:00,,9,2,141,163,1399,50058,3493357,69.79,102.7236404,-1.69769766,0.00,27.48,0.00,0.00,0.00%,15.63%,0.00,1.00
5/26/2020,ID-LA,Lampung,0,0,2,-2,115,11,47,57,Province,,Lampung,Indonesia,Asia,Sumatera,UTC+07:00,,13,2,228,205,2435,34624,9095591,262.70,105.0214366,-4.916792975,0.00,12.64,0.00,1.21,9.57%,40.87%,0.00,0.00
5/26/2020,IDN,Indonesia,415,27,235,153,23165,1418,5877,15870,Country,,,Indonesia,Asia,,,,416,98,7230,8488,74953,1916907,265185520,138.34,113.921327,-0.789275,1.56,87.35,0.10,5.35,6.12%,25.37%,0.87,1.42
5/26/2020,ID-BT,Banten,18,0,2,16,749,65,178,506,Province,,Banten,Indonesia,Asia,Jawa,UTC+07:00,,4,4,155,313,1238,9663,10722374,1109.64,106.1090043,-6.456736388,1.68,69.85,0.00,6.06,8.68%,23.77%,,1.00
5/26/2020,ID-JT,Jawa Tengah,4,0,15,-11,1304,60,261,983,Province,,Jawa Tengah,Indonesia,Asia,Jawa,UTC+07:00,,29,6,576,753,7809,32801,36364072,1108.64,110.2011149,-7.259097177,0.11,35.86,0.00,1.65,4.60%,20.02%,2.00,1.00
5/26/2020,ID-KB,Kalimantan Barat,1,0,1,0,173,2,43,128,Province,,Kalimantan Barat,Indonesia,Asia,Kalimantan,UTC+07:00,,12,2,174,99,2031,147307,5422814,36.81,111.1211776,-0.086474572,0.18,31.90,0.00,0.37,1.16%,24.86%,0.14,1.00
5/26/2020,ID-BA,Bali,11,0,0,11,398,2,288,108,Province,,Bali,Indonesia,Asia,Nusa Tenggara,UTC+08:00,,8,1,57,80,636,5780,4216171,729.43,115.1317136,-8.369471688,2.61,94.40,0.00,0.47,0.50%,72.36%,5.50,1.00
5/26/2020,ID-PB,Papua Barat,2,0,13,-11,132,1,35,96,Province,,Papua Barat,Indonesia,Asia,Papua,UTC+09:00,Daerah Khusus,12,1,218,95,1742,102955,1140701,11.08,132.9762624,-2.045160182,1.75,115.72,0.00,0.88,0.76%,26.52%,,1.00
5/27/2020,ID-GO,Gorontalo,2,0,0,2,60,2,18,40,Province,,Gorontalo,Indonesia,Asia,Sulawesi,UTC+08:00,,5,1,77,72,657,11257,1180651,104.88,122.3760581,0.687002604,1.69,50.82,0.00,1.69,3.33%,30.00%,,1.00
5/27/2020,ID-RI,Riau,0,0,0,0,110,6,77,27,Province,,Riau,Indonesia,Asia,Sumatera,UTC+07:00,,10,2,169,268,1591,87024,6074100,69.80,101.8051092,0.511647851,0.00,18.11,0.00,0.99,5.45%,70.00%,1.00,1.00
5/27/2020,ID-KS,Kalimantan Selatan,73,0,0,73,702,74,80,548,Province,,Kalimantan Selatan,Indonesia,Asia,Kalimantan,UTC+08:00,,11,2,153,144,1864,38744,4023049,103.84,115.4385783,-2.993594979,18.15,174.49,0.00,18.39,10.54%,11.40%,2.61,0.00
5/27/2020,ID-MA,Maluku,10,1,7,2,170,8,33,129,Province,,Maluku,Indonesia,Asia,Maluku,UTC+09:00,,9,2,118,35,1198,46914,1847097,39.37,129.576792,-3.192572,5.41,92.04,0.54,4.33,4.71%,19.41%,,
5/27/2020,ID-SA,Sulawesi Utara,16,2,1,13,279,34,35,210,Province,,Sulawesi Utara,Indonesia,Asia,Sulawesi,UTC+08:00,,11,4,171,332,1507,13892,2641884,190.17,124.5212396,1.259638212,6.06,105.61,0.76,12.87,12.19%,12.54%,0.62,0.40
5/27/2020,ID-BA,Bali,8,0,7,1,406,2,295,109,Province,,Bali,Indonesia,Asia,Nusa Tenggara,UTC+08:00,,8,1,57,80,636,5780,4216171,729.43,115.1317136,-8.369471688,1.90,96.30,0.00,0.47,0.49%,72.66%,0.73,1.00
5/27/2020,ID-PB,Papua Barat,0,0,1,-1,132,1,36,95,Province,,Papua Barat,Indonesia,Asia,Papua,UTC+09:00,Daerah Khusus,12,1,218,95,1742,102955,1140701,11.08,132.9762624,-2.045160182,0.00,115.72,0.00,0.88,0.76%,27.27%,0.00,1.00
5/27/2020,ID-SU,Sumatera Utara,17,1,2,14,325,35,116,174,Province,,Sumatera Utara,Indonesia,Asia,Sumatera,UTC+07:00,,25,8,450,693,5417,72981,14874889,203.82,99.05196442,2.191894453,1.14,21.85,0.07,2.35,10.77%,35.69%,,
5/27/2020,ID-SR,Sulawesi Barat,1,0,3,-2,88,2,32,54,Province,,Sulawesi Barat,Indonesia,Asia,Sulawesi,UTC+08:00,,6,,69,73,575,16787,1559984,92.93,119.3450194,-2.461746053,0.64,56.41,0.00,1.28,2.27%,36.36%,1.00,1.00
5/27/2020,ID-KI,Kalimantan Timur,3,0,5,-2,277,3,126,148,Province,,Kalimantan Timur,Indonesia,Asia,Kalimantan,UTC+08:00,,7,3,103,197,841,129067,3552191,27.52,116.4684405,0.45385803,0.84,77.98,0.00,0.84,1.08%,45.49%,3.00,1.00
5/27/2020,ID-SN,Sulawesi Selatan,29,0,19,10,1372,67,517,788,Province,,Sulawesi Selatan,Indonesia,Asia,Sulawesi,UTC+08:00,,21,3,311,792,2255,46717,9426885,201.78,120.1620559,-3.731080714,3.08,145.54,0.00,7.11,4.88%,37.68%,0.85,0.00
5/27/2020,ID-BB,Kepulauan Bangka Belitung,3,0,0,3,42,1,27,14,Province,,Kepulauan Bangka Belitung,Indonesia,Asia,Sumatera,UTC+07:00,,6,1,47,82,309,16424,1379767,84.01,106.5499324,-2.447444127,2.17,30.44,0.00,0.72,2.38%,64.29%,,1.00
5/27/2020,ID-NT,Nusa Tenggara Timur,0,0,2,-2,85,1,9,75,Province,,Nusa Tenggara Timur,Indonesia,Asia,Nusa Tenggara,UTC+08:00,,21,1,309,327,3026,48718,5411321,111.07,121.592271,-8.682205,0.00,15.71,0.00,0.18,1.18%,10.59%,0.00,1.00
5/27/2020,ID-AC,Aceh,0,0,0,0,19,1,17,1,Province,,Aceh,Indonesia,Asia,Sumatera,UTC+07:00,Daerah Khusus,18,5,289,,6497,57956,5247257,90.54,96.91052174,4.225614628,0.00,3.62,0.00,0.19,5.26%,89.47%,1.00,1.00
5/27/2020,ID-NB,Nusa Tenggara Barat,49,1,14,34,535,9,272,254,Province,,Nusa Tenggara Barat,Indonesia,Asia,Nusa Tenggara,UTC+08:00,,8,2,117,145,995,18572,5270247,283.77,117.5086257,-8.606998866,9.30,101.51,0.19,1.71,1.68%,50.84%,4.90,
5/27/2020,ID-YO,Daerah Istimewa Yogyakarta,2,0,9,-7,213,8,147,58,Province,,Daerah Istimewa Yogyakarta,Indonesia,Asia,Jawa,UTC+07:00,Daerah Istimewa,4,1,78,46,392,3133,3631015,1158.90,110.4448783,-7.89450185,0.55,58.66,0.00,2.20,3.76%,69.01%,,1.00
5/27/2020,ID-BE,Bengkulu,0,0,8,-8,69,2,19,48,Province,,Bengkulu,Indonesia,Asia,Sumatera,UTC+07:00,,9,1,129,172,1341,19919,1999539,100.38,102.3384213,-3.533583627,0.00,34.51,0.00,1.00,2.90%,27.54%,1.00,1.00
5/27/2020,ID-SB,Sumatera Barat,27,1,28,-2,537,25,236,276,Province,,Sumatera Barat,Indonesia,Asia,Sumatera,UTC+07:00,,12,7,179,230,928,42013,5519245,131.37,100.4650624,-0.850253225,4.89,97.30,0.18,4.53,4.66%,43.95%,0.84,
5/27/2020,ID-SG,Sulawesi Tenggara,11,0,8,3,223,4,108,111,Province,,Sulawesi Tenggara,Indonesia,Asia,Sulawesi,UTC+08:00,,15,2,219,377,1911,38068,2635461,69.23,122.070311,-4.124688793,4.17,84.62,0.00,1.52,1.79%,48.43%,,1.00
5/27/2020,ID-KR,Kepulauan Riau,8,0,2,6,157,13,89,55,Province,,Kepulauan Riau,Indonesia,Asia,Sumatera,UTC+07:00,,5,2,75,142,275,8202,1929400,235.24,108.261746,3.916346,4.15,81.37,0.00,6.74,8.28%,56.69%,,0.00
5/27/2020,ID-KT,Kalimantan Tengah,8,0,0,8,326,16,111,199,Province,,Kalimantan Tengah,Indonesia,Asia,Kalimantan,UTC+07:00,,13,1,136,139,1432,153565,2570289,16.74,113.4176536,-1.602484653,3.11,126.83,0.00,6.22,4.91%,34.05%,0.67,1.00
5/27/2020,ID-KU,Kalimantan Utara,1,0,0,1,165,2,69,94,Province,,Kalimantan Utara,Indonesia,Asia,Kalimantan,UTC+08:00,,4,1,53,35,447,75468,648407,8.59,116.2188791,2.891012621,1.54,254.47,0.00,3.08,1.21%,41.82%,,0.00
5/27/2020,ID-ST,Sulawesi Tengah,0,0,2,-2,120,4,50,66,Province,,Sulawesi Tengah,Indonesia,Asia,Sulawesi,UTC+08:00,,12,1,175,175,1842,61841,2955567,47.79,121.2010927,-1.00413668,0.00,40.60,0.00,1.35,3.33%,41.67%,1.00,1.00
5/27/2020,ID-KB,Kalimantan Barat,7,0,0,7,180,2,43,135,Province,,Kalimantan Barat,Indonesia,Asia,Kalimantan,UTC+07:00,,12,2,174,99,2031,147307,5422814,36.81,111.1211776,-0.086474572,1.29,33.19,0.00,0.37,1.11%,23.89%,7.00,1.00
5/27/2020,ID-SS,Sumatera Selatan,48,1,8,39,910,29,121,760,Province,,Sumatera Selatan,Indonesia,Asia,Sumatera,UTC+07:00,,13,4,241,387,2853,91592,8217551,89.72,104.1694647,-3.216211808,5.84,110.74,0.12,3.53,3.19%,13.30%,0.83,
5/27/2020,ID-JB,Jawa Barat,26,5,36,-15,2085,137,536,1412,Province,,Jawa Barat,Indonesia,Asia,Jawa,UTC+07:00,,18,9,627,645,5312,35378,45161325,1276.55,107.6037083,-6.920432083,0.58,46.17,0.11,3.03,6.57%,25.71%,1.53,0.56
5/27/2020,ID-JI,Jawa Timur,180,19,16,145,4054,319,510,3225,Province,,Jawa Timur,Indonesia,Asia,Jawa,UTC+07:00,,29,9,666,777,7724,47803,40479023,846.78,112.7329414,-7.723345579,4.45,100.15,0.47,7.88,7.87%,12.58%,2.90,2.11
5/27/2020,ID-MU,Maluku Utara,1,0,4,-3,119,6,21,92,Province,,Maluku Utara,Indonesia,Asia,Maluku,UTC+09:00,,8,2,116,118,1063,31983,1307803,40.89,127.5391072,0.212036949,0.76,90.99,0.00,4.59,5.04%,17.65%,0.09,0.00
5/27/2020,ID-PA,Papua,14,0,0,14,575,6,68,501,Province,,Papua,Indonesia,Asia,Papua,UTC+09:00,Daerah Khusus,28,1,560,110,5411,319036,4340348,13.60,138.69603,-4.66620953,3.23,132.48,0.00,1.38,1.04%,11.83%,,1.00
5/27/2020,ID-JA,Jambi,0,0,0,0,96,0,15,81,Province,,Jambi,Indonesia,Asia,Sumatera,UTC+07:00,,9,2,141,163,1399,50058,3493357,69.79,102.7236404,-1.69769766,0.00,27.48,0.00,0.00,0.00%,15.63%,1.00,1.00
5/27/2020,ID-JT,Jawa Tengah,11,0,0,11,1315,60,261,994,Province,,Jawa Tengah,Indonesia,Asia,Jawa,UTC+07:00,,29,6,576,753,7809,32801,36364072,1108.64,110.2011149,-7.259097177,0.30,36.16,0.00,1.65,4.56%,19.85%,2.75,1.00
5/27/2020,ID-JK,DKI Jakarta,109,8,16,85,6321,489,1634,4198,Province,,DKI Jakarta,Indonesia,Asia,Jawa,UTC+07:00,Daerah Khusus Ibu Kota,1,5,44,267,,664,10846145,16334.31,106.8361183,-6.204698991,10.05,582.79,0.74,45.09,7.74%,25.85%,1.18,
5/27/2020,ID-LA,Lampung,2,0,0,2,117,11,47,59,Province,,Lampung,Indonesia,Asia,Sumatera,UTC+07:00,,13,2,228,205,2435,34624,9095591,262.70,105.0214366,-4.916792975,0.22,12.86,0.00,1.21,9.40%,40.17%,,1.00
5/27/2020,ID-BT,Banten,10,0,3,7,759,65,181,513,Province,,Banten,Indonesia,Asia,Jawa,UTC+07:00,,4,4,155,313,1238,9663,10722374,1109.64,106.1090043,-6.456736388,0.93,70.79,0.00,6.06,8.56%,23.85%,0.56,1.00
5/27/2020,IDN,Indonesia,686,55,180,451,23851,1473,6057,16321,Country,,,Indonesia,Asia,,,,416,98,7230,8488,74953,1916907,265185520,138.34,113.921327,-0.789275,2.59,89.94,0.21,5.55,6.18%,25.40%,1.65,2.04
5/28/2020,ID-GO,Gorontalo,5,1,1,3,65,3,19,43,Province,,Gorontalo,Indonesia,Asia,Sulawesi,UTC+08:00,,5,1,77,72,657,11257,1180651,104.88,122.3760581,0.687002604,4.23,55.05,0.85,2.54,4.62%,29.23%,2.50,
5/28/2020,ID-KS,Kalimantan Selatan,114,1,2,111,816,75,82,659,Province,,Kalimantan Selatan,Indonesia,Asia,Kalimantan,UTC+08:00,,11,2,153,144,1864,38744,4023049,103.84,115.4385783,-2.993594979,28.34,202.83,0.25,18.64,9.19%,10.05%,1.56,
5/28/2020,ID-BA,Bali,5,0,12,-7,411,2,307,102,Province,,Bali,Indonesia,Asia,Nusa Tenggara,UTC+08:00,,8,1,57,80,636,5780,4216171,729.43,115.1317136,-8.369471688,1.19,97.48,0.00,0.47,0.49%,74.70%,0.63,1.00
5/28/2020,ID-KI,Kalimantan Timur,1,0,6,-5,278,3,132,143,Province,,Kalimantan Timur,Indonesia,Asia,Kalimantan,UTC+08:00,,7,3,103,197,841,129067,3552191,27.52,116.4684405,0.45385803,0.28,78.26,0.00,0.84,1.08%,47.48%,0.33,1.00
5/28/2020,ID-SB,Sumatera Barat,4,0,8,-4,541,25,244,272,Province,,Sumatera Barat,Indonesia,Asia,Sumatera,UTC+07:00,,12,7,179,230,928,42013,5519245,131.37,100.4650624,-0.850253225,0.72,98.02,0.00,4.53,4.62%,45.10%,0.15,0.00
5/28/2020,ID-BT,Banten,15,0,24,-9,774,65,205,504,Province,,Banten,Indonesia,Asia,Jawa,UTC+07:00,,4,4,155,313,1238,9663,10722374,1109.64,106.1090043,-6.456736388,1.40,72.19,0.00,6.06,8.40%,26.49%,1.50,1.00
5/28/2020,IDN,Indonesia,687,23,183,481,24538,1496,6240,16802,Country,,,Indonesia,Asia,,,,416,98,7230,8488,74953,1916907,265185520,138.34,113.921327,-0.789275,2.59,92.53,0.09,5.64,6.10%,25.43%,1.00,0.42
5/28/2020,ID-RI,Riau,0,0,3,-3,110,6,80,24,Province,,Riau,Indonesia,Asia,Sumatera,UTC+07:00,,10,2,169,268,1591,87024,6074100,69.80,101.8051092,0.511647851,0.00,18.11,0.00,0.99,5.45%,72.73%,1.00,1.00
5/28/2020,ID-MA,Maluku,18,0,1,17,188,8,34,146,Province,,Maluku,Indonesia,Asia,Maluku,UTC+09:00,,9,2,118,35,1198,46914,1847097,39.37,129.576792,-3.192572,9.75,101.78,0.00,4.33,4.26%,18.09%,1.80,0.00
5/28/2020,ID-SA,Sulawesi Utara,16,0,2,14,295,34,37,224,Province,,Sulawesi Utara,Indonesia,Asia,Sulawesi,UTC+08:00,,11,4,171,332,1507,13892,2641884,190.17,124.5212396,1.259638212,6.06,111.66,0.00,12.87,11.53%,12.54%,1.00,0.00
5/28/2020,ID-PB,Papua Barat,20,0,2,18,152,1,38,113,Province,,Papua Barat,Indonesia,Asia,Papua,UTC+09:00,Daerah Khusus,12,1,218,95,1742,102955,1140701,11.08,132.9762624,-2.045160182,17.53,133.25,0.00,0.88,0.66%,25.00%,,1.00
5/28/2020,ID-SR,Sulawesi Barat,0,0,2,-2,88,2,34,52,Province,,Sulawesi Barat,Indonesia,Asia,Sulawesi,UTC+08:00,,6,,69,73,575,16787,1559984,92.93,119.3450194,-2.461746053,0.00,56.41,0.00,1.28,2.27%,38.64%,0.00,1.00
5/28/2020,ID-SU,Sumatera Utara,30,1,2,27,355,36,118,201,Province,,Sumatera Utara,Indonesia,Asia,Sumatera,UTC+07:00,,25,8,450,693,5417,72981,14874889,203.82,99.05196442,2.191894453,2.02,23.87,0.07,2.42,10.14%,33.24%,1.76,1.00
5/28/2020,ID-SN,Sulawesi Selatan,46,0,2,44,1418,67,519,832,Province,,Sulawesi Selatan,Indonesia,Asia,Sulawesi,UTC+08:00,,21,3,311,792,2255,46717,9426885,201.78,120.1620559,-3.731080714,4.88,150.42,0.00,7.11,4.72%,36.60%,1.59,1.00
5/28/2020,ID-NT,Nusa Tenggara Timur,0,0,0,0,85,1,9,75,Province,,Nusa Tenggara Timur,Indonesia,Asia,Nusa Tenggara,UTC+08:00,,21,1,309,327,3026,48718,5411321,111.07,121.592271,-8.682205,0.00,15.71,0.00,0.18,1.18%,10.59%,1.00,1.00
5/28/2020,ID-BE,Bengkulu,2,0,1,1,71,2,20,49,Province,,Bengkulu,Indonesia,Asia,Sumatera,UTC+07:00,,9,1,129,172,1341,19919,1999539,100.38,102.3384213,-3.533583627,1.00,35.51,0.00,1.00,2.82%,28.17%,,1.00
5/28/2020,ID-BB,Kepulauan Bangka Belitung,0,0,0,0,42,1,27,14,Province,,Kepulauan Bangka Belitung,Indonesia,Asia,Sumatera,UTC+07:00,,6,1,47,82,309,16424,1379767,84.01,106.5499324,-2.447444127,0.00,30.44,0.00,0.72,2.38%,64.29%,0.00,1.00
5/28/2020,ID-AC,Aceh,1,0,0,1,20,1,17,2,Province,,Aceh,Indonesia,Asia,Sumatera,UTC+07:00,Daerah Khusus,18,5,289,,6497,57956,5247257,90.54,96.91052174,4.225614628,0.19,3.81,0.00,0.19,5.00%,85.00%,,1.00
5/28/2020,ID-YO,Daerah Istimewa Yogyakarta,0,0,8,-8,213,8,155,50,Province,,Daerah Istimewa Yogyakarta,Indonesia,Asia,Jawa,UTC+07:00,Daerah Istimewa,4,1,78,46,392,3133,3631015,1158.90,110.4448783,-7.89450185,0.00,58.66,0.00,2.20,3.76%,72.77%,0.00,1.00
5/28/2020,ID-NB,Nusa Tenggara Barat,25,1,1,23,560,10,273,277,Province,,Nusa Tenggara Barat,Indonesia,Asia,Nusa Tenggara,UTC+08:00,,8,2,117,145,995,18572,5270247,283.77,117.5086257,-8.606998866,4.74,106.26,0.19,1.90,1.79%,48.75%,0.51,1.00
5/28/2020,ID-SG,Sulawesi Tenggara,14,0,1,13,237,4,109,124,Province,,Sulawesi Tenggara,Indonesia,Asia,Sulawesi,UTC+08:00,,15,2,219,377,1911,38068,2635461,69.23,122.070311,-4.124688793,5.31,89.93,0.00,1.52,1.69%,45.99%,1.27,1.00
5/28/2020,ID-KT,Kalimantan Tengah,7,0,0,7,333,16,111,206,Province,,Kalimantan Tengah,Indonesia,Asia,Kalimantan,UTC+07:00,,13,1,136,139,1432,153565,2570289,16.74,113.4176536,-1.602484653,2.72,129.56,0.00,6.22,4.80%,33.33%,0.88,1.00
5/28/2020,ID-SS,Sumatera Selatan,27,0,14,13,937,29,135,773,Province,,Sumatera Selatan,Indonesia,Asia,Sumatera,UTC+07:00,,13,4,241,387,2853,91592,8217551,89.72,104.1694647,-3.216211808,3.29,114.02,0.00,3.53,3.09%,14.41%,0.56,0.00
5/28/2020,ID-LA,Lampung,0,0,0,0,117,11,47,59,Province,,Lampung,Indonesia,Asia,Sumatera,UTC+07:00,,13,2,228,205,2435,34624,9095591,262.70,105.0214366,-4.916792975,0.00,12.86,0.00,1.21,9.40%,40.17%,0.00,1.00
5/28/2020,ID-KR,Kepulauan Riau,13,1,6,6,170,14,95,61,Province,,Kepulauan Riau,Indonesia,Asia,Sumatera,UTC+07:00,,5,2,75,142,275,8202,1929400,235.24,108.261746,3.916346,6.74,88.11,0.52,7.26,8.24%,55.88%,1.63,
5/28/2020,ID-KU,Kalimantan Utara,0,0,0,0,165,2,69,94,Province,,Kalimantan Utara,Indonesia,Asia,Kalimantan,UTC+08:00,,4,1,53,35,447,75468,648407,8.59,116.2188791,2.891012621,0.00,254.47,0.00,3.08,1.21%,41.82%,0.00,1.00
5/28/2020,ID-KB,Kalimantan Barat,1,0,0,1,181,2,43,136,Province,,Kalimantan Barat,Indonesia,Asia,Kalimantan,UTC+07:00,,12,2,174,99,2031,147307,5422814,36.81,111.1211776,-0.086474572,0.18,33.38,0.00,0.37,1.10%,23.76%,0.14,1.00
5/28/2020,ID-ST,Sulawesi Tengah,6,0,2,4,126,4,52,70,Province,,Sulawesi Tengah,Indonesia,Asia,Sulawesi,UTC+08:00,,12,1,175,175,1842,61841,2955567,47.79,121.2010927,-1.00413668,2.03,42.63,0.00,1.35,3.17%,41.27%,,1.00
5/28/2020,ID-JB,Jawa Barat,26,0,46,-20,2111,137,582,1392,Province,,Jawa Barat,Indonesia,Asia,Jawa,UTC+07:00,,18,9,627,645,5312,35378,45161325,1276.55,107.6037083,-6.920432083,0.58,46.74,0.00,3.03,6.49%,27.57%,1.00,0.00
5/28/2020,ID-MU,Maluku Utara,9,1,0,8,128,7,21,100,Province,,Maluku Utara,Indonesia,Asia,Maluku,UTC+09:00,,8,2,116,118,1063,31983,1307803,40.89,127.5391072,0.212036949,6.88,97.87,0.76,5.35,5.47%,16.41%,9.00,
5/28/2020,ID-JK,DKI Jakarta,104,0,21,83,6425,489,1655,4281,Province,,DKI Jakarta,Indonesia,Asia,Jawa,UTC+07:00,Daerah Khusus Ibu Kota,1,5,44,267,,664,10846145,16334.31,106.8361183,-6.204698991,9.59,592.38,0.00,45.09,7.61%,25.76%,0.95,0.00
5/28/2020,ID-JI,Jawa Timur,127,14,26,87,4181,333,536,3312,Province,,Jawa Timur,Indonesia,Asia,Jawa,UTC+07:00,,29,9,666,777,7724,47803,40479023,846.78,112.7329414,-7.723345579,3.14,103.29,0.35,8.23,7.96%,12.82%,0.71,0.74
5/28/2020,ID-PA,Papua,4,0,0,4,579,6,68,505,Province,,Papua,Indonesia,Asia,Papua,UTC+09:00,Daerah Khusus,28,1,560,110,5411,319036,4340348,13.60,138.69603,-4.66620953,0.92,133.40,0.00,1.38,1.04%,11.74%,0.29,1.00
5/28/2020,ID-JT,Jawa Tengah,10,0,0,10,1325,60,261,1004,Province,,Jawa Tengah,Indonesia,Asia,Jawa,UTC+07:00,,29,6,576,753,7809,32801,36364072,1108.64,110.2011149,-7.259097177,0.27,36.44,0.00,1.65,4.53%,19.70%,0.91,1.00
5/28/2020,ID-JA,Jambi,0,0,0,0,96,0,15,81,Province,,Jambi,Indonesia,Asia,Sumatera,UTC+07:00,,9,2,141,163,1399,50058,3493357,69.79,102.7236404,-1.69769766,0.00,27.48,0.00,0.00,0.00%,15.63%,1.00,1.00
5/29/2020,ID-GO,Gorontalo,3,0,4,-1,68,3,23,42,Province,,Gorontalo,Indonesia,Asia,Sulawesi,UTC+08:00,,5,1,77,72,657,11257,1180651,104.88,122.3760581,0.687002604,2.54,57.60,0.00,2.54,4.41%,33.82%,0.60,0.00
5/29/2020,ID-BA,Bali,23,0,6,17,434,2,313,119,Province,,Bali,Indonesia,Asia,Nusa Tenggara,UTC+08:00,,8,1,57,80,636,5780,4216171,729.43,115.1317136,-8.369471688,5.46,102.94,0.00,0.47,0.46%,72.12%,4.60,1.00
5/29/2020,ID-BT,Banten,14,3,12,-1,788,68,217,503,Province,,Banten,Indonesia,Asia,Jawa,UTC+07:00,,4,4,155,313,1238,9663,10722374,1109.64,106.1090043,-6.456736388,1.31,73.49,0.28,6.34,8.63%,27.54%,0.93,
5/29/2020,ID-SA,Sulawesi Utara,9,1,1,7,304,35,38,231,Province,,Sulawesi Utara,Indonesia,Asia,Sulawesi,UTC+08:00,,11,4,171,332,1507,13892,2641884,190.17,124.5212396,1.259638212,3.41,115.07,0.38,13.25,11.51%,12.50%,0.56,
5/29/2020,ID-AC,Aceh,0,0,0,0,20,1,17,2,Province,,Aceh,Indonesia,Asia,Sumatera,UTC+07:00,Daerah Khusus,18,5,289,,6497,57956,5247257,90.54,96.91052174,4.225614628,0.00,3.81,0.00,0.19,5.00%,85.00%,0.00,1.00
5/29/2020,ID-JT,Jawa Tengah,14,0,59,-45,1339,60,320,959,Province,,Jawa Tengah,Indonesia,Asia,Jawa,UTC+07:00,,29,6,576,753,7809,32801,36364072,1108.64,110.2011149,-7.259097177,0.38,36.82,0.00,1.65,4.48%,23.90%,1.40,1.00
5/29/2020,ID-JA,Jambi,0,0,0,0,96,0,15,81,Province,,Jambi,Indonesia,Asia,Sumatera,UTC+07:00,,9,2,141,163,1399,50058,3493357,69.79,102.7236404,-1.69769766,0.00,27.48,0.00,0.00,0.00%,15.63%,1.00,1.00
5/29/2020,ID-KS,Kalimantan Selatan,73,5,15,53,889,80,97,712,Province,,Kalimantan Selatan,Indonesia,Asia,Kalimantan,UTC+08:00,,11,2,153,144,1864,38744,4023049,103.84,115.4385783,-2.993594979,18.15,220.98,1.24,19.89,9.00%,10.91%,0.64,5.00
5/29/2020,ID-KI,Kalimantan Timur,4,0,9,-5,282,3,141,138,Province,,Kalimantan Timur,Indonesia,Asia,Kalimantan,UTC+08:00,,7,3,103,197,841,129067,3552191,27.52,116.4684405,0.45385803,1.13,79.39,0.00,0.84,1.06%,50.00%,4.00,1.00
5/29/2020,ID-SB,Sumatera Barat,0,0,6,-6,541,25,250,266,Province,,Sumatera Barat,Indonesia,Asia,Sumatera,UTC+07:00,,12,7,179,230,928,42013,5519245,131.37,100.4650624,-0.850253225,0.00,98.02,0.00,4.53,4.62%,46.21%,0.00,1.00
5/29/2020,IDN,Indonesia,678,24,252,402,25216,1520,6492,17204,Country,,,Indonesia,Asia,,,,416,98,7230,8488,74953,1916907,265185520,138.34,113.921327,-0.789275,2.56,95.09,0.09,5.73,6.03%,25.75%,0.99,1.04
5/29/2020,ID-MA,Maluku,27,0,0,27,215,8,34,173,Province,,Maluku,Indonesia,Asia,Maluku,UTC+09:00,,9,2,118,35,1198,46914,1847097,39.37,129.576792,-3.192572,14.62,116.40,0.00,4.33,3.72%,15.81%,1.50,1.00
5/29/2020,ID-RI,Riau,6,0,4,2,116,6,84,26,Province,,Riau,Indonesia,Asia,Sumatera,UTC+07:00,,10,2,169,268,1591,87024,6074100,69.80,101.8051092,0.511647851,0.99,19.10,0.00,0.99,5.17%,72.41%,,1.00
5/29/2020,ID-PB,Papua Barat,6,0,4,2,158,1,42,115,Province,,Papua Barat,Indonesia,Asia,Papua,UTC+09:00,Daerah Khusus,12,1,218,95,1742,102955,1140701,11.08,132.9762624,-2.045160182,5.26,138.51,0.00,0.88,0.63%,26.58%,0.30,1.00
5/29/2020,ID-SU,Sumatera Utara,38,0,0,38,393,36,118,239,Province,,Sumatera Utara,Indonesia,Asia,Sumatera,UTC+07:00,,25,8,450,693,5417,72981,14874889,203.82,99.05196442,2.191894453,2.55,26.42,0.00,2.42,9.16%,30.03%,1.27,0.00
5/29/2020,ID-BB,Kepulauan Bangka Belitung,0,0,0,0,42,1,27,14,Province,,Kepulauan Bangka Belitung,Indonesia,Asia,Sumatera,UTC+07:00,,6,1,47,82,309,16424,1379767,84.01,106.5499324,-2.447444127,0.00,30.44,0.00,0.72,2.38%,64.29%,1.00,1.00
5/29/2020,ID-SR,Sulawesi Barat,0,0,0,0,88,2,34,52,Province,,Sulawesi Barat,Indonesia,Asia,Sulawesi,UTC+08:00,,6,,69,73,575,16787,1559984,92.93,119.3450194,-2.461746053,0.00,56.41,0.00,1.28,2.27%,38.64%,1.00,1.00
5/29/2020,ID-SN,Sulawesi Selatan,41,3,12,26,1459,70,531,858,Province,,Sulawesi Selatan,Indonesia,Asia,Sulawesi,UTC+08:00,,21,3,311,792,2255,46717,9426885,201.78,120.1620559,-3.731080714,4.35,154.77,0.32,7.43,4.80%,36.39%,0.89,
5/29/2020,ID-BE,Bengkulu,1,0,2,-1,72,2,22,48,Province,,Bengkulu,Indonesia,Asia,Sumatera,UTC+07:00,,9,1,129,172,1341,19919,1999539,100.38,102.3384213,-3.533583627,0.50,36.01,0.00,1.00,2.78%,30.56%,0.50,1.00
5/29/2020,ID-NT,Nusa Tenggara Timur,5,0,3,2,90,1,12,77,Province,,Nusa Tenggara Timur,Indonesia,Asia,Nusa Tenggara,UTC+08:00,,21,1,309,327,3026,48718,5411321,111.07,121.592271,-8.682205,0.92,16.63,0.00,0.18,1.11%,13.33%,,1.00
5/29/2020,ID-YO,Daerah Istimewa Yogyakarta,2,0,6,-4,215,8,161,46,Province,,Daerah Istimewa Yogyakarta,Indonesia,Asia,Jawa,UTC+07:00,Daerah Istimewa,4,1,78,46,392,3133,3631015,1158.90,110.4448783,-7.89450185,0.55,59.21,0.00,2.20,3.72%,74.88%,,1.00
5/29/2020,ID-SG,Sulawesi Tenggara,1,0,4,-3,238,4,113,121,Province,,Sulawesi Tenggara,Indonesia,Asia,Sulawesi,UTC+08:00,,15,2,219,377,1911,38068,2635461,69.23,122.070311,-4.124688793,0.38,90.31,0.00,1.52,1.68%,47.48%,0.07,1.00
5/29/2020,ID-KR,Kepulauan Riau,3,0,5,-2,173,14,100,59,Province,,Kepulauan Riau,Indonesia,Asia,Sumatera,UTC+07:00,,5,2,75,142,275,8202,1929400,235.24,108.261746,3.916346,1.55,89.67,0.00,7.26,8.09%,57.80%,0.23,0.00
5/29/2020,ID-PA,Papua,56,0,0,56,635,6,68,561,Province,,Papua,Indonesia,Asia,Papua,UTC+09:00,Daerah Khusus,28,1,560,110,5411,319036,4340348,13.60,138.69603,-4.66620953,12.90,146.30,0.00,1.38,0.94%,10.71%,14.00,1.00
5/29/2020,ID-NB,Nusa Tenggara Barat,28,0,3,25,588,10,276,302,Province,,Nusa Tenggara Barat,Indonesia,Asia,Nusa Tenggara,UTC+08:00,,8,2,117,145,995,18572,5270247,283.77,117.5086257,-8.606998866,5.31,111.57,0.00,1.90,1.70%,46.94%,1.12,0.00
5/29/2020,ID-KT,Kalimantan Tengah,30,0,7,23,363,16,118,229,Province,,Kalimantan Tengah,Indonesia,Asia,Kalimantan,UTC+07:00,,13,1,136,139,1432,153565,2570289,16.74,113.4176536,-1.602484653,11.67,141.23,0.00,6.22,4.41%,32.51%,4.29,1.00
5/29/2020,ID-LA,Lampung,13,0,0,13,130,11,47,72,Province,,Lampung,Indonesia,Asia,Sumatera,UTC+07:00,,13,2,228,205,2435,34624,9095591,262.70,105.0214366,-4.916792975,1.43,14.29,0.00,1.21,8.46%,36.15%,,1.00
5/29/2020,ID-SS,Sumatera Selatan,12,0,0,12,949,29,135,785,Province,,Sumatera Selatan,Indonesia,Asia,Sumatera,UTC+07:00,,13,4,241,387,2853,91592,8217551,89.72,104.1694647,-3.216211808,1.46,115.48,0.00,3.53,3.06%,14.23%,0.44,1.00
5/29/2020,ID-KU,Kalimantan Utara,0,0,3,-3,165,2,72,91,Province,,Kalimantan Utara,Indonesia,Asia,Kalimantan,UTC+08:00,,4,1,53,35,447,75468,648407,8.59,116.2188791,2.891012621,0.00,254.47,0.00,3.08,1.21%,43.64%,1.00,1.00
5/29/2020,ID-ST,Sulawesi Tengah,0,0,0,0,126,4,52,70,Province,,Sulawesi Tengah,Indonesia,Asia,Sulawesi,UTC+08:00,,12,1,175,175,1842,61841,2955567,47.79,121.2010927,-1.00413668,0.00,42.63,0.00,1.35,3.17%,41.27%,0.00,1.00
5/29/2020,ID-JI,Jawa Timur,170,11,22,137,4351,344,558,3449,Province,,Jawa Timur,Indonesia,Asia,Jawa,UTC+07:00,,29,9,666,777,7724,47803,40479023,846.78,112.7329414,-7.723345579,4.20,107.49,0.27,8.50,7.91%,12.82%,1.34,0.79
5/29/2020,ID-KB,Kalimantan Barat,0,0,3,-3,181,2,46,133,Province,,Kalimantan Barat,Indonesia,Asia,Kalimantan,UTC+07:00,,12,2,174,99,2031,147307,5422814,36.81,111.1211776,-0.086474572,0.00,33.38,0.00,0.37,1.10%,25.41%,0.00,1.00
5/29/2020,ID-JB,Jawa Barat,40,0,6,34,2151,137,588,1426,Province,,Jawa Barat,Indonesia,Asia,Jawa,UTC+07:00,,18,9,627,645,5312,35378,45161325,1276.55,107.6037083,-6.920432083,0.89,47.63,0.00,3.03,6.37%,27.34%,1.54,1.00
5/29/2020,ID-JK,DKI Jakarta,132,0,40,92,6557,489,1695,4373,Province,,DKI Jakarta,Indonesia,Asia,Jawa,UTC+07:00,Daerah Khusus Ibu Kota,1,5,44,267,,664,10846145,16334.31,106.8361183,-6.204698991,12.17,604.55,0.00,45.09,7.46%,25.85%,1.27,1.00
5/29/2020,ID-MU,Maluku Utara,11,0,0,11,139,7,21,111,Province,,Maluku Utara,Indonesia,Asia,Maluku,UTC+09:00,,8,2,116,118,1063,31983,1307803,40.89,127.5391072,0.212036949,8.41,106.29,0.00,5.35,5.04%,15.11%,1.22,0.00
5/30/2020,ID-GO,Gorontalo,1,2,0,-1,69,5,23,41,Province,,Gorontalo,Indonesia,Asia,Sulawesi,UTC+08:00,,5,1,77,72,657,11257,1180651,104.88,122.3760581,0.687002604,0.85,58.44,1.69,4.23,7.25%,33.33%,0.33,
5/30/2020,ID-BT,Banten,14,0,27,-13,802,68,244,490,Province,,Banten,Indonesia,Asia,Jawa,UTC+07:00,,4,4,155,313,1238,9663,10722374,1109.64,106.1090043,-6.456736388,1.31,74.80,0.00,6.34,8.48%,30.42%,1.00,0.00
5/30/2020,ID-JT,Jawa Tengah,16,0,20,-4,1355,60,340,955,Province,,Jawa Tengah,Indonesia,Asia,Jawa,UTC+07:00,,29,6,576,753,7809,32801,36364072,1108.64,110.2011149,-7.259097177,0.44,37.26,0.00,1.65,4.43%,25.09%,1.14,1.00
5/30/2020,ID-SB,Sumatera Barat,11,0,6,5,552,25,256,271,Province,,Sumatera Barat,Indonesia,Asia,Sumatera,UTC+07:00,,12,7,179,230,928,42013,5519245,131.37,100.4650624,-0.850253225,1.99,100.01,0.00,4.53,4.53%,46.38%,,1.00
5/30/2020,ID-SN,Sulawesi Selatan,41,1,32,8,1500,71,563,866,Province,,Sulawesi Selatan,Indonesia,Asia,Sulawesi,UTC+08:00,,21,3,311,792,2255,46717,9426885,201.78,120.1620559,-3.731080714,4.35,159.12,0.11,7.53,4.73%,37.53%,1.00,0.33
5/30/2020,ID-JK,DKI Jakarta,105,7,264,-166,6662,496,1959,4207,Province,,DKI Jakarta,Indonesia,Asia,Jawa,UTC+07:00,Daerah Khusus Ibu Kota,1,5,44,267,,664,10846145,16334.31,106.8361183,-6.204698991,9.68,614.23,0.65,45.73,7.45%,29.41%,0.80,
5/30/2020,ID-MU,Maluku Utara,7,0,6,1,146,7,27,112,Province,,Maluku Utara,Indonesia,Asia,Maluku,UTC+09:00,,8,2,116,118,1063,31983,1307803,40.89,127.5391072,0.212036949,5.35,111.64,0.00,5.35,4.79%,18.49%,0.64,1.00
5/30/2020,ID-BA,Bali,12,0,8,4,446,2,321,123,Province,,Bali,Indonesia,Asia,Nusa Tenggara,UTC+08:00,,8,1,57,80,636,5780,4216171,729.43,115.1317136,-8.369471688,2.85,105.78,0.00,0.47,0.45%,71.97%,0.52,1.00
5/30/2020,ID-SA,Sulawesi Utara,16,0,1,15,320,35,39,246,Province,,Sulawesi Utara,Indonesia,Asia,Sulawesi,UTC+08:00,,11,4,171,332,1507,13892,2641884,190.17,124.5212396,1.259638212,6.06,121.13,0.00,13.25,10.94%,12.19%,1.78,0.00
5/30/2020,ID-AC,Aceh,0,0,0,0,20,1,17,2,Province,,Aceh,Indonesia,Asia,Sumatera,UTC+07:00,Daerah Khusus,18,5,289,,6497,57956,5247257,90.54,96.91052174,4.225614628,0.00,3.81,0.00,0.19,5.00%,85.00%,1.00,1.00
5/30/2020,ID-JA,Jambi,0,0,0,0,96,0,15,81,Province,,Jambi,Indonesia,Asia,Sumatera,UTC+07:00,,9,2,141,163,1399,50058,3493357,69.79,102.7236404,-1.69769766,0.00,27.48,0.00,0.00,0.00%,15.63%,1.00,1.00
5/30/2020,ID-KI,Kalimantan Timur,6,0,18,-12,288,3,159,126,Province,,Kalimantan Timur,Indonesia,Asia,Kalimantan,UTC+08:00,,7,3,103,197,841,129067,3552191,27.52,116.4684405,0.45385803,1.69,81.08,0.00,0.84,1.04%,55.21%,1.50,1.00
5/30/2020,ID-KS,Kalimantan Selatan,3,0,2,1,892,80,99,713,Province,,Kalimantan Selatan,Indonesia,Asia,Kalimantan,UTC+08:00,,11,2,153,144,1864,38744,4023049,103.84,115.4385783,-2.993594979,0.75,221.72,0.00,19.89,8.97%,11.10%,0.04,0.00
5/30/2020,IDN,Indonesia,557,53,523,-19,25773,1573,7015,17185,Country,,,Indonesia,Asia,,,,416,98,7230,8488,74953,1916907,265185520,138.34,113.921327,-0.789275,2.10,97.19,0.20,5.93,6.10%,27.22%,0.82,2.21
5/30/2020,ID-RI,Riau,0,0,1,-1,116,6,85,25,Province,,Riau,Indonesia,Asia,Sumatera,UTC+07:00,,10,2,169,268,1591,87024,6074100,69.80,101.8051092,0.511647851,0.00,19.10,0.00,0.99,5.17%,73.28%,0.00,1.00
5/30/2020,ID-SR,Sulawesi Barat,0,0,0,0,88,2,34,52,Province,,Sulawesi Barat,Indonesia,Asia,Sulawesi,UTC+08:00,,6,,69,73,575,16787,1559984,92.93,119.3450194,-2.461746053,0.00,56.41,0.00,1.28,2.27%,38.64%,1.00,1.00
5/30/2020,ID-MA,Maluku,0,0,1,-1,215,8,35,172,Province,,Maluku,Indonesia,Asia,Maluku,UTC+09:00,,9,2,118,35,1198,46914,1847097,39.37,129.576792,-3.192572,0.00,116.40,0.00,4.33,3.72%,16.28%,0.00,1.00
5/30/2020,ID-PB,Papua Barat,4,0,7,-3,162,1,49,112,Province,,Papua Barat,Indonesia,Asia,Papua,UTC+09:00,Daerah Khusus,12,1,218,95,1742,102955,1140701,11.08,132.9762624,-2.045160182,3.51,142.02,0.00,0.88,0.62%,30.25%,0.67,1.00
5/30/2020,ID-BB,Kepulauan Bangka Belitung,3,0,0,3,45,1,27,17,Province,,Kepulauan Bangka Belitung,Indonesia,Asia,Sumatera,UTC+07:00,,6,1,47,82,309,16424,1379767,84.01,106.5499324,-2.447444127,2.17,32.61,0.00,0.72,2.22%,60.00%,,1.00
5/30/2020,ID-SU,Sumatera Utara,6,4,5,-3,399,40,123,236,Province,,Sumatera Utara,Indonesia,Asia,Sumatera,UTC+07:00,,25,8,450,693,5417,72981,14874889,203.82,99.05196442,2.191894453,0.40,26.82,0.27,2.69,10.03%,30.83%,0.16,
5/30/2020,ID-BE,Bengkulu,14,0,0,14,86,2,22,62,Province,,Bengkulu,Indonesia,Asia,Sumatera,UTC+07:00,,9,1,129,172,1341,19919,1999539,100.38,102.3384213,-3.533583627,7.00,43.01,0.00,1.00,2.33%,25.58%,14.00,1.00
5/30/2020,ID-YO,Daerah Istimewa Yogyakarta,3,0,1,2,218,8,162,48,Province,,Daerah Istimewa Yogyakarta,Indonesia,Asia,Jawa,UTC+07:00,Daerah Istimewa,4,1,78,46,392,3133,3631015,1158.90,110.4448783,-7.89450185,0.83,60.04,0.00,2.20,3.67%,74.31%,1.50,1.00
5/30/2020,ID-NB,Nusa Tenggara Barat,4,0,3,1,592,10,279,303,Province,,Nusa Tenggara Barat,Indonesia,Asia,Nusa Tenggara,UTC+08:00,,8,2,117,145,995,18572,5270247,283.77,117.5086257,-8.606998866,0.76,112.33,0.00,1.90,1.69%,47.13%,0.14,1.00
5/30/2020,ID-JB,Jawa Barat,20,2,25,-7,2171,139,613,1419,Province,,Jawa Barat,Indonesia,Asia,Jawa,UTC+07:00,,18,9,627,645,5312,35378,45161325,1276.55,107.6037083,-6.920432083,0.44,48.07,0.04,3.08,6.40%,28.24%,0.50,
5/30/2020,ID-NT,Nusa Tenggara Timur,1,0,0,1,91,1,12,78,Province,,Nusa Tenggara Timur,Indonesia,Asia,Nusa Tenggara,UTC+08:00,,21,1,309,327,3026,48718,5411321,111.07,121.592271,-8.682205,0.18,16.82,0.00,0.18,1.10%,13.19%,0.20,1.00
5/30/2020,ID-SG,Sulawesi Tenggara,0,0,0,0,238,4,113,121,Province,,Sulawesi Tenggara,Indonesia,Asia,Sulawesi,UTC+08:00,,15,2,219,377,1911,38068,2635461,69.23,122.070311,-4.124688793,0.00,90.31,0.00,1.52,1.68%,47.48%,0.00,1.00
5/30/2020,ID-PA,Papua,18,0,0,18,653,6,68,579,Province,,Papua,Indonesia,Asia,Papua,UTC+09:00,Daerah Khusus,28,1,560,110,5411,319036,4340348,13.60,138.69603,-4.66620953,4.15,150.45,0.00,1.38,0.92%,10.41%,0.32,1.00
5/30/2020,ID-KR,Kepulauan Riau,18,0,0,18,191,14,100,77,Province,,Kepulauan Riau,Indonesia,Asia,Sumatera,UTC+07:00,,5,2,75,142,275,8202,1929400,235.24,108.261746,3.916346,9.33,98.99,0.00,7.26,7.33%,52.36%,6.00,1.00
5/30/2020,ID-KT,Kalimantan Tengah,31,2,6,23,394,18,124,252,Province,,Kalimantan Tengah,Indonesia,Asia,Kalimantan,UTC+07:00,,13,1,136,139,1432,153565,2570289,16.74,113.4176536,-1.602484653,12.06,153.29,0.78,7.00,4.57%,31.47%,1.03,
5/30/2020,ID-SS,Sumatera Selatan,11,4,67,-60,960,33,202,725,Province,,Sumatera Selatan,Indonesia,Asia,Sumatera,UTC+07:00,,13,4,241,387,2853,91592,8217551,89.72,104.1694647,-3.216211808,1.34,116.82,0.49,4.02,3.44%,21.04%,0.92,
5/30/2020,ID-KB,Kalimantan Barat,0,0,0,0,181,2,46,133,Province,,Kalimantan Barat,Indonesia,Asia,Kalimantan,UTC+07:00,,12,2,174,99,2031,147307,5422814,36.81,111.1211776,-0.086474572,0.00,33.38,0.00,0.37,1.10%,25.41%,1.00,1.00
5/30/2020,ID-LA,Lampung,1,0,11,-10,131,11,58,62,Province,,Lampung,Indonesia,Asia,Sumatera,UTC+07:00,,13,2,228,205,2435,34624,9095591,262.70,105.0214366,-4.916792975,0.11,14.40,0.00,1.21,8.40%,44.27%,0.08,1.00
5/30/2020,ID-KU,Kalimantan Utara,0,0,0,0,165,2,72,91,Province,,Kalimantan Utara,Indonesia,Asia,Kalimantan,UTC+08:00,,4,1,53,35,447,75468,648407,8.59,116.2188791,2.891012621,0.00,254.47,0.00,3.08,1.21%,43.64%,1.00,1.00
5/30/2020,ID-JI,Jawa Timur,198,27,19,152,4549,371,577,3601,Province,,Jawa Timur,Indonesia,Asia,Jawa,UTC+07:00,,29,9,666,777,7724,47803,40479023,846.78,112.7329414,-7.723345579,4.89,112.38,0.67,9.17,8.16%,12.68%,1.16,2.45
5/30/2020,ID-ST,Sulawesi Tengah,0,0,0,0,126,4,52,70,Province,,Sulawesi Tengah,Indonesia,Asia,Sulawesi,UTC+08:00,,12,1,175,175,1842,61841,2955567,47.79,121.2010927,-1.00413668,0.00,42.63,0.00,1.35,3.17%,41.27%,1.00,1.00
5/31/2020,ID-GO,Gorontalo,25,1,3,21,94,6,26,62,Province,,Gorontalo,Indonesia,Asia,Sulawesi,UTC+08:00,,5,1,77,72,657,11257,1180651,104.88,122.3760581,0.687002604,21.17,79.62,0.85,5.08,6.38%,27.66%,25.00,0.50
5/31/2020,ID-JT,Jawa Tengah,37,0,6,31,1392,60,346,986,Province,,Jawa Tengah,Indonesia,Asia,Jawa,UTC+07:00,,29,6,576,753,7809,32801,36364072,1108.64,110.2011149,-7.259097177,1.02,38.28,0.00,1.65,4.31%,24.86%,2.31,1.00
5/31/2020,ID-JK,DKI Jakarta,117,1,76,40,6779,497,2035,4247,Province,,DKI Jakarta,Indonesia,Asia,Jawa,UTC+07:00,Daerah Khusus Ibu Kota,1,5,44,267,,664,10846145,16334.31,106.8361183,-6.204698991,10.79,625.01,0.09,45.82,7.33%,30.02%,1.11,0.14
5/31/2020,ID-AC,Aceh,0,0,0,0,20,1,17,2,Province,,Aceh,Indonesia,Asia,Sumatera,UTC+07:00,Daerah Khusus,18,5,289,,6497,57956,5247257,90.54,96.91052174,4.225614628,0.00,3.81,0.00,0.19,5.00%,85.00%,1.00,1.00
5/31/2020,ID-PB,Papua Barat,6,0,6,0,168,1,55,112,Province,,Papua Barat,Indonesia,Asia,Papua,UTC+09:00,Daerah Khusus,12,1,218,95,1742,102955,1140701,11.08,132.9762624,-2.045160182,5.26,147.28,0.00,0.88,0.60%,32.74%,1.50,1.00
5/31/2020,ID-JI,Jawa Timur,234,24,20,190,4783,395,597,3791,Province,,Jawa Timur,Indonesia,Asia,Jawa,UTC+07:00,,29,9,666,777,7724,47803,40479023,846.78,112.7329414,-7.723345579,5.78,118.16,0.59,9.76,8.26%,12.48%,1.18,0.89
5/31/2020,ID-ST,Sulawesi Tengah,2,0,9,-7,128,4,61,63,Province,,Sulawesi Tengah,Indonesia,Asia,Sulawesi,UTC+08:00,,12,1,175,175,1842,61841,2955567,47.79,121.2010927,-1.00413668,0.68,43.31,0.00,1.35,3.13%,47.66%,,1.00
5/31/2020,ID-BT,Banten,3,0,0,3,805,68,244,493,Province,,Banten,Indonesia,Asia,Jawa,UTC+07:00,,4,4,155,313,1238,9663,10722374,1109.64,106.1090043,-6.456736388,0.28,75.08,0.00,6.34,8.45%,30.31%,0.21,1.00
5/31/2020,ID-SB,Sumatera Barat,15,0,9,6,567,25,265,277,Province,,Sumatera Barat,Indonesia,Asia,Sumatera,UTC+07:00,,12,7,179,230,928,42013,5519245,131.37,100.4650624,-0.850253225,2.72,102.73,0.00,4.53,4.41%,46.74%,1.36,1.00
5/31/2020,ID-SN,Sulawesi Selatan,32,2,32,-2,1532,73,595,864,Province,,Sulawesi Selatan,Indonesia,Asia,Sulawesi,UTC+08:00,,21,3,311,792,2255,46717,9426885,201.78,120.1620559,-3.731080714,3.39,162.51,0.21,7.74,4.77%,38.84%,0.78,2.00
5/31/2020,ID-MU,Maluku Utara,7,4,0,3,153,11,27,115,Province,,Maluku Utara,Indonesia,Asia,Maluku,UTC+09:00,,8,2,116,118,1063,31983,1307803,40.89,127.5391072,0.212036949,5.35,116.99,3.06,8.41,7.19%,17.65%,1.00,
5/31/2020,ID-SA,Sulawesi Utara,17,2,11,4,337,37,50,250,Province,,Sulawesi Utara,Indonesia,Asia,Sulawesi,UTC+08:00,,11,4,171,332,1507,13892,2641884,190.17,124.5212396,1.259638212,6.43,127.56,0.76,14.01,10.98%,14.84%,1.06,
5/31/2020,ID-BA,Bali,10,0,1,9,456,2,322,132,Province,,Bali,Indonesia,Asia,Nusa Tenggara,UTC+08:00,,8,1,57,80,636,5780,4216171,729.43,115.1317136,-8.369471688,2.37,108.16,0.00,0.47,0.44%,70.61%,0.83,1.00
5/31/2020,ID-JA,Jambi,0,0,0,0,96,0,15,81,Province,,Jambi,Indonesia,Asia,Sumatera,UTC+07:00,,9,2,141,163,1399,50058,3493357,69.79,102.7236404,-1.69769766,0.00,27.48,0.00,0.00,0.00%,15.63%,1.00,1.00
5/31/2020,ID-KS,Kalimantan Selatan,26,6,0,20,918,86,99,733,Province,,Kalimantan Selatan,Indonesia,Asia,Kalimantan,UTC+08:00,,11,2,153,144,1864,38744,4023049,103.84,115.4385783,-2.993594979,6.46,228.19,1.49,21.38,9.37%,10.78%,8.67,
5/31/2020,ID-MA,Maluku,8,0,0,8,223,8,35,180,Province,,Maluku,Indonesia,Asia,Maluku,UTC+09:00,,9,2,118,35,1198,46914,1847097,39.37,129.576792,-3.192572,4.33,120.73,0.00,4.33,3.59%,15.70%,,1.00
5/31/2020,ID-KI,Kalimantan Timur,4,0,11,-7,292,3,170,119,Province,,Kalimantan Timur,Indonesia,Asia,Kalimantan,UTC+08:00,,7,3,103,197,841,129067,3552191,27.52,116.4684405,0.45385803,1.13,82.20,0.00,0.84,1.03%,58.22%,0.67,1.00
5/31/2020,IDN,Indonesia,700,40,293,367,26473,1613,7308,17552,Country,,,Indonesia,Asia,,,,416,98,7230,8488,74953,1916907,265185520,138.34,113.921327,-0.789275,2.64,99.83,0.15,6.08,6.09%,27.61%,1.26,0.75
5/31/2020,ID-SR,Sulawesi Barat,4,0,7,-3,92,2,41,49,Province,,Sulawesi Barat,Indonesia,Asia,Sulawesi,UTC+08:00,,6,,69,73,575,16787,1559984,92.93,119.3450194,-2.461746053,2.56,58.97,0.00,1.28,2.17%,44.57%,,1.00
5/31/2020,ID-RI,Riau,0,0,3,-3,116,6,88,22,Province,,Riau,Indonesia,Asia,Sumatera,UTC+07:00,,10,2,169,268,1591,87024,6074100,69.80,101.8051092,0.511647851,0.00,19.10,0.00,0.99,5.17%,75.86%,1.00,1.00
5/31/2020,ID-BB,Kepulauan Bangka Belitung,1,0,1,0,46,1,28,17,Province,,Kepulauan Bangka Belitung,Indonesia,Asia,Sumatera,UTC+07:00,,6,1,47,82,309,16424,1379767,84.01,106.5499324,-2.447444127,0.72,33.34,0.00,0.72,2.17%,60.87%,0.33,1.00
5/31/2020,ID-BE,Bengkulu,5,0,0,5,91,2,22,67,Province,,Bengkulu,Indonesia,Asia,Sumatera,UTC+07:00,,9,1,129,172,1341,19919,1999539,100.38,102.3384213,-3.533583627,2.50,45.51,0.00,1.00,2.20%,24.18%,0.36,1.00
5/31/2020,ID-NT,Nusa Tenggara Timur,1,0,2,-1,92,1,14,77,Province,,Nusa Tenggara Timur,Indonesia,Asia,Nusa Tenggara,UTC+08:00,,21,1,309,327,3026,48718,5411321,111.07,121.592271,-8.682205,0.18,17.00,0.00,0.18,1.09%,15.22%,1.00,1.00
5/31/2020,ID-KU,Kalimantan Utara,0,0,0,0,165,2,72,91,Province,,Kalimantan Utara,Indonesia,Asia,Kalimantan,UTC+08:00,,4,1,53,35,447,75468,648407,8.59,116.2188791,2.891012621,0.00,254.47,0.00,3.08,1.21%,43.64%,1.00,1.00
5/31/2020,ID-SU,Sumatera Utara,3,0,23,-20,402,40,146,216,Province,,Sumatera Utara,Indonesia,Asia,Sumatera,UTC+07:00,,25,8,450,693,5417,72981,14874889,203.82,99.05196442,2.191894453,0.20,27.03,0.00,2.69,9.95%,36.32%,0.50,0.00
5/31/2020,ID-YO,Daerah Istimewa Yogyakarta,3,0,7,-4,221,8,169,44,Province,,Daerah Istimewa Yogyakarta,Indonesia,Asia,Jawa,UTC+07:00,Daerah Istimewa,4,1,78,46,392,3133,3631015,1158.90,110.4448783,-7.89450185,0.83,60.86,0.00,2.20,3.62%,76.47%,1.00,1.00
5/31/2020,ID-JB,Jawa Barat,37,0,3,34,2208,139,616,1453,Province,,Jawa Barat,Indonesia,Asia,Jawa,UTC+07:00,,18,9,627,645,5312,35378,45161325,1276.55,107.6037083,-6.920432083,0.82,48.89,0.00,3.08,6.30%,27.90%,1.85,0.00
5/31/2020,ID-NB,Nusa Tenggara Barat,42,0,12,30,634,10,291,333,Province,,Nusa Tenggara Barat,Indonesia,Asia,Nusa Tenggara,UTC+08:00,,8,2,117,145,995,18572,5270247,283.77,117.5086257,-8.606998866,7.97,120.30,0.00,1.90,1.58%,45.90%,10.50,1.00
5/31/2020,ID-SG,Sulawesi Tenggara,3,0,9,-6,241,4,122,115,Province,,Sulawesi Tenggara,Indonesia,Asia,Sulawesi,UTC+08:00,,15,2,219,377,1911,38068,2635461,69.23,122.070311,-4.124688793,1.14,91.45,0.00,1.52,1.66%,50.62%,,1.00
5/31/2020,ID-KR,Kepulauan Riau,0,0,0,0,191,14,100,77,Province,,Kepulauan Riau,Indonesia,Asia,Sumatera,UTC+07:00,,5,2,75,142,275,8202,1929400,235.24,108.261746,3.916346,0.00,98.99,0.00,7.26,7.33%,52.36%,0.00,1.00
5/31/2020,ID-LA,Lampung,1,0,4,-3,132,11,62,59,Province,,Lampung,Indonesia,Asia,Sumatera,UTC+07:00,,13,2,228,205,2435,34624,9095591,262.70,105.0214366,-4.916792975,0.11,14.51,0.00,1.21,8.33%,46.97%,1.00,1.00
5/31/2020,ID-PA,Papua,17,0,0,17,670,6,68,596,Province,,Papua,Indonesia,Asia,Papua,UTC+09:00,Daerah Khusus,28,1,560,110,5411,319036,4340348,13.60,138.69603,-4.66620953,3.92,154.37,0.00,1.38,0.90%,10.15%,0.94,1.00
5/31/2020,ID-KT,Kalimantan Tengah,12,0,0,12,406,18,124,264,Province,,Kalimantan Tengah,Indonesia,Asia,Kalimantan,UTC+07:00,,13,1,136,139,1432,153565,2570289,16.74,113.4176536,-1.602484653,4.67,157.96,0.00,7.00,4.43%,30.54%,0.39,0.00
5/31/2020,ID-KB,Kalimantan Barat,5,0,5,0,186,2,51,133,Province,,Kalimantan Barat,Indonesia,Asia,Kalimantan,UTC+07:00,,12,2,174,99,2031,147307,5422814,36.81,111.1211776,-0.086474572,0.92,34.30,0.00,0.37,1.08%,27.42%,,1.00
5/31/2020,ID-SS,Sumatera Selatan,19,0,12,7,979,33,214,732,Province,,Sumatera Selatan,Indonesia,Asia,Sumatera,UTC+07:00,,13,4,241,387,2853,91592,8217551,89.72,104.1694647,-3.216211808,2.31,119.14,0.00,4.02,3.37%,21.86%,1.73,0.00
6/1/2020,ID-GO,Gorontalo,0,0,0,0,94,6,26,62,Province,,Gorontalo,Indonesia,Asia,Sulawesi,UTC+08:00,,5,1,77,72,657,11257,1180651,104.88,122.3760581,0.687002604,0.00,79.62,0.00,5.08,6.38%,27.66%,0.00,0.00
6/1/2020,ID-JK,DKI Jakarta,156,1,197,-42,6935,498,2232,4205,Province,,DKI Jakarta,Indonesia,Asia,Jawa,UTC+07:00,Daerah Khusus Ibu Kota,1,5,44,267,,664,10846145,16334.31,106.8361183,-6.204698991,14.38,639.40,0.09,45.91,7.18%,32.18%,1.33,1.00
6/1/2020,ID-JI,Jawa Timur,72,16,45,11,4855,411,642,3802,Province,,Jawa Timur,Indonesia,Asia,Jawa,UTC+07:00,,29,9,666,777,7724,47803,40479023,846.78,112.7329414,-7.723345579,1.78,119.94,0.40,10.15,8.47%,13.22%,0.31,0.67
6/1/2020,ID-SN,Sulawesi Selatan,45,1,29,15,1577,74,624,879,Province,,Sulawesi Selatan,Indonesia,Asia,Sulawesi,UTC+08:00,,21,3,311,792,2255,46717,9426885,201.78,120.1620559,-3.731080714,4.77,167.29,0.11,7.85,4.69%,39.57%,1.41,0.50
6/1/2020,IDN,Indonesia,467,28,329,110,26940,1641,7637,17662,Country,,,Indonesia,Asia,,,,416,98,7230,8488,74953,1916907,265185520,138.34,113.921327,-0.789275,1.76,101.59,0.11,6.19,6.09%,28.35%,0.67,0.70
6/1/2020,ID-KB,Kalimantan Barat,7,0,3,4,193,2,54,137,Province,,Kalimantan Barat,Indonesia,Asia,Kalimantan,UTC+07:00,,12,2,174,99,2031,147307,5422814,36.81,111.1211776,-0.086474572,1.29,35.59,0.00,0.37,1.04%,27.98%,1.40,1.00
6/1/2020,ID-SS,Sumatera Selatan,12,0,9,3,991,33,223,735,Province,,Sumatera Selatan,Indonesia,Asia,Sumatera,UTC+07:00,,13,4,241,387,2853,91592,8217551,89.72,104.1694647,-3.216211808,1.46,120.60,0.00,4.02,3.33%,22.50%,0.63,1.00
6/1/2020,ID-JT,Jawa Tengah,14,0,9,5,1406,60,355,991,Province,,Jawa Tengah,Indonesia,Asia,Jawa,UTC+07:00,,29,6,576,753,7809,32801,36364072,1108.64,110.2011149,-7.259097177,0.38,38.66,0.00,1.65,4.27%,25.25%,0.38,1.00
6/1/2020,ID-AC,Aceh,0,0,0,0,20,1,17,2,Province,,Aceh,Indonesia,Asia,Sumatera,UTC+07:00,Daerah Khusus,18,5,289,,6497,57956,5247257,90.54,96.91052174,4.225614628,0.00,3.81,0.00,0.19,5.00%,85.00%,1.00,1.00
6/1/2020,ID-PB,Papua Barat,0,0,0,0,168,1,55,112,Province,,Papua Barat,Indonesia,Asia,Papua,UTC+09:00,Daerah Khusus,12,1,218,95,1742,102955,1140701,11.08,132.9762624,-2.045160182,0.00,147.28,0.00,0.88,0.60%,32.74%,0.00,1.00
6/1/2020,ID-ST,Sulawesi Tengah,0,0,0,0,128,4,61,63,Province,,Sulawesi Tengah,Indonesia,Asia,Sulawesi,UTC+08:00,,12,1,175,175,1842,61841,2955567,47.79,121.2010927,-1.00413668,0.00,43.31,0.00,1.35,3.13%,47.66%,0.00,1.00
6/1/2020,ID-SB,Sumatera Barat,0,0,2,-2,567,25,267,275,Province,,Sumatera Barat,Indonesia,Asia,Sumatera,UTC+07:00,,12,7,179,230,928,42013,5519245,131.37,100.4650624,-0.850253225,0.00,102.73,0.00,4.53,4.41%,47.09%,0.00,1.00
6/1/2020,ID-BT,Banten,7,0,8,-1,812,68,252,492,Province,,Banten,Indonesia,Asia,Jawa,UTC+07:00,,4,4,155,313,1238,9663,10722374,1109.64,106.1090043,-6.456736388,0.65,75.73,0.00,6.34,8.37%,31.03%,2.33,1.00
6/1/2020,ID-MU,Maluku Utara,7,3,2,2,160,14,29,117,Province,,Maluku Utara,Indonesia,Asia,Maluku,UTC+09:00,,8,2,116,118,1063,31983,1307803,40.89,127.5391072,0.212036949,5.35,122.34,2.29,10.70,8.75%,18.13%,1.00,0.75
6/1/2020,ID-BA,Bali,17,1,5,11,473,3,327,143,Province,,Bali,Indonesia,Asia,Nusa Tenggara,UTC+08:00,,8,1,57,80,636,5780,4216171,729.43,115.1317136,-8.369471688,4.03,112.19,0.24,0.71,0.63%,69.13%,1.70,
6/1/2020,ID-KI,Kalimantan Timur,2,0,2,0,294,3,172,119,Province,,Kalimantan Timur,Indonesia,Asia,Kalimantan,UTC+08:00,,7,3,103,197,841,129067,3552191,27.52,116.4684405,0.45385803,0.56,82.77,0.00,0.84,1.02%,58.50%,0.50,1.00
6/1/2020,ID-SA,Sulawesi Utara,0,0,1,-1,337,37,51,249,Province,,Sulawesi Utara,Indonesia,Asia,Sulawesi,UTC+08:00,,11,4,171,332,1507,13892,2641884,190.17,124.5212396,1.259638212,0.00,127.56,0.00,14.01,10.98%,15.13%,0.00,0.00
6/1/2020,ID-JA,Jambi,0,0,5,-5,96,0,20,76,Province,,Jambi,Indonesia,Asia,Sumatera,UTC+07:00,,9,2,141,163,1399,50058,3493357,69.79,102.7236404,-1.69769766,0.00,27.48,0.00,0.00,0.00%,20.83%,1.00,1.00
6/1/2020,ID-MA,Maluku,0,0,0,0,223,8,35,180,Province,,Maluku,Indonesia,Asia,Maluku,UTC+09:00,,9,2,118,35,1198,46914,1847097,39.37,129.576792,-3.192572,0.00,120.73,0.00,4.33,3.59%,15.70%,0.00,1.00
6/1/2020,ID-KS,Kalimantan Selatan,29,1,0,28,947,87,99,761,Province,,Kalimantan Selatan,Indonesia,Asia,Kalimantan,UTC+08:00,,11,2,153,144,1864,38744,4023049,103.84,115.4385783,-2.993594979,7.21,235.39,0.25,21.63,9.19%,10.45%,1.12,0.17
6/1/2020,ID-SR,Sulawesi Barat,0,0,0,0,92,2,41,49,Province,,Sulawesi Barat,Indonesia,Asia,Sulawesi,UTC+08:00,,6,,69,73,575,16787,1559984,92.93,119.3450194,-2.461746053,0.00,58.97,0.00,1.28,2.17%,44.57%,0.00,1.00
6/1/2020,ID-BB,Kepulauan Bangka Belitung,0,0,0,0,46,1,28,17,Province,,Kepulauan Bangka Belitung,Indonesia,Asia,Sumatera,UTC+07:00,,6,1,47,82,309,16424,1379767,84.01,106.5499324,-2.447444127,0.00,33.34,0.00,0.72,2.17%,60.87%,0.00,1.00
6/1/2020,ID-SU,Sumatera Utara,8,0,3,5,410,40,149,221,Province,,Sumatera Utara,Indonesia,Asia,Sumatera,UTC+07:00,,25,8,450,693,5417,72981,14874889,203.82,99.05196442,2.191894453,0.54,27.56,0.00,2.69,9.76%,36.34%,2.67,1.00
6/1/2020,ID-KT,Kalimantan Tengah,9,0,0,9,415,18,124,273,Province,,Kalimantan Tengah,Indonesia,Asia,Kalimantan,UTC+07:00,,13,1,136,139,1432,153565,2570289,16.74,113.4176536,-1.602484653,3.50,161.46,0.00,7.00,4.34%,29.88%,0.75,1.00
6/1/2020,ID-RI,Riau,0,0,1,-1,116,6,89,21,Province,,Riau,Indonesia,Asia,Sumatera,UTC+07:00,,10,2,169,268,1591,87024,6074100,69.80,101.8051092,0.511647851,0.00,19.10,0.00,0.99,5.17%,76.72%,1.00,1.00
6/1/2020,ID-BE,Bengkulu,0,0,3,-3,91,2,25,64,Province,,Bengkulu,Indonesia,Asia,Sumatera,UTC+07:00,,9,1,129,172,1341,19919,1999539,100.38,102.3384213,-3.533583627,0.00,45.51,0.00,1.00,2.20%,27.47%,0.00,1.00
6/1/2020,ID-KU,Kalimantan Utara,0,0,8,-8,165,2,80,83,Province,,Kalimantan Utara,Indonesia,Asia,Kalimantan,UTC+08:00,,4,1,53,35,447,75468,648407,8.59,116.2188791,2.891012621,0.00,254.47,0.00,3.08,1.21%,48.48%,1.00,1.00
6/1/2020,ID-NT,Nusa Tenggara Timur,5,0,0,5,97,1,14,82,Province,,Nusa Tenggara Timur,Indonesia,Asia,Nusa Tenggara,UTC+08:00,,21,1,309,327,3026,48718,5411321,111.07,121.592271,-8.682205,0.92,17.93,0.00,0.18,1.03%,14.43%,5.00,1.00
6/1/2020,ID-YO,Daerah Istimewa Yogyakarta,1,0,0,1,222,8,169,45,Province,,Daerah Istimewa Yogyakarta,Indonesia,Asia,Jawa,UTC+07:00,Daerah Istimewa,4,1,78,46,392,3133,3631015,1158.90,110.4448783,-7.89450185,0.28,61.14,0.00,2.20,3.60%,76.13%,0.33,1.00
6/1/2020,ID-NB,Nusa Tenggara Barat,16,0,1,15,650,10,292,348,Province,,Nusa Tenggara Barat,Indonesia,Asia,Nusa Tenggara,UTC+08:00,,8,2,117,145,995,18572,5270247,283.77,117.5086257,-8.606998866,3.04,123.33,0.00,1.90,1.54%,44.92%,0.38,1.00
6/1/2020,ID-PA,Papua,42,0,0,42,712,6,68,638,Province,,Papua,Indonesia,Asia,Papua,UTC+09:00,Daerah Khusus,28,1,560,110,5411,319036,4340348,13.60,138.69603,-4.66620953,9.68,164.04,0.00,1.38,0.84%,9.55%,2.47,1.00
6/1/2020,ID-JB,Jawa Barat,42,0,0,42,2250,139,616,1495,Province,,Jawa Barat,Indonesia,Asia,Jawa,UTC+07:00,,18,9,627,645,5312,35378,45161325,1276.55,107.6037083,-6.920432083,0.93,49.82,0.00,3.08,6.18%,27.38%,1.14,1.00
6/1/2020,ID-SG,Sulawesi Tenggara,0,0,0,0,241,4,122,115,Province,,Sulawesi Tenggara,Indonesia,Asia,Sulawesi,UTC+08:00,,15,2,219,377,1911,38068,2635461,69.23,122.070311,-4.124688793,0.00,91.45,0.00,1.52,1.66%,50.62%,0.00,1.00
6/1/2020,ID-LA,Lampung,2,0,5,-3,134,11,67,56,Province,,Lampung,Indonesia,Asia,Sumatera,UTC+07:00,,13,2,228,205,2435,34624,9095591,262.70,105.0214366,-4.916792975,0.22,14.73,0.00,1.21,8.21%,50.00%,2.00,1.00
6/1/2020,ID-KR,Kepulauan Riau,0,0,0,0,191,14,100,77,Province,,Kepulauan Riau,Indonesia,Asia,Sumatera,UTC+07:00,,5,2,75,142,275,8202,1929400,235.24,108.261746,3.916346,0.00,98.99,0.00,7.26,7.33%,52.36%,1.00,1.00
6/2/2020,ID-GO,Gorontalo,14,0,3,11,108,6,29,73,Province,,Gorontalo,Indonesia,Asia,Sulawesi,UTC+08:00,,5,1,77,72,657,11257,1180651,104.88,122.3760581,0.687002604,11.86,91.47,0.00,5.08,5.56%,26.85%,,1.00
6/2/2020,ID-JI,Jawa Timur,222,6,45,171,5077,417,687,3973,Province,,Jawa Timur,Indonesia,Asia,Jawa,UTC+07:00,,29,9,666,777,7724,47803,40479023,846.78,112.7329414,-7.723345579,5.48,125.42,0.15,10.30,8.21%,13.53%,3.08,0.38
6/2/2020,ID-KB,Kalimantan Barat,0,0,0,0,193,2,54,137,Province,,Kalimantan Barat,Indonesia,Asia,Kalimantan,UTC+07:00,,12,2,174,99,2031,147307,5422814,36.81,111.1211776,-0.086474572,0.00,35.59,0.00,0.37,1.04%,27.98%,0.00,1.00
6/2/2020,ID-PB,Papua Barat,4,0,0,4,172,1,55,116,Province,,Papua Barat,Indonesia,Asia,Papua,UTC+09:00,Daerah Khusus,12,1,218,95,1742,102955,1140701,11.08,132.9762624,-2.045160182,3.51,150.78,0.00,0.88,0.58%,31.98%,,1.00
6/2/2020,ID-JA,Jambi,0,0,0,0,96,0,20,76,Province,,Jambi,Indonesia,Asia,Sumatera,UTC+07:00,,9,2,141,163,1399,50058,3493357,69.79,102.7236404,-1.69769766,0.00,27.48,0.00,0.00,0.00%,20.83%,1.00,1.00
6/2/2020,ID-LA,Lampung,1,0,6,-5,135,11,73,51,Province,,Lampung,Indonesia,Asia,Sumatera,UTC+07:00,,13,2,228,205,2435,34624,9095591,262.70,105.0214366,-4.916792975,0.11,14.84,0.00,1.21,8.15%,54.07%,0.50,1.00
6/2/2020,ID-KR,Kepulauan Riau,12,0,0,12,203,14,100,89,Province,,Kepulauan Riau,Indonesia,Asia,Sumatera,UTC+07:00,,5,2,75,142,275,8202,1929400,235.24,108.261746,3.916346,6.22,105.21,0.00,7.26,6.90%,49.26%,,1.00
6/2/2020,ID-JK,DKI Jakarta,60,0,127,-67,6995,498,2359,4138,Province,,DKI Jakarta,Indonesia,Asia,Jawa,UTC+07:00,Daerah Khusus Ibu Kota,1,5,44,267,,664,10846145,16334.31,106.8361183,-6.204698991,5.53,644.93,0.00,45.91,7.12%,33.72%,0.38,0.00
6/2/2020,ID-SN,Sulawesi Selatan,43,0,0,43,1620,74,624,922,Province,,Sulawesi Selatan,Indonesia,Asia,Sulawesi,UTC+08:00,,21,3,311,792,2255,46717,9426885,201.78,120.1620559,-3.731080714,4.56,171.85,0.00,7.85,4.57%,38.52%,0.96,0.00
6/2/2020,IDN,Indonesia,609,22,298,289,27549,1663,7935,17951,Country,,,Indonesia,Asia,,,,416,98,7230,8488,74953,1916907,265185520,138.34,113.921327,-0.789275,2.30,103.89,0.08,6.27,6.04%,28.80%,1.30,0.79
6/2/2020,ID-SS,Sumatera Selatan,26,0,2,24,1017,33,225,759,Province,,Sumatera Selatan,Indonesia,Asia,Sumatera,UTC+07:00,,13,4,241,387,2853,91592,8217551,89.72,104.1694647,-3.216211808,3.16,123.76,0.00,4.02,3.24%,22.12%,2.17,1.00
6/2/2020,ID-AC,Aceh,0,0,0,0,20,1,17,2,Province,,Aceh,Indonesia,Asia,Sumatera,UTC+07:00,Daerah Khusus,18,5,289,,6497,57956,5247257,90.54,96.91052174,4.225614628,0.00,3.81,0.00,0.19,5.00%,85.00%,1.00,1.00
6/2/2020,ID-JT,Jawa Tengah,15,0,1,14,1421,60,356,1005,Province,,Jawa Tengah,Indonesia,Asia,Jawa,UTC+07:00,,29,6,576,753,7809,32801,36364072,1108.64,110.2011149,-7.259097177,0.41,39.08,0.00,1.65,4.22%,25.05%,1.07,1.00
6/2/2020,ID-ST,Sulawesi Tengah,0,0,0,0,128,4,61,63,Province,,Sulawesi Tengah,Indonesia,Asia,Sulawesi,UTC+08:00,,12,1,175,175,1842,61841,2955567,47.79,121.2010927,-1.00413668,0.00,43.31,0.00,1.35,3.13%,47.66%,1.00,1.00
6/2/2020,ID-BT,Banten,14,0,21,-7,826,68,273,485,Province,,Banten,Indonesia,Asia,Jawa,UTC+07:00,,4,4,155,313,1238,9663,10722374,1109.64,106.1090043,-6.456736388,1.31,77.04,0.00,6.34,8.23%,33.05%,2.00,1.00
6/2/2020,ID-SA,Sulawesi Utara,15,0,0,15,352,37,51,264,Province,,Sulawesi Utara,Indonesia,Asia,Sulawesi,UTC+08:00,,11,4,171,332,1507,13892,2641884,190.17,124.5212396,1.259638212,5.68,133.24,0.00,14.01,10.51%,14.49%,,1.00
6/2/2020,ID-SB,Sumatera Barat,7,0,5,2,574,25,272,277,Province,,Sumatera Barat,Indonesia,Asia,Sumatera,UTC+07:00,,12,7,179,230,928,42013,5519245,131.37,100.4650624,-0.850253225,1.27,104.00,0.00,4.53,4.36%,47.39%,,1.00
6/2/2020,ID-MU,Maluku Utara,14,1,0,13,174,15,29,130,Province,,Maluku Utara,Indonesia,Asia,Maluku,UTC+09:00,,8,2,116,118,1063,31983,1307803,40.89,127.5391072,0.212036949,10.70,133.05,0.76,11.47,8.62%,16.67%,2.00,0.33
6/2/2020,ID-KI,Kalimantan Timur,1,0,1,0,295,3,173,119,Province,,Kalimantan Timur,Indonesia,Asia,Kalimantan,UTC+08:00,,7,3,103,197,841,129067,3552191,27.52,116.4684405,0.45385803,0.28,83.05,0.00,0.84,1.02%,58.64%,0.50,1.00
6/2/2020,ID-BA,Bali,5,0,0,5,478,3,327,148,Province,,Bali,Indonesia,Asia,Nusa Tenggara,UTC+08:00,,8,1,57,80,636,5780,4216171,729.43,115.1317136,-8.369471688,1.19,113.37,0.00,0.71,0.63%,68.41%,0.29,0.00
6/2/2020,ID-MA,Maluku,0,0,19,-19,223,8,54,161,Province,,Maluku,Indonesia,Asia,Maluku,UTC+09:00,,9,2,118,35,1198,46914,1847097,39.37,129.576792,-3.192572,0.00,120.73,0.00,4.33,3.59%,24.22%,1.00,1.00
6/2/2020,ID-SR,Sulawesi Barat,0,0,8,-8,92,2,49,41,Province,,Sulawesi Barat,Indonesia,Asia,Sulawesi,UTC+08:00,,6,,69,73,575,16787,1559984,92.93,119.3450194,-2.461746053,0.00,58.97,0.00,1.28,2.17%,53.26%,1.00,1.00
6/2/2020,ID-RI,Riau,0,0,3,-3,116,6,92,18,Province,,Riau,Indonesia,Asia,Sumatera,UTC+07:00,,10,2,169,268,1591,87024,6074100,69.80,101.8051092,0.511647851,0.00,19.10,0.00,0.99,5.17%,79.31%,1.00,1.00
6/2/2020,ID-SG,Sulawesi Tenggara,0,0,3,-3,241,4,125,112,Province,,Sulawesi Tenggara,Indonesia,Asia,Sulawesi,UTC+08:00,,15,2,219,377,1911,38068,2635461,69.23,122.070311,-4.124688793,0.00,91.45,0.00,1.52,1.66%,51.87%,1.00,1.00
6/2/2020,ID-KS,Kalimantan Selatan,21,3,2,16,968,90,101,777,Province,,Kalimantan Selatan,Indonesia,Asia,Kalimantan,UTC+08:00,,11,2,153,144,1864,38744,4023049,103.84,115.4385783,-2.993594979,5.22,240.61,0.75,22.37,9.30%,10.43%,0.72,3.00
6/2/2020,ID-BB,Kepulauan Bangka Belitung,4,0,1,3,50,1,29,20,Province,,Kepulauan Bangka Belitung,Indonesia,Asia,Sumatera,UTC+07:00,,6,1,47,82,309,16424,1379767,84.01,106.5499324,-2.447444127,2.90,36.24,0.00,0.72,2.00%,58.00%,,1.00
6/2/2020,ID-KT,Kalimantan Tengah,9,1,18,-10,424,19,142,263,Province,,Kalimantan Tengah,Indonesia,Asia,Kalimantan,UTC+07:00,,13,1,136,139,1432,153565,2570289,16.74,113.4176536,-1.602484653,3.50,164.96,0.39,7.39,4.48%,33.49%,1.00,
6/2/2020,ID-SU,Sumatera Utara,1,0,2,-1,411,40,151,220,Province,,Sumatera Utara,Indonesia,Asia,Sumatera,UTC+07:00,,25,8,450,693,5417,72981,14874889,203.82,99.05196442,2.191894453,0.07,27.63,0.00,2.69,9.73%,36.74%,0.13,1.00
6/2/2020,ID-BE,Bengkulu,1,0,0,1,92,2,25,65,Province,,Bengkulu,Indonesia,Asia,Sumatera,UTC+07:00,,9,1,129,172,1341,19919,1999539,100.38,102.3384213,-3.533583627,0.50,46.01,0.00,1.00,2.17%,27.17%,,1.00
6/2/2020,ID-NT,Nusa Tenggara Timur,0,0,0,0,97,1,14,82,Province,,Nusa Tenggara Timur,Indonesia,Asia,Nusa Tenggara,UTC+08:00,,21,1,309,327,3026,48718,5411321,111.07,121.592271,-8.682205,0.00,17.93,0.00,0.18,1.03%,14.43%,0.00,1.00
6/2/2020,ID-JB,Jawa Barat,18,7,29,-18,2268,146,645,1477,Province,,Jawa Barat,Indonesia,Asia,Jawa,UTC+07:00,,18,9,627,645,5312,35378,45161325,1276.55,107.6037083,-6.920432083,0.40,50.22,0.15,3.23,6.44%,28.44%,0.43,
6/2/2020,ID-KU,Kalimantan Utara,0,0,1,-1,165,2,81,82,Province,,Kalimantan Utara,Indonesia,Asia,Kalimantan,UTC+08:00,,4,1,53,35,447,75468,648407,8.59,116.2188791,2.891012621,0.00,254.47,0.00,3.08,1.21%,49.09%,1.00,1.00
6/2/2020,ID-YO,Daerah Istimewa Yogyakarta,0,0,2,-2,222,8,171,43,Province,,Daerah Istimewa Yogyakarta,Indonesia,Asia,Jawa,UTC+07:00,Daerah Istimewa,4,1,78,46,392,3133,3631015,1158.90,110.4448783,-7.89450185,0.00,61.14,0.00,2.20,3.60%,77.03%,0.00,1.00
6/2/2020,ID-PA,Papua,99,1,10,88,811,7,78,726,Province,,Papua,Indonesia,Asia,Papua,UTC+09:00,Daerah Khusus,28,1,560,110,5411,319036,4340348,13.60,138.69603,-4.66620953,22.81,186.85,0.23,1.61,0.86%,9.62%,2.36,
6/2/2020,ID-NB,Nusa Tenggara Barat,18,2,0,16,668,12,292,364,Province,,Nusa Tenggara Barat,Indonesia,Asia,Nusa Tenggara,UTC+08:00,,8,2,117,145,995,18572,5270247,283.77,117.5086257,-8.606998866,3.42,126.75,0.38,2.28,1.80%,43.71%,1.13,
6/3/2020,ID-GO,Gorontalo,10,0,0,10,118,6,29,83,Province,,Gorontalo,Indonesia,Asia,Sulawesi,UTC+08:00,,5,1,77,72,657,11257,1180651,104.88,122.3760581,0.687002604,8.47,99.94,0.00,5.08,5.08%,24.58%,0.71,1.00
6/3/2020,ID-KB,Kalimantan Barat,6,0,24,-18,199,2,78,119,Province,,Kalimantan Barat,Indonesia,Asia,Kalimantan,UTC+07:00,,12,2,174,99,2031,147307,5422814,36.81,111.1211776,-0.086474572,1.11,36.70,0.00,0.37,1.01%,39.20%,,1.00
6/3/2020,ID-LA,Lampung,0,0,3,-3,135,11,76,48,Province,,Lampung,Indonesia,Asia,Sumatera,UTC+07:00,,13,2,228,205,2435,34624,9095591,262.70,105.0214366,-4.916792975,0.00,14.84,0.00,1.21,8.15%,56.30%,0.00,1.00
6/3/2020,IDN,Indonesia,684,35,471,178,28233,1698,8406,18129,Country,,,Indonesia,Asia,,,,416,98,7230,8488,74953,1916907,265185520,138.34,113.921327,-0.789275,2.58,106.47,0.13,6.40,6.01%,29.77%,1.12,1.59
6/3/2020,ID-MU,Maluku Utara,2,1,1,0,176,16,30,130,Province,,Maluku Utara,Indonesia,Asia,Maluku,UTC+09:00,,8,2,116,118,1063,31983,1307803,40.89,127.5391072,0.212036949,1.53,134.58,0.76,12.23,9.09%,17.05%,0.14,1.00
6/3/2020,ID-PA,Papua,46,0,0,46,857,7,78,772,Province,,Papua,Indonesia,Asia,Papua,UTC+09:00,Daerah Khusus,28,1,560,110,5411,319036,4340348,13.60,138.69603,-4.66620953,10.60,197.45,0.00,1.61,0.82%,9.10%,0.46,0.00
6/3/2020,ID-NB,Nusa Tenggara Barat,15,1,5,9,683,13,297,373,Province,,Nusa Tenggara Barat,Indonesia,Asia,Nusa Tenggara,UTC+08:00,,8,2,117,145,995,18572,5270247,283.77,117.5086257,-8.606998866,2.85,129.60,0.19,2.47,1.90%,43.48%,0.83,0.50
6/3/2020,ID-JI,Jawa Timur,182,11,100,71,5259,428,787,4044,Province,,Jawa Timur,Indonesia,Asia,Jawa,UTC+07:00,,29,9,666,777,7724,47803,40479023,846.78,112.7329414,-7.723345579,4.50,129.92,0.27,10.57,8.14%,14.96%,0.82,1.83
6/3/2020,ID-PB,Papua Barat,0,0,0,0,172,1,55,116,Province,,Papua Barat,Indonesia,Asia,Papua,UTC+09:00,Daerah Khusus,12,1,218,95,1742,102955,1140701,11.08,132.9762624,-2.045160182,0.00,150.78,0.00,0.88,0.58%,31.98%,0.00,1.00
6/3/2020,ID-JA,Jambi,0,0,7,-7,96,0,27,69,Province,,Jambi,Indonesia,Asia,Sumatera,UTC+07:00,,9,2,141,163,1399,50058,3493357,69.79,102.7236404,-1.69769766,0.00,27.48,0.00,0.00,0.00%,28.13%,1.00,1.00
6/3/2020,ID-KR,Kepulauan Riau,0,0,1,-1,203,14,101,88,Province,,Kepulauan Riau,Indonesia,Asia,Sumatera,UTC+07:00,,5,2,75,142,275,8202,1929400,235.24,108.261746,3.916346,0.00,105.21,0.00,7.26,6.90%,49.75%,0.00,1.00
6/3/2020,ID-SN,Sulawesi Selatan,39,0,11,28,1659,74,635,950,Province,,Sulawesi Selatan,Indonesia,Asia,Sulawesi,UTC+08:00,,21,3,311,792,2255,46717,9426885,201.78,120.1620559,-3.731080714,4.14,175.99,0.00,7.85,4.46%,38.28%,0.91,1.00
6/3/2020,ID-JK,DKI Jakarta,92,5,186,-99,7087,503,2545,4039,Province,,DKI Jakarta,Indonesia,Asia,Jawa,UTC+07:00,Daerah Khusus Ibu Kota,1,5,44,267,,664,10846145,16334.31,106.8361183,-6.204698991,8.48,653.41,0.46,46.38,7.10%,35.91%,1.53,
6/3/2020,ID-SS,Sumatera Selatan,10,0,21,-11,1027,33,246,748,Province,,Sumatera Selatan,Indonesia,Asia,Sumatera,UTC+07:00,,13,4,241,387,2853,91592,8217551,89.72,104.1694647,-3.216211808,1.22,124.98,0.00,4.02,3.21%,23.95%,0.38,1.00
6/3/2020,ID-JT,Jawa Tengah,23,1,0,22,1444,61,356,1027,Province,,Jawa Tengah,Indonesia,Asia,Jawa,UTC+07:00,,29,6,576,753,7809,32801,36364072,1108.64,110.2011149,-7.259097177,0.63,39.71,0.03,1.68,4.22%,24.65%,1.53,
6/3/2020,ID-SB,Sumatera Barat,9,0,5,4,583,25,277,281,Province,,Sumatera Barat,Indonesia,Asia,Sumatera,UTC+07:00,,12,7,179,230,928,42013,5519245,131.37,100.4650624,-0.850253225,1.63,105.63,0.00,4.53,4.29%,47.51%,1.29,1.00
6/3/2020,ID-AC,Aceh,0,0,0,0,20,1,17,2,Province,,Aceh,Indonesia,Asia,Sumatera,UTC+07:00,Daerah Khusus,18,5,289,,6497,57956,5247257,90.54,96.91052174,4.225614628,0.00,3.81,0.00,0.19,5.00%,85.00%,1.00,1.00
6/3/2020,ID-ST,Sulawesi Tengah,1,0,3,-2,129,4,64,61,Province,,Sulawesi Tengah,Indonesia,Asia,Sulawesi,UTC+08:00,,12,1,175,175,1842,61841,2955567,47.79,121.2010927,-1.00413668,0.34,43.65,0.00,1.35,3.10%,49.61%,,1.00
6/3/2020,ID-SA,Sulawesi Utara,23,3,4,16,375,40,55,280,Province,,Sulawesi Utara,Indonesia,Asia,Sulawesi,UTC+08:00,,11,4,171,332,1507,13892,2641884,190.17,124.5212396,1.259638212,8.71,141.94,1.14,15.14,10.67%,14.67%,1.53,
6/3/2020,ID-BT,Banten,71,0,0,71,897,68,273,556,Province,,Banten,Indonesia,Asia,Jawa,UTC+07:00,,4,4,155,313,1238,9663,10722374,1109.64,106.1090043,-6.456736388,6.62,83.66,0.00,6.34,7.58%,30.43%,5.07,1.00
6/3/2020,ID-KI,Kalimantan Timur,12,0,2,10,307,3,175,129,Province,,Kalimantan Timur,Indonesia,Asia,Kalimantan,UTC+08:00,,7,3,103,197,841,129067,3552191,27.52,116.4684405,0.45385803,3.38,86.43,0.00,0.84,0.98%,57.00%,12.00,1.00
6/3/2020,ID-MA,Maluku,15,0,0,15,238,8,54,176,Province,,Maluku,Indonesia,Asia,Maluku,UTC+09:00,,9,2,118,35,1198,46914,1847097,39.37,129.576792,-3.192572,8.12,128.85,0.00,4.33,3.36%,22.69%,,1.00
6/3/2020,ID-KS,Kalimantan Selatan,64,3,0,61,1032,93,101,838,Province,,Kalimantan Selatan,Indonesia,Asia,Kalimantan,UTC+08:00,,11,2,153,144,1864,38744,4023049,103.84,115.4385783,-2.993594979,15.91,256.52,0.75,23.12,9.01%,9.79%,3.05,1.00
6/3/2020,ID-YO,Daerah Istimewa Yogyakarta,0,0,2,-2,222,8,173,41,Province,,Daerah Istimewa Yogyakarta,Indonesia,Asia,Jawa,UTC+07:00,Daerah Istimewa,4,1,78,46,392,3133,3631015,1158.90,110.4448783,-7.89450185,0.00,61.14,0.00,2.20,3.60%,77.93%,1.00,1.00
6/3/2020,ID-BA,Bali,3,0,15,-12,481,3,342,136,Province,,Bali,Indonesia,Asia,Nusa Tenggara,UTC+08:00,,8,1,57,80,636,5780,4216171,729.43,115.1317136,-8.369471688,0.71,114.08,0.00,0.71,0.62%,71.10%,0.60,1.00
6/3/2020,ID-SR,Sulawesi Barat,0,0,0,0,92,2,49,41,Province,,Sulawesi Barat,Indonesia,Asia,Sulawesi,UTC+08:00,,6,,69,73,575,16787,1559984,92.93,119.3450194,-2.461746053,0.00,58.97,0.00,1.28,2.17%,53.26%,1.00,1.00
6/3/2020,ID-SG,Sulawesi Tenggara,7,0,7,0,248,4,132,112,Province,,Sulawesi Tenggara,Indonesia,Asia,Sulawesi,UTC+08:00,,15,2,219,377,1911,38068,2635461,69.23,122.070311,-4.124688793,2.66,94.10,0.00,1.52,1.61%,53.23%,,1.00
6/3/2020,ID-RI,Riau,0,0,4,-4,116,6,96,14,Province,,Riau,Indonesia,Asia,Sumatera,UTC+07:00,,10,2,169,268,1591,87024,6074100,69.80,101.8051092,0.511647851,0.00,19.10,0.00,0.99,5.17%,82.76%,1.00,1.00
6/3/2020,ID-BB,Kepulauan Bangka Belitung,12,0,0,12,62,1,29,32,Province,,Kepulauan Bangka Belitung,Indonesia,Asia,Sumatera,UTC+07:00,,6,1,47,82,309,16424,1379767,84.01,106.5499324,-2.447444127,8.70,44.94,0.00,0.72,1.61%,46.77%,3.00,1.00
6/3/2020,ID-SU,Sumatera Utara,26,2,9,15,437,42,160,235,Province,,Sumatera Utara,Indonesia,Asia,Sumatera,UTC+07:00,,25,8,450,693,5417,72981,14874889,203.82,99.05196442,2.191894453,1.75,29.38,0.13,2.82,9.61%,36.61%,26.00,
6/3/2020,ID-KU,Kalimantan Utara,0,0,1,-1,165,2,82,81,Province,,Kalimantan Utara,Indonesia,Asia,Kalimantan,UTC+08:00,,4,1,53,35,447,75468,648407,8.59,116.2188791,2.891012621,0.00,254.47,0.00,3.08,1.21%,49.70%,1.00,1.00
6/3/2020,ID-KT,Kalimantan Tengah,28,4,9,15,452,23,151,278,Province,,Kalimantan Tengah,Indonesia,Asia,Kalimantan,UTC+07:00,,13,1,136,139,1432,153565,2570289,16.74,113.4176536,-1.602484653,10.89,175.86,1.56,8.95,5.09%,33.41%,3.11,4.00
6/3/2020,ID-BE,Bengkulu,0,0,0,0,92,2,25,65,Province,,Bengkulu,Indonesia,Asia,Sumatera,UTC+07:00,,9,1,129,172,1341,19919,1999539,100.38,102.3384213,-3.533583627,0.00,46.01,0.00,1.00,2.17%,27.17%,0.00,1.00
6/3/2020,ID-JB,Jawa Barat,5,3,52,-50,2273,149,697,1427,Province,,Jawa Barat,Indonesia,Asia,Jawa,UTC+07:00,,18,9,627,645,5312,35378,45161325,1276.55,107.6037083,-6.920432083,0.11,50.33,0.07,3.30,6.56%,30.66%,0.28,0.43
6/3/2020,ID-NT,Nusa Tenggara Timur,0,0,0,0,97,1,14,82,Province,,Nusa Tenggara Timur,Indonesia,Asia,Nusa Tenggara,UTC+08:00,,21,1,309,327,3026,48718,5411321,111.07,121.592271,-8.682205,0.00,17.93,0.00,0.18,1.03%,14.43%,1.00,1.00
6/4/2020,ID-GO,Gorontalo,3,0,0,3,121,6,29,86,Province,,Gorontalo,Indonesia,Asia,Sulawesi,UTC+08:00,,5,1,77,72,657,11257,1180651,104.88,122.3760581,0.687002604,2.54,102.49,0.00,5.08,4.96%,23.97%,0.30,1.00
6/4/2020,ID-LA,Lampung,4,0,3,1,139,11,79,49,Province,,Lampung,Indonesia,Asia,Sumatera,UTC+07:00,,13,2,228,205,2435,34624,9095591,262.70,105.0214366,-4.916792975,0.44,15.28,0.00,1.21,7.91%,56.83%,,1.00
6/4/2020,ID-PA,Papua,17,0,0,17,874,7,78,789,Province,,Papua,Indonesia,Asia,Papua,UTC+09:00,Daerah Khusus,28,1,560,110,5411,319036,4340348,13.60,138.69603,-4.66620953,3.92,201.37,0.00,1.61,0.80%,8.92%,0.37,1.00
6/4/2020,ID-JA,Jambi,2,0,0,2,98,0,27,71,Province,,Jambi,Indonesia,Asia,Sumatera,UTC+07:00,,9,2,141,163,1399,50058,3493357,69.79,102.7236404,-1.69769766,0.57,28.05,0.00,0.00,0.00%,27.55%,,1.00
6/4/2020,ID-ST,Sulawesi Tengah,0,0,6,-6,129,4,70,55,Province,,Sulawesi Tengah,Indonesia,Asia,Sulawesi,UTC+08:00,,12,1,175,175,1842,61841,2955567,47.79,121.2010927,-1.00413668,0.00,43.65,0.00,1.35,3.10%,54.26%,0.00,1.00
6/4/2020,ID-JB,Jawa Barat,9,1,18,-10,2282,150,715,1417,Province,,Jawa Barat,Indonesia,Asia,Jawa,UTC+07:00,,18,9,627,645,5312,35378,45161325,1276.55,107.6037083,-6.920432083,0.20,50.53,0.02,3.32,6.57%,31.33%,1.80,0.33
6/4/2020,ID-NT,Nusa Tenggara Timur,0,0,0,0,97,1,14,82,Province,,Nusa Tenggara Timur,Indonesia,Asia,Nusa Tenggara,UTC+08:00,,21,1,309,327,3026,48718,5411321,111.07,121.592271,-8.682205,0.00,17.93,0.00,0.18,1.03%,14.43%,1.00,1.00
6/4/2020,ID-KB,Kalimantan Barat,0,0,15,-15,199,2,93,104,Province,,Kalimantan Barat,Indonesia,Asia,Kalimantan,UTC+07:00,,12,2,174,99,2031,147307,5422814,36.81,111.1211776,-0.086474572,0.00,36.70,0.00,0.37,1.01%,46.73%,0.00,1.00
6/4/2020,IDN,Indonesia,585,23,486,76,28818,1721,8892,18205,Country,,,Indonesia,Asia,,,,416,98,7230,8488,74953,1916907,265185520,138.34,113.921327,-0.789275,2.21,108.67,0.09,6.49,5.97%,30.86%,0.86,0.66
6/4/2020,ID-MU,Maluku Utara,1,2,0,-1,177,18,30,129,Province,,Maluku Utara,Indonesia,Asia,Maluku,UTC+09:00,,8,2,116,118,1063,31983,1307803,40.89,127.5391072,0.212036949,0.76,135.34,1.53,13.76,10.17%,16.95%,0.50,2.00
6/4/2020,ID-NB,Nusa Tenggara Barat,20,4,2,14,703,17,299,387,Province,,Nusa Tenggara Barat,Indonesia,Asia,Nusa Tenggara,UTC+08:00,,8,2,117,145,995,18572,5270247,283.77,117.5086257,-8.606998866,3.79,133.39,0.76,3.23,2.42%,42.53%,1.33,4.00
6/4/2020,ID-PB,Papua Barat,1,0,2,-1,173,1,57,115,Province,,Papua Barat,Indonesia,Asia,Papua,UTC+09:00,Daerah Khusus,12,1,218,95,1742,102955,1140701,11.08,132.9762624,-2.045160182,0.88,151.66,0.00,0.88,0.58%,32.95%,,1.00
6/4/2020,ID-JI,Jawa Timur,100,8,290,-198,5359,436,1077,3846,Province,,Jawa Timur,Indonesia,Asia,Jawa,UTC+07:00,,29,9,666,777,7724,47803,40479023,846.78,112.7329414,-7.723345579,2.47,132.39,0.20,10.77,8.14%,20.10%,0.55,0.73
6/4/2020,ID-KR,Kepulauan Riau,11,0,0,11,214,14,101,99,Province,,Kepulauan Riau,Indonesia,Asia,Sumatera,UTC+07:00,,5,2,75,142,275,8202,1929400,235.24,108.261746,3.916346,5.70,110.92,0.00,7.26,6.54%,47.20%,,1.00
6/4/2020,ID-JK,DKI Jakarta,110,0,23,87,7197,503,2568,4126,Province,,DKI Jakarta,Indonesia,Asia,Jawa,UTC+07:00,Daerah Khusus Ibu Kota,1,5,44,267,,664,10846145,16334.31,106.8361183,-6.204698991,10.14,663.55,0.00,46.38,6.99%,35.68%,1.20,0.00
6/4/2020,ID-AC,Aceh,0,0,1,-1,20,1,18,1,Province,,Aceh,Indonesia,Asia,Sumatera,UTC+07:00,Daerah Khusus,18,5,289,,6497,57956,5247257,90.54,96.91052174,4.225614628,0.00,3.81,0.00,0.19,5.00%,90.00%,1.00,1.00
6/4/2020,ID-SN,Sulawesi Selatan,54,4,3,47,1713,78,638,997,Province,,Sulawesi Selatan,Indonesia,Asia,Sulawesi,UTC+08:00,,21,3,311,792,2255,46717,9426885,201.78,120.1620559,-3.731080714,5.73,181.71,0.42,8.27,4.55%,37.24%,1.38,
6/4/2020,ID-SS,Sumatera Selatan,27,0,1,26,1054,33,247,774,Province,,Sumatera Selatan,Indonesia,Asia,Sumatera,UTC+07:00,,13,4,241,387,2853,91592,8217551,89.72,104.1694647,-3.216211808,3.29,128.26,0.00,4.02,3.13%,23.43%,2.70,1.00
6/4/2020,ID-SB,Sumatera Barat,11,0,35,-24,594,25,312,257,Province,,Sumatera Barat,Indonesia,Asia,Sumatera,UTC+07:00,,12,7,179,230,928,42013,5519245,131.37,100.4650624,-0.850253225,1.99,107.62,0.00,4.53,4.21%,52.53%,1.22,1.00
6/4/2020,ID-JT,Jawa Tengah,24,0,1,23,1468,61,357,1050,Province,,Jawa Tengah,Indonesia,Asia,Jawa,UTC+07:00,,29,6,576,753,7809,32801,36364072,1108.64,110.2011149,-7.259097177,0.66,40.37,0.00,1.68,4.16%,24.32%,1.04,0.00
6/4/2020,ID-SA,Sulawesi Utara,5,0,6,-1,380,40,61,279,Province,,Sulawesi Utara,Indonesia,Asia,Sulawesi,UTC+08:00,,11,4,171,332,1507,13892,2641884,190.17,124.5212396,1.259638212,1.89,143.84,0.00,15.14,10.53%,16.05%,0.22,0.00
6/4/2020,ID-KI,Kalimantan Timur,6,0,7,-1,313,3,182,128,Province,,Kalimantan Timur,Indonesia,Asia,Kalimantan,UTC+08:00,,7,3,103,197,841,129067,3552191,27.52,116.4684405,0.45385803,1.69,88.11,0.00,0.84,0.96%,58.15%,0.50,1.00
6/4/2020,ID-BA,Bali,20,0,15,5,501,3,357,141,Province,,Bali,Indonesia,Asia,Nusa Tenggara,UTC+08:00,,8,1,57,80,636,5780,4216171,729.43,115.1317136,-8.369471688,4.74,118.83,0.00,0.71,0.60%,71.26%,6.67,1.00
6/4/2020,ID-BE,Bengkulu,0,0,0,0,92,2,25,65,Province,,Bengkulu,Indonesia,Asia,Sumatera,UTC+07:00,,9,1,129,172,1341,19919,1999539,100.38,102.3384213,-3.533583627,0.00,46.01,0.00,1.00,2.17%,27.17%,1.00,1.00
6/4/2020,ID-BT,Banten,10,0,6,4,907,68,279,560,Province,,Banten,Indonesia,Asia,Jawa,UTC+07:00,,4,4,155,313,1238,9663,10722374,1109.64,106.1090043,-6.456736388,0.93,84.59,0.00,6.34,7.50%,30.76%,0.14,1.00
6/4/2020,ID-MA,Maluku,0,0,0,0,238,8,54,176,Province,,Maluku,Indonesia,Asia,Maluku,UTC+09:00,,9,2,118,35,1198,46914,1847097,39.37,129.576792,-3.192572,0.00,128.85,0.00,4.33,3.36%,22.69%,0.00,1.00
6/4/2020,ID-YO,Daerah Istimewa Yogyakarta,0,0,4,-4,222,8,177,37,Province,,Daerah Istimewa Yogyakarta,Indonesia,Asia,Jawa,UTC+07:00,Daerah Istimewa,4,1,78,46,392,3133,3631015,1158.90,110.4448783,-7.89450185,0.00,61.14,0.00,2.20,3.60%,79.73%,1.00,1.00
6/4/2020,ID-KS,Kalimantan Selatan,109,0,0,109,1141,93,101,947,Province,,Kalimantan Selatan,Indonesia,Asia,Kalimantan,UTC+08:00,,11,2,153,144,1864,38744,4023049,103.84,115.4385783,-2.993594979,27.09,283.62,0.00,23.12,8.15%,8.85%,1.70,0.00
6/4/2020,ID-SR,Sulawesi Barat,0,0,0,0,92,2,49,41,Province,,Sulawesi Barat,Indonesia,Asia,Sulawesi,UTC+08:00,,6,,69,73,575,16787,1559984,92.93,119.3450194,-2.461746053,0.00,58.97,0.00,1.28,2.17%,53.26%,1.00,1.00
6/4/2020,ID-RI,Riau,0,0,3,-3,116,6,99,11,Province,,Riau,Indonesia,Asia,Sumatera,UTC+07:00,,10,2,169,268,1591,87024,6074100,69.80,101.8051092,0.511647851,0.00,19.10,0.00,0.99,5.17%,85.34%,1.00,1.00
6/4/2020,ID-KT,Kalimantan Tengah,13,0,0,13,465,23,151,291,Province,,Kalimantan Tengah,Indonesia,Asia,Kalimantan,UTC+07:00,,13,1,136,139,1432,153565,2570289,16.74,113.4176536,-1.602484653,5.06,180.91,0.00,8.95,4.95%,32.47%,0.46,0.00
6/4/2020,ID-SG,Sulawesi Tenggara,1,0,0,1,249,4,132,113,Province,,Sulawesi Tenggara,Indonesia,Asia,Sulawesi,UTC+08:00,,15,2,219,377,1911,38068,2635461,69.23,122.070311,-4.124688793,0.38,94.48,0.00,1.52,1.61%,53.01%,0.14,1.00
6/4/2020,ID-BB,Kepulauan Bangka Belitung,10,0,0,10,72,1,29,42,Province,,Kepulauan Bangka Belitung,Indonesia,Asia,Sumatera,UTC+07:00,,6,1,47,82,309,16424,1379767,84.01,106.5499324,-2.447444127,7.25,52.18,0.00,0.72,1.39%,40.28%,0.83,1.00
6/4/2020,ID-KU,Kalimantan Utara,0,0,8,-8,165,2,90,73,Province,,Kalimantan Utara,Indonesia,Asia,Kalimantan,UTC+08:00,,4,1,53,35,447,75468,648407,8.59,116.2188791,2.891012621,0.00,254.47,0.00,3.08,1.21%,54.55%,1.00,1.00
6/4/2020,ID-SU,Sumatera Utara,44,1,7,36,481,43,167,271,Province,,Sumatera Utara,Indonesia,Asia,Sumatera,UTC+07:00,,25,8,450,693,5417,72981,14874889,203.82,99.05196442,2.191894453,2.96,32.34,0.07,2.89,8.94%,34.72%,1.69,0.50
6/5/2020,ID-GO,Gorontalo,0,0,3,-3,121,6,32,83,Province,,Gorontalo,Indonesia,Asia,Sulawesi,UTC+08:00,,5,1,77,72,657,11257,1180651,104.88,122.3760581,0.687002604,0.00,102.49,0.00,5.08,4.96%,26.45%,0.00,1.00
6/5/2020,ID-PA,Papua,43,0,0,43,917,7,78,832,Province,,Papua,Indonesia,Asia,Papua,UTC+09:00,Daerah Khusus,28,1,560,110,5411,319036,4340348,13.60,138.69603,-4.66620953,9.91,211.27,0.00,1.61,0.76%,8.51%,2.53,1.00
6/5/2020,ID-JB,Jawa Barat,12,3,45,-36,2294,153,760,1381,Province,,Jawa Barat,Indonesia,Asia,Jawa,UTC+07:00,,18,9,627,645,5312,35378,45161325,1276.55,107.6037083,-6.920432083,0.27,50.80,0.07,3.39,6.67%,33.13%,1.33,3.00
6/5/2020,ID-MU,Maluku Utara,1,1,0,0,178,19,30,129,Province,,Maluku Utara,Indonesia,Asia,Maluku,UTC+09:00,,8,2,116,118,1063,31983,1307803,40.89,127.5391072,0.212036949,0.76,136.11,0.76,14.53,10.67%,16.85%,1.00,0.50
6/5/2020,ID-SS,Sumatera Selatan,18,3,17,-2,1072,36,264,772,Province,,Sumatera Selatan,Indonesia,Asia,Sumatera,UTC+07:00,,13,4,241,387,2853,91592,8217551,89.72,104.1694647,-3.216211808,2.19,130.45,0.37,4.38,3.36%,24.63%,0.67,
6/5/2020,ID-KU,Kalimantan Utara,2,0,5,-3,167,2,95,70,Province,,Kalimantan Utara,Indonesia,Asia,Kalimantan,UTC+08:00,,4,1,53,35,447,75468,648407,8.59,116.2188791,2.891012621,3.08,257.55,0.00,3.08,1.20%,56.89%,,1.00
6/5/2020,ID-SU,Sumatera Utara,49,3,5,41,530,46,172,312,Province,,Sumatera Utara,Indonesia,Asia,Sumatera,UTC+07:00,,25,8,450,693,5417,72981,14874889,203.82,99.05196442,2.191894453,3.29,35.63,0.20,3.09,8.68%,32.45%,1.11,3.00
6/5/2020,ID-LA,Lampung,1,0,6,-5,140,11,85,44,Province,,Lampung,Indonesia,Asia,Sumatera,UTC+07:00,,13,2,228,205,2435,34624,9095591,262.70,105.0214366,-4.916792975,0.11,15.39,0.00,1.21,7.86%,60.71%,0.25,1.00
6/5/2020,ID-JA,Jambi,2,0,0,2,100,0,27,73,Province,,Jambi,Indonesia,Asia,Sumatera,UTC+07:00,,9,2,141,163,1399,50058,3493357,69.79,102.7236404,-1.69769766,0.57,28.63,0.00,0.00,0.00%,27.00%,1.00,1.00
6/5/2020,ID-ST,Sulawesi Tengah,7,0,8,-1,136,4,78,54,Province,,Sulawesi Tengah,Indonesia,Asia,Sulawesi,UTC+08:00,,12,1,175,175,1842,61841,2955567,47.79,121.2010927,-1.00413668,2.37,46.01,0.00,1.35,2.94%,57.35%,,1.00
6/5/2020,ID-NT,Nusa Tenggara Timur,0,0,0,0,97,1,14,82,Province,,Nusa Tenggara Timur,Indonesia,Asia,Nusa Tenggara,UTC+08:00,,21,1,309,327,3026,48718,5411321,111.07,121.592271,-8.682205,0.00,17.93,0.00,0.18,1.03%,14.43%,1.00,1.00
6/5/2020,IDN,Indonesia,703,49,551,103,29521,1770,9443,18308,Country,,,Indonesia,Asia,,,,416,98,7230,8488,74953,1916907,265185520,138.34,113.921327,-0.789275,2.65,111.32,0.18,6.67,6.00%,31.99%,1.20,2.13
6/5/2020,ID-KB,Kalimantan Barat,3,0,15,-12,202,2,108,92,Province,,Kalimantan Barat,Indonesia,Asia,Kalimantan,UTC+07:00,,12,2,174,99,2031,147307,5422814,36.81,111.1211776,-0.086474572,0.55,37.25,0.00,0.37,0.99%,53.47%,,1.00
6/5/2020,ID-NB,Nusa Tenggara Barat,52,3,0,49,755,20,299,436,Province,,Nusa Tenggara Barat,Indonesia,Asia,Nusa Tenggara,UTC+08:00,,8,2,117,145,995,18572,5270247,283.77,117.5086257,-8.606998866,9.87,143.26,0.57,3.79,2.65%,39.60%,2.60,0.75
6/5/2020,ID-JI,Jawa Timur,141,9,118,14,5500,445,1195,3860,Province,,Jawa Timur,Indonesia,Asia,Jawa,UTC+07:00,,29,9,666,777,7724,47803,40479023,846.78,112.7329414,-7.723345579,3.48,135.87,0.22,10.99,8.09%,21.73%,1.41,1.13
6/5/2020,ID-SN,Sulawesi Selatan,54,14,34,6,1767,92,672,1003,Province,,Sulawesi Selatan,Indonesia,Asia,Sulawesi,UTC+08:00,,21,3,311,792,2255,46717,9426885,201.78,120.1620559,-3.731080714,5.73,187.44,1.49,9.76,5.21%,38.03%,1.00,3.50
6/5/2020,ID-PB,Papua Barat,2,0,17,-15,175,1,74,100,Province,,Papua Barat,Indonesia,Asia,Papua,UTC+09:00,Daerah Khusus,12,1,218,95,1742,102955,1140701,11.08,132.9762624,-2.045160182,1.75,153.41,0.00,0.88,0.57%,42.29%,2.00,1.00
6/5/2020,ID-KR,Kepulauan Riau,4,0,0,4,218,14,101,103,Province,,Kepulauan Riau,Indonesia,Asia,Sumatera,UTC+07:00,,5,2,75,142,275,8202,1929400,235.24,108.261746,3.916346,2.07,112.99,0.00,7.26,6.42%,46.33%,0.36,1.00
6/5/2020,ID-AC,Aceh,0,0,0,0,20,1,18,1,Province,,Aceh,Indonesia,Asia,Sumatera,UTC+07:00,Daerah Khusus,18,5,289,,6497,57956,5247257,90.54,96.91052174,4.225614628,0.00,3.81,0.00,0.19,5.00%,90.00%,1.00,1.00
6/5/2020,ID-JK,DKI Jakarta,76,1,144,-69,7273,504,2712,4057,Province,,DKI Jakarta,Indonesia,Asia,Jawa,UTC+07:00,Daerah Khusus Ibu Kota,1,5,44,267,,664,10846145,16334.31,106.8361183,-6.204698991,7.01,670.56,0.09,46.47,6.93%,37.29%,0.69,
6/5/2020,ID-SB,Sumatera Barat,13,2,21,-10,607,27,333,247,Province,,Sumatera Barat,Indonesia,Asia,Sumatera,UTC+07:00,,12,7,179,230,928,42013,5519245,131.37,100.4650624,-0.850253225,2.36,109.98,0.36,4.89,4.45%,54.86%,1.18,
6/5/2020,ID-SA,Sulawesi Utara,9,0,0,9,389,40,61,288,Province,,Sulawesi Utara,Indonesia,Asia,Sulawesi,UTC+08:00,,11,4,171,332,1507,13892,2641884,190.17,124.5212396,1.259638212,3.41,147.24,0.00,15.14,10.28%,15.68%,1.80,1.00
6/5/2020,ID-BT,Banten,24,1,45,-22,931,69,324,538,Province,,Banten,Indonesia,Asia,Jawa,UTC+07:00,,4,4,155,313,1238,9663,10722374,1109.64,106.1090043,-6.456736388,2.24,86.83,0.09,6.44,7.41%,34.80%,2.40,
6/5/2020,ID-BB,Kepulauan Bangka Belitung,9,0,5,4,81,1,34,46,Province,,Kepulauan Bangka Belitung,Indonesia,Asia,Sumatera,UTC+07:00,,6,1,47,82,309,16424,1379767,84.01,106.5499324,-2.447444127,6.52,58.71,0.00,0.72,1.23%,41.98%,0.90,1.00
6/5/2020,ID-JT,Jawa Tengah,58,5,35,18,1526,66,392,1068,Province,,Jawa Tengah,Indonesia,Asia,Jawa,UTC+07:00,,29,6,576,753,7809,32801,36364072,1108.64,110.2011149,-7.259097177,1.59,41.96,0.14,1.81,4.33%,25.69%,2.42,
6/5/2020,ID-KI,Kalimantan Timur,1,0,0,1,314,3,182,129,Province,,Kalimantan Timur,Indonesia,Asia,Kalimantan,UTC+08:00,,7,3,103,197,841,129067,3552191,27.52,116.4684405,0.45385803,0.28,88.40,0.00,0.84,0.96%,57.96%,0.17,1.00
6/5/2020,ID-BE,Bengkulu,0,1,0,-1,92,3,25,64,Province,,Bengkulu,Indonesia,Asia,Sumatera,UTC+07:00,,9,1,129,172,1341,19919,1999539,100.38,102.3384213,-3.533583627,0.00,46.01,0.50,1.50,3.26%,27.17%,1.00,
6/5/2020,ID-BA,Bali,14,0,15,-1,515,3,372,140,Province,,Bali,Indonesia,Asia,Nusa Tenggara,UTC+08:00,,8,1,57,80,636,5780,4216171,729.43,115.1317136,-8.369471688,3.32,122.15,0.00,0.71,0.58%,72.23%,0.70,1.00
6/5/2020,ID-MA,Maluku,16,0,9,7,254,8,63,183,Province,,Maluku,Indonesia,Asia,Maluku,UTC+09:00,,9,2,118,35,1198,46914,1847097,39.37,129.576792,-3.192572,8.66,137.51,0.00,4.33,3.15%,24.80%,,1.00
6/5/2020,ID-KS,Kalimantan Selatan,71,0,3,68,1212,93,104,1015,Province,,Kalimantan Selatan,Indonesia,Asia,Kalimantan,UTC+08:00,,11,2,153,144,1864,38744,4023049,103.84,115.4385783,-2.993594979,17.65,301.26,0.00,23.12,7.67%,8.58%,0.65,1.00
6/5/2020,ID-SG,Sulawesi Tenggara,5,1,9,-5,254,5,141,108,Province,,Sulawesi Tenggara,Indonesia,Asia,Sulawesi,UTC+08:00,,15,2,219,377,1911,38068,2635461,69.23,122.070311,-4.124688793,1.90,96.38,0.38,1.90,1.97%,55.51%,5.00,
6/5/2020,ID-YO,Daerah Istimewa Yogyakarta,1,0,0,1,223,8,177,38,Province,,Daerah Istimewa Yogyakarta,Indonesia,Asia,Jawa,UTC+07:00,Daerah Istimewa,4,1,78,46,392,3133,3631015,1158.90,110.4448783,-7.89450185,0.28,61.42,0.00,2.20,3.59%,79.37%,,1.00
6/5/2020,ID-SR,Sulawesi Barat,0,0,1,-1,92,2,50,40,Province,,Sulawesi Barat,Indonesia,Asia,Sulawesi,UTC+08:00,,6,,69,73,575,16787,1559984,92.93,119.3450194,-2.461746053,0.00,58.97,0.00,1.28,2.17%,54.35%,1.00,1.00
6/5/2020,ID-KT,Kalimantan Tengah,15,2,0,13,480,25,151,304,Province,,Kalimantan Tengah,Indonesia,Asia,Kalimantan,UTC+07:00,,13,1,136,139,1432,153565,2570289,16.74,113.4176536,-1.602484653,5.84,186.75,0.78,9.73,5.21%,31.46%,1.15,
6/5/2020,ID-RI,Riau,0,0,1,-1,116,6,100,10,Province,,Riau,Indonesia,Asia,Sumatera,UTC+07:00,,10,2,169,268,1591,87024,6074100,69.80,101.8051092,0.511647851,0.00,19.10,0.00,0.99,5.17%,86.21%,1.00,1.00
6/6/2020,ID-GO,Gorontalo,5,0,12,-7,126,6,44,76,Province,,Gorontalo,Indonesia,Asia,Sulawesi,UTC+08:00,,5,1,77,72,657,11257,1180651,104.88,122.3760581,0.687002604,4.23,106.72,0.00,5.08,4.76%,34.92%,,1.00
6/6/2020,ID-JB,Jawa Barat,10,0,15,-5,2304,153,775,1376,Province,,Jawa Barat,Indonesia,Asia,Jawa,UTC+07:00,,18,9,627,645,5312,35378,45161325,1276.55,107.6037083,-6.920432083,0.22,51.02,0.00,3.39,6.64%,33.64%,0.83,0.00
6/6/2020,ID-KU,Kalimantan Utara,1,0,12,-11,168,2,107,59,Province,,Kalimantan Utara,Indonesia,Asia,Kalimantan,UTC+08:00,,4,1,53,35,447,75468,648407,8.59,116.2188791,2.891012621,1.54,259.10,0.00,3.08,1.19%,63.69%,0.50,1.00
6/6/2020,ID-ST,Sulawesi Tengah,3,0,8,-5,139,4,86,49,Province,,Sulawesi Tengah,Indonesia,Asia,Sulawesi,UTC+08:00,,12,1,175,175,1842,61841,2955567,47.79,121.2010927,-1.00413668,1.02,47.03,0.00,1.35,2.88%,61.87%,0.43,1.00
6/6/2020,ID-KR,Kepulauan Riau,4,0,12,-8,222,14,113,95,Province,,Kepulauan Riau,Indonesia,Asia,Sumatera,UTC+07:00,,5,2,75,142,275,8202,1929400,235.24,108.261746,3.916346,2.07,115.06,0.00,7.26,6.31%,50.90%,1.00,1.00
6/6/2020,ID-KT,Kalimantan Tengah,12,0,0,12,492,25,151,316,Province,,Kalimantan Tengah,Indonesia,Asia,Kalimantan,UTC+07:00,,13,1,136,139,1432,153565,2570289,16.74,113.4176536,-1.602484653,4.67,191.42,0.00,9.73,5.08%,30.69%,0.80,0.00
6/6/2020,ID-RI,Riau,1,0,1,0,117,6,101,10,Province,,Riau,Indonesia,Asia,Sumatera,UTC+07:00,,10,2,169,268,1591,87024,6074100,69.80,101.8051092,0.511647851,0.16,19.26,0.00,0.99,5.13%,86.32%,,1.00
6/6/2020,ID-PA,Papua,87,0,0,87,1004,7,78,919,Province,,Papua,Indonesia,Asia,Papua,UTC+09:00,Daerah Khusus,28,1,560,110,5411,319036,4340348,13.60,138.69603,-4.66620953,20.04,231.32,0.00,1.61,0.70%,7.77%,2.02,1.00
6/6/2020,ID-MU,Maluku Utara,7,0,3,4,185,19,33,133,Province,,Maluku Utara,Indonesia,Asia,Maluku,UTC+09:00,,8,2,116,118,1063,31983,1307803,40.89,127.5391072,0.212036949,5.35,141.46,0.00,14.53,10.27%,17.84%,7.00,0.00
6/6/2020,ID-SS,Sumatera Selatan,30,4,32,-6,1102,40,296,766,Province,,Sumatera Selatan,Indonesia,Asia,Sumatera,UTC+07:00,,13,4,241,387,2853,91592,8217551,89.72,104.1694647,-3.216211808,3.65,134.10,0.49,4.87,3.63%,26.86%,1.67,1.33
6/6/2020,ID-SU,Sumatera Utara,79,3,0,76,609,49,172,388,Province,,Sumatera Utara,Indonesia,Asia,Sumatera,UTC+07:00,,25,8,450,693,5417,72981,14874889,203.82,99.05196442,2.191894453,5.31,40.94,0.20,3.29,8.05%,28.24%,1.61,1.00
6/6/2020,ID-JA,Jambi,2,0,0,2,102,0,27,75,Province,,Jambi,Indonesia,Asia,Sumatera,UTC+07:00,,9,2,141,163,1399,50058,3493357,69.79,102.7236404,-1.69769766,0.57,29.20,0.00,0.00,0.00%,26.47%,1.00,1.00
6/6/2020,ID-LA,Lampung,2,0,6,-4,142,11,91,40,Province,,Lampung,Indonesia,Asia,Sumatera,UTC+07:00,,13,2,228,205,2435,34624,9095591,262.70,105.0214366,-4.916792975,0.22,15.61,0.00,1.21,7.75%,64.08%,2.00,1.00
6/6/2020,ID-NT,Nusa Tenggara Timur,0,0,0,0,97,1,14,82,Province,,Nusa Tenggara Timur,Indonesia,Asia,Nusa Tenggara,UTC+08:00,,21,1,309,327,3026,48718,5411321,111.07,121.592271,-8.682205,0.00,17.93,0.00,0.18,1.03%,14.43%,1.00,1.00
6/6/2020,ID-KB,Kalimantan Barat,5,0,5,0,207,2,113,92,Province,,Kalimantan Barat,Indonesia,Asia,Kalimantan,UTC+07:00,,12,2,174,99,2031,147307,5422814,36.81,111.1211776,-0.086474572,0.92,38.17,0.00,0.37,0.97%,54.59%,1.67,1.00
6/6/2020,ID-PB,Papua Barat,3,0,0,3,178,1,74,103,Province,,Papua Barat,Indonesia,Asia,Papua,UTC+09:00,Daerah Khusus,12,1,218,95,1742,102955,1140701,11.08,132.9762624,-2.045160182,2.63,156.04,0.00,0.88,0.56%,41.57%,1.50,1.00
6/6/2020,IDN,Indonesia,993,31,464,498,30514,1801,9907,18806,Country,,,Indonesia,Asia,,,,416,98,7230,8488,74953,1916907,265185520,138.34,113.921327,-0.789275,3.74,115.07,0.12,6.79,5.90%,32.47%,1.41,0.63
6/6/2020,ID-NB,Nusa Tenggara Barat,41,1,12,28,796,21,311,464,Province,,Nusa Tenggara Barat,Indonesia,Asia,Nusa Tenggara,UTC+08:00,,8,2,117,145,995,18572,5270247,283.77,117.5086257,-8.606998866,7.78,151.04,0.19,3.98,2.64%,39.07%,0.79,0.33
6/6/2020,ID-SN,Sulawesi Selatan,64,1,0,63,1831,93,672,1066,Province,,Sulawesi Selatan,Indonesia,Asia,Sulawesi,UTC+08:00,,21,3,311,792,2255,46717,9426885,201.78,120.1620559,-3.731080714,6.79,194.23,0.11,9.87,5.08%,36.70%,1.19,0.07
6/6/2020,ID-JI,Jawa Timur,286,17,154,115,5786,462,1349,3975,Province,,Jawa Timur,Indonesia,Asia,Jawa,UTC+07:00,,29,9,666,777,7724,47803,40479023,846.78,112.7329414,-7.723345579,7.07,142.94,0.42,11.41,7.98%,23.31%,2.03,1.89
6/6/2020,ID-AC,Aceh,0,0,0,0,20,1,18,1,Province,,Aceh,Indonesia,Asia,Sumatera,UTC+07:00,Daerah Khusus,18,5,289,,6497,57956,5247257,90.54,96.91052174,4.225614628,0.00,3.81,0.00,0.19,5.00%,90.00%,1.00,1.00
6/6/2020,ID-SB,Sumatera Barat,0,0,8,-8,607,27,341,239,Province,,Sumatera Barat,Indonesia,Asia,Sumatera,UTC+07:00,,12,7,179,230,928,42013,5519245,131.37,100.4650624,-0.850253225,0.00,109.98,0.00,4.89,4.45%,56.18%,0.00,0.00
6/6/2020,ID-JT,Jawa Tengah,27,0,2,25,1553,66,394,1093,Province,,Jawa Tengah,Indonesia,Asia,Jawa,UTC+07:00,,29,6,576,753,7809,32801,36364072,1108.64,110.2011149,-7.259097177,0.74,42.71,0.00,1.81,4.25%,25.37%,0.47,0.00
6/6/2020,ID-SR,Sulawesi Barat,0,0,8,-8,92,2,58,32,Province,,Sulawesi Barat,Indonesia,Asia,Sulawesi,UTC+08:00,,6,,69,73,575,16787,1559984,92.93,119.3450194,-2.461746053,0.00,58.97,0.00,1.28,2.17%,63.04%,1.00,1.00
6/6/2020,ID-JK,DKI Jakarta,104,0,85,19,7377,504,2797,4076,Province,,DKI Jakarta,Indonesia,Asia,Jawa,UTC+07:00,Daerah Khusus Ibu Kota,1,5,44,267,,664,10846145,16334.31,106.8361183,-6.204698991,9.59,680.15,0.00,46.47,6.83%,37.92%,1.37,0.00
6/6/2020,ID-SA,Sulawesi Utara,79,3,0,76,468,43,61,364,Province,,Sulawesi Utara,Indonesia,Asia,Sulawesi,UTC+08:00,,11,4,171,332,1507,13892,2641884,190.17,124.5212396,1.259638212,29.90,177.15,1.14,16.28,9.19%,13.03%,8.78,
6/6/2020,ID-BB,Kepulauan Bangka Belitung,17,0,0,17,98,1,34,63,Province,,Kepulauan Bangka Belitung,Indonesia,Asia,Sumatera,UTC+07:00,,6,1,47,82,309,16424,1379767,84.01,106.5499324,-2.447444127,12.32,71.03,0.00,0.72,1.02%,34.69%,1.89,1.00
6/6/2020,ID-BT,Banten,36,1,41,-6,967,70,365,532,Province,,Banten,Indonesia,Asia,Jawa,UTC+07:00,,4,4,155,313,1238,9663,10722374,1109.64,106.1090043,-6.456736388,3.36,90.19,0.09,6.53,7.24%,37.75%,1.50,1.00
6/6/2020,ID-KI,Kalimantan Timur,10,0,22,-12,324,3,204,117,Province,,Kalimantan Timur,Indonesia,Asia,Kalimantan,UTC+08:00,,7,3,103,197,841,129067,3552191,27.52,116.4684405,0.45385803,2.82,91.21,0.00,0.84,0.93%,62.96%,10.00,1.00
6/6/2020,ID-BA,Bali,33,0,2,31,548,3,374,171,Province,,Bali,Indonesia,Asia,Nusa Tenggara,UTC+08:00,,8,1,57,80,636,5780,4216171,729.43,115.1317136,-8.369471688,7.83,129.98,0.00,0.71,0.55%,68.25%,2.36,1.00
6/6/2020,ID-YO,Daerah Istimewa Yogyakarta,4,0,4,0,227,8,181,38,Province,,Daerah Istimewa Yogyakarta,Indonesia,Asia,Jawa,UTC+07:00,Daerah Istimewa,4,1,78,46,392,3133,3631015,1158.90,110.4448783,-7.89450185,1.10,62.52,0.00,2.20,3.52%,79.74%,4.00,1.00
6/6/2020,ID-BE,Bengkulu,0,1,12,-13,92,4,37,51,Province,,Bengkulu,Indonesia,Asia,Sumatera,UTC+07:00,,9,1,129,172,1341,19919,1999539,100.38,102.3384213,-3.533583627,0.00,46.01,0.50,2.00,4.35%,40.22%,1.00,1.00
6/6/2020,ID-MA,Maluku,7,0,3,4,261,8,66,187,Province,,Maluku,Indonesia,Asia,Maluku,UTC+09:00,,9,2,118,35,1198,46914,1847097,39.37,129.576792,-3.192572,3.79,141.30,0.00,4.33,3.07%,25.29%,0.44,1.00
6/6/2020,ID-SG,Sulawesi Tenggara,0,0,3,-3,254,5,144,105,Province,,Sulawesi Tenggara,Indonesia,Asia,Sulawesi,UTC+08:00,,15,2,219,377,1911,38068,2635461,69.23,122.070311,-4.124688793,0.00,96.38,0.00,1.90,1.97%,56.69%,0.00,0.00
6/6/2020,ID-KS,Kalimantan Selatan,34,3,0,31,1246,96,104,1046,Province,,Kalimantan Selatan,Indonesia,Asia,Kalimantan,UTC+08:00,,11,2,153,144,1864,38744,4023049,103.84,115.4385783,-2.993594979,8.45,309.72,0.75,23.86,7.70%,8.35%,0.48,
6/7/2020,ID-GO,Gorontalo,8,0,10,-2,134,6,54,74,Province,,Gorontalo,Indonesia,Asia,Sulawesi,UTC+08:00,,5,1,77,72,657,11257,1180651,104.88,122.3760581,0.687002604,6.78,113.50,0.00,5.08,4.48%,40.30%,1.60,1.00
6/7/2020,ID-KU,Kalimantan Utara,1,0,2,-1,169,2,109,58,Province,,Kalimantan Utara,Indonesia,Asia,Kalimantan,UTC+08:00,,4,1,53,35,447,75468,648407,8.59,116.2188791,2.891012621,1.54,260.64,0.00,3.08,1.18%,64.50%,1.00,1.00
6/7/2020,ID-KT,Kalimantan Tengah,0,0,11,-11,492,25,162,305,Province,,Kalimantan Tengah,Indonesia,Asia,Kalimantan,UTC+07:00,,13,1,136,139,1432,153565,2570289,16.74,113.4176536,-1.602484653,0.00,191.42,0.00,9.73,5.08%,32.93%,0.00,1.00
6/7/2020,ID-SS,Sumatera Selatan,25,0,47,-22,1127,40,343,744,Province,,Sumatera Selatan,Indonesia,Asia,Sumatera,UTC+07:00,,13,4,241,387,2853,91592,8217551,89.72,104.1694647,-3.216211808,3.04,137.15,0.00,4.87,3.55%,30.43%,0.83,0.00
6/7/2020,ID-NB,Nusa Tenggara Barat,10,0,14,-4,806,21,325,460,Province,,Nusa Tenggara Barat,Indonesia,Asia,Nusa Tenggara,UTC+08:00,,8,2,117,145,995,18572,5270247,283.77,117.5086257,-8.606998866,1.90,152.93,0.00,3.98,2.61%,40.32%,0.24,0.00
6/7/2020,ID-SG,Sulawesi Tenggara,2,0,10,-8,256,5,154,97,Province,,Sulawesi Tenggara,Indonesia,Asia,Sulawesi,UTC+08:00,,15,2,219,377,1911,38068,2635461,69.23,122.070311,-4.124688793,0.76,97.14,0.00,1.90,1.95%,60.16%,,1.00
6/7/2020,ID-KS,Kalimantan Selatan,38,1,4,33,1284,97,108,1079,Province,,Kalimantan Selatan,Indonesia,Asia,Kalimantan,UTC+08:00,,11,2,153,144,1864,38744,4023049,103.84,115.4385783,-2.993594979,9.45,319.16,0.25,24.11,7.55%,8.41%,1.12,0.33
6/7/2020,ID-JB,Jawa Barat,28,0,99,-71,2332,153,874,1305,Province,,Jawa Barat,Indonesia,Asia,Jawa,UTC+07:00,,18,9,627,645,5312,35378,45161325,1276.55,107.6037083,-6.920432083,0.62,51.64,0.00,3.39,6.56%,37.48%,2.80,1.00
6/7/2020,ID-ST,Sulawesi Tengah,20,0,7,13,159,4,93,62,Province,,Sulawesi Tengah,Indonesia,Asia,Sulawesi,UTC+08:00,,12,1,175,175,1842,61841,2955567,47.79,121.2010927,-1.00413668,6.77,53.80,0.00,1.35,2.52%,58.49%,6.67,1.00
6/7/2020,ID-KR,Kepulauan Riau,1,0,5,-4,223,14,118,91,Province,,Kepulauan Riau,Indonesia,Asia,Sumatera,UTC+07:00,,5,2,75,142,275,8202,1929400,235.24,108.261746,3.916346,0.52,115.58,0.00,7.26,6.28%,52.91%,0.25,1.00
6/7/2020,ID-RI,Riau,0,0,0,0,117,6,101,10,Province,,Riau,Indonesia,Asia,Sumatera,UTC+07:00,,10,2,169,268,1591,87024,6074100,69.80,101.8051092,0.511647851,0.00,19.26,0.00,0.99,5.13%,86.32%,0.00,1.00
6/7/2020,ID-MU,Maluku Utara,1,0,0,1,186,19,33,134,Province,,Maluku Utara,Indonesia,Asia,Maluku,UTC+09:00,,8,2,116,118,1063,31983,1307803,40.89,127.5391072,0.212036949,0.76,142.22,0.00,14.53,10.22%,17.74%,0.14,1.00
6/7/2020,ID-PA,Papua,59,0,0,59,1063,7,78,978,Province,,Papua,Indonesia,Asia,Papua,UTC+09:00,Daerah Khusus,28,1,560,110,5411,319036,4340348,13.60,138.69603,-4.66620953,13.59,244.91,0.00,1.61,0.66%,7.34%,0.68,1.00
6/7/2020,ID-SU,Sumatera Utara,0,0,0,0,609,49,172,388,Province,,Sumatera Utara,Indonesia,Asia,Sumatera,UTC+07:00,,25,8,450,693,5417,72981,14874889,203.82,99.05196442,2.191894453,0.00,40.94,0.00,3.29,8.05%,28.24%,0.00,0.00
6/7/2020,ID-LA,Lampung,1,0,3,-2,143,11,94,38,Province,,Lampung,Indonesia,Asia,Sumatera,UTC+07:00,,13,2,228,205,2435,34624,9095591,262.70,105.0214366,-4.916792975,0.11,15.72,0.00,1.21,7.69%,65.73%,0.50,1.00
6/7/2020,IDN,Indonesia,672,50,591,31,31186,1851,10498,18837,Country,,,Indonesia,Asia,,,,416,98,7230,8488,74953,1916907,265185520,138.34,113.921327,-0.789275,2.53,117.60,0.19,6.98,5.94%,33.66%,0.68,1.61
6/7/2020,ID-JA,Jambi,0,0,0,0,102,0,27,75,Province,,Jambi,Indonesia,Asia,Sumatera,UTC+07:00,,9,2,141,163,1399,50058,3493357,69.79,102.7236404,-1.69769766,0.00,29.20,0.00,0.00,0.00%,26.47%,0.00,1.00
6/7/2020,ID-NT,Nusa Tenggara Timur,0,0,0,0,97,1,14,82,Province,,Nusa Tenggara Timur,Indonesia,Asia,Nusa Tenggara,UTC+08:00,,21,1,309,327,3026,48718,5411321,111.07,121.592271,-8.682205,0.00,17.93,0.00,0.18,1.03%,14.43%,1.00,1.00
6/7/2020,ID-PB,Papua Barat,1,0,0,1,179,1,74,104,Province,,Papua Barat,Indonesia,Asia,Papua,UTC+09:00,Daerah Khusus,12,1,218,95,1742,102955,1140701,11.08,132.9762624,-2.045160182,0.88,156.92,0.00,0.88,0.56%,41.34%,0.33,1.00
6/7/2020,ID-KB,Kalimantan Barat,0,0,0,0,207,2,113,92,Province,,Kalimantan Barat,Indonesia,Asia,Kalimantan,UTC+07:00,,12,2,174,99,2031,147307,5422814,36.81,111.1211776,-0.086474572,0.00,38.17,0.00,0.37,0.97%,54.59%,0.00,1.00
6/7/2020,ID-SN,Sulawesi Selatan,64,0,0,64,1895,93,672,1130,Province,,Sulawesi Selatan,Indonesia,Asia,Sulawesi,UTC+08:00,,21,3,311,792,2255,46717,9426885,201.78,120.1620559,-3.731080714,6.79,201.02,0.00,9.87,4.91%,35.46%,1.00,0.00
6/7/2020,ID-AC,Aceh,0,0,0,0,20,1,18,1,Province,,Aceh,Indonesia,Asia,Sumatera,UTC+07:00,Daerah Khusus,18,5,289,,6497,57956,5247257,90.54,96.91052174,4.225614628,0.00,3.81,0.00,0.19,5.00%,90.00%,1.00,1.00
6/7/2020,ID-JK,DKI Jakarta,163,5,294,-136,7540,509,3091,3940,Province,,DKI Jakarta,Indonesia,Asia,Jawa,UTC+07:00,Daerah Khusus Ibu Kota,1,5,44,267,,664,10846145,16334.31,106.8361183,-6.204698991,15.03,695.18,0.46,46.93,6.75%,40.99%,1.57,
6/7/2020,ID-MA,Maluku,8,0,0,8,269,8,66,195,Province,,Maluku,Indonesia,Asia,Maluku,UTC+09:00,,9,2,118,35,1198,46914,1847097,39.37,129.576792,-3.192572,4.33,145.63,0.00,4.33,2.97%,24.54%,1.14,1.00
6/7/2020,ID-JI,Jawa Timur,113,20,48,45,5899,482,1397,4020,Province,,Jawa Timur,Indonesia,Asia,Jawa,UTC+07:00,,29,9,666,777,7724,47803,40479023,846.78,112.7329414,-7.723345579,2.79,145.73,0.49,11.91,8.17%,23.68%,0.40,1.18
6/7/2020,ID-SB,Sumatera Barat,8,0,4,4,615,27,345,243,Province,,Sumatera Barat,Indonesia,Asia,Sumatera,UTC+07:00,,12,7,179,230,928,42013,5519245,131.37,100.4650624,-0.850253225,1.45,111.43,0.00,4.89,4.39%,56.10%,,1.00
6/7/2020,ID-SR,Sulawesi Barat,2,0,3,-1,94,2,61,31,Province,,Sulawesi Barat,Indonesia,Asia,Sulawesi,UTC+08:00,,6,,69,73,575,16787,1559984,92.93,119.3450194,-2.461746053,1.28,60.26,0.00,1.28,2.13%,64.89%,,1.00
6/7/2020,ID-JT,Jawa Tengah,51,22,9,20,1604,88,403,1113,Province,,Jawa Tengah,Indonesia,Asia,Jawa,UTC+07:00,,29,6,576,753,7809,32801,36364072,1108.64,110.2011149,-7.259097177,1.40,44.11,0.60,2.42,5.49%,25.12%,1.89,
6/7/2020,ID-SA,Sulawesi Utara,25,2,2,21,493,45,63,385,Province,,Sulawesi Utara,Indonesia,Asia,Sulawesi,UTC+08:00,,11,4,171,332,1507,13892,2641884,190.17,124.5212396,1.259638212,9.46,186.61,0.76,17.03,9.13%,12.78%,0.32,0.67
6/7/2020,ID-BT,Banten,10,0,5,5,977,70,370,537,Province,,Banten,Indonesia,Asia,Jawa,UTC+07:00,,4,4,155,313,1238,9663,10722374,1109.64,106.1090043,-6.456736388,0.93,91.12,0.00,6.53,7.16%,37.87%,0.28,0.00
6/7/2020,ID-BE,Bengkulu,0,0,3,-3,92,4,40,48,Province,,Bengkulu,Indonesia,Asia,Sumatera,UTC+07:00,,9,1,129,172,1341,19919,1999539,100.38,102.3384213,-3.533583627,0.00,46.01,0.00,2.00,4.35%,43.48%,1.00,0.00
6/7/2020,ID-BB,Kepulauan Bangka Belitung,4,0,1,3,102,1,35,66,Province,,Kepulauan Bangka Belitung,Indonesia,Asia,Sumatera,UTC+07:00,,6,1,47,82,309,16424,1379767,84.01,106.5499324,-2.447444127,2.90,73.93,0.00,0.72,0.98%,34.31%,0.24,1.00
6/7/2020,ID-KI,Kalimantan Timur,2,0,4,-2,326,3,208,115,Province,,Kalimantan Timur,Indonesia,Asia,Kalimantan,UTC+08:00,,7,3,103,197,841,129067,3552191,27.52,116.4684405,0.45385803,0.56,91.77,0.00,0.84,0.92%,63.80%,0.20,1.00
6/7/2020,ID-YO,Daerah Istimewa Yogyakarta,2,0,4,-2,229,8,185,36,Province,,Daerah Istimewa Yogyakarta,Indonesia,Asia,Jawa,UTC+07:00,Daerah Istimewa,4,1,78,46,392,3133,3631015,1158.90,110.4448783,-7.89450185,0.55,63.07,0.00,2.20,3.49%,80.79%,0.50,1.00
6/7/2020,ID-BA,Bali,25,0,2,23,573,3,376,194,Province,,Bali,Indonesia,Asia,Nusa Tenggara,UTC+08:00,,8,1,57,80,636,5780,4216171,729.43,115.1317136,-8.369471688,5.93,135.91,0.00,0.71,0.52%,65.62%,0.76,1.00
6/8/2020,ID-GO,Gorontalo,0,0,0,0,134,6,54,74,Province,,Gorontalo,Indonesia,Asia,Sulawesi,UTC+08:00,,5,1,77,72,657,11257,1180651,104.88,122.3760581,0.687002604,0.00,113.50,0.00,5.08,4.48%,40.30%,0.00,1.00
6/8/2020,ID-KT,Kalimantan Tengah,8,2,0,6,500,27,162,311,Province,,Kalimantan Tengah,Indonesia,Asia,Kalimantan,UTC+07:00,,13,1,136,139,1432,153565,2570289,16.74,113.4176536,-1.602484653,3.11,194.53,0.78,10.50,5.40%,32.40%,,
6/8/2020,ID-SG,Sulawesi Tenggara,0,0,1,-1,256,5,155,96,Province,,Sulawesi Tenggara,Indonesia,Asia,Sulawesi,UTC+08:00,,15,2,219,377,1911,38068,2635461,69.23,122.070311,-4.124688793,0.00,97.14,0.00,1.90,1.95%,60.55%,0.00,1.00
6/8/2020,ID-KR,Kepulauan Riau,0,0,0,0,223,14,118,91,Province,,Kepulauan Riau,Indonesia,Asia,Sumatera,UTC+07:00,,5,2,75,142,275,8202,1929400,235.24,108.261746,3.916346,0.00,115.58,0.00,7.26,6.28%,52.91%,0.00,1.00
6/8/2020,ID-NT,Nusa Tenggara Timur,6,0,16,-10,103,1,30,72,Province,,Nusa Tenggara Timur,Indonesia,Asia,Nusa Tenggara,UTC+08:00,,21,1,309,327,3026,48718,5411321,111.07,121.592271,-8.682205,1.11,19.03,0.00,0.18,0.97%,29.13%,,1.00
6/8/2020,ID-YO,Daerah Istimewa Yogyakarta,3,0,3,0,232,8,188,36,Province,,Daerah Istimewa Yogyakarta,Indonesia,Asia,Jawa,UTC+07:00,Daerah Istimewa,4,1,78,46,392,3133,3631015,1158.90,110.4448783,-7.89450185,0.83,63.89,0.00,2.20,3.45%,81.03%,1.50,1.00
6/8/2020,ID-BA,Bali,12,0,4,8,585,3,380,202,Province,,Bali,Indonesia,Asia,Nusa Tenggara,UTC+08:00,,8,1,57,80,636,5780,4216171,729.43,115.1317136,-8.369471688,2.85,138.75,0.00,0.71,0.51%,64.96%,0.48,1.00
6/8/2020,ID-KU,Kalimantan Utara,0,0,20,-20,169,2,129,38,Province,,Kalimantan Utara,Indonesia,Asia,Kalimantan,UTC+08:00,,4,1,53,35,447,75468,648407,8.59,116.2188791,2.891012621,0.00,260.64,0.00,3.08,1.18%,76.33%,0.00,1.00
6/8/2020,ID-SS,Sumatera Selatan,29,0,47,-18,1156,40,390,726,Province,,Sumatera Selatan,Indonesia,Asia,Sumatera,UTC+07:00,,13,4,241,387,2853,91592,8217551,89.72,104.1694647,-3.216211808,3.53,140.67,0.00,4.87,3.46%,33.74%,1.16,1.00
6/8/2020,ID-NB,Nusa Tenggara Barat,14,1,0,13,820,22,325,473,Province,,Nusa Tenggara Barat,Indonesia,Asia,Nusa Tenggara,UTC+08:00,,8,2,117,145,995,18572,5270247,283.77,117.5086257,-8.606998866,2.66,155.59,0.19,4.17,2.68%,39.63%,1.40,
6/8/2020,ID-KS,Kalimantan Selatan,62,3,9,50,1346,100,117,1129,Province,,Kalimantan Selatan,Indonesia,Asia,Kalimantan,UTC+08:00,,11,2,153,144,1864,38744,4023049,103.84,115.4385783,-2.993594979,15.41,334.57,0.75,24.86,7.43%,8.69%,1.63,3.00
6/8/2020,ID-ST,Sulawesi Tengah,0,0,0,0,159,4,93,62,Province,,Sulawesi Tengah,Indonesia,Asia,Sulawesi,UTC+08:00,,12,1,175,175,1842,61841,2955567,47.79,121.2010927,-1.00413668,0.00,53.80,0.00,1.35,2.52%,58.49%,0.00,1.00
6/8/2020,ID-JB,Jawa Barat,20,3,74,-57,2352,156,948,1248,Province,,Jawa Barat,Indonesia,Asia,Jawa,UTC+07:00,,18,9,627,645,5312,35378,45161325,1276.55,107.6037083,-6.920432083,0.44,52.08,0.07,3.45,6.63%,40.31%,0.71,
6/8/2020,ID-RI,Riau,0,0,2,-2,117,6,103,8,Province,,Riau,Indonesia,Asia,Sumatera,UTC+07:00,,10,2,169,268,1591,87024,6074100,69.80,101.8051092,0.511647851,0.00,19.26,0.00,0.99,5.13%,88.03%,1.00,1.00
6/8/2020,ID-PA,Papua,26,0,0,26,1089,7,78,1004,Province,,Papua,Indonesia,Asia,Papua,UTC+09:00,Daerah Khusus,28,1,560,110,5411,319036,4340348,13.60,138.69603,-4.66620953,5.99,250.90,0.00,1.61,0.64%,7.16%,0.44,1.00
6/8/2020,ID-JA,Jambi,0,0,0,0,102,0,27,75,Province,,Jambi,Indonesia,Asia,Sumatera,UTC+07:00,,9,2,141,163,1399,50058,3493357,69.79,102.7236404,-1.69769766,0.00,29.20,0.00,0.00,0.00%,26.47%,1.00,1.00
6/8/2020,ID-MU,Maluku Utara,0,0,0,0,186,19,33,134,Province,,Maluku Utara,Indonesia,Asia,Maluku,UTC+09:00,,8,2,116,118,1063,31983,1307803,40.89,127.5391072,0.212036949,0.00,142.22,0.00,14.53,10.22%,17.74%,0.00,1.00
6/8/2020,ID-SU,Sumatera Utara,2,2,10,-10,611,51,182,378,Province,,Sumatera Utara,Indonesia,Asia,Sumatera,UTC+07:00,,25,8,450,693,5417,72981,14874889,203.82,99.05196442,2.191894453,0.13,41.08,0.13,3.43,8.35%,29.79%,,
6/8/2020,IDN,Indonesia,847,32,406,409,32033,1883,10904,19246,Country,,,Indonesia,Asia,,,,416,98,7230,8488,74953,1916907,265185520,138.34,113.921327,-0.789275,3.19,120.79,0.12,7.10,5.88%,34.04%,1.26,0.64
6/8/2020,ID-LA,Lampung,1,0,1,0,144,11,95,38,Province,,Lampung,Indonesia,Asia,Sumatera,UTC+07:00,,13,2,228,205,2435,34624,9095591,262.70,105.0214366,-4.916792975,0.11,15.83,0.00,1.21,7.64%,65.97%,1.00,1.00
6/8/2020,ID-PB,Papua Barat,0,0,0,0,179,1,74,104,Province,,Papua Barat,Indonesia,Asia,Papua,UTC+09:00,Daerah Khusus,12,1,218,95,1742,102955,1140701,11.08,132.9762624,-2.045160182,0.00,156.92,0.00,0.88,0.56%,41.34%,0.00,1.00
6/8/2020,ID-SN,Sulawesi Selatan,110,0,0,110,2005,93,672,1240,Province,,Sulawesi Selatan,Indonesia,Asia,Sulawesi,UTC+08:00,,21,3,311,792,2255,46717,9426885,201.78,120.1620559,-3.731080714,11.67,212.69,0.00,9.87,4.64%,33.52%,1.72,1.00
6/8/2020,ID-JI,Jawa Timur,365,19,90,256,6264,501,1487,4276,Province,,Jawa Timur,Indonesia,Asia,Jawa,UTC+07:00,,29,9,666,777,7724,47803,40479023,846.78,112.7329414,-7.723345579,9.02,154.75,0.47,12.38,8.00%,23.74%,3.23,0.95
6/8/2020,ID-KI,Kalimantan Timur,9,0,3,6,335,3,211,121,Province,,Kalimantan Timur,Indonesia,Asia,Kalimantan,UTC+08:00,,7,3,103,197,841,129067,3552191,27.52,116.4684405,0.45385803,2.53,94.31,0.00,0.84,0.90%,62.99%,4.50,1.00
6/8/2020,ID-KB,Kalimantan Barat,0,0,3,-3,207,2,116,89,Province,,Kalimantan Barat,Indonesia,Asia,Kalimantan,UTC+07:00,,12,2,174,99,2031,147307,5422814,36.81,111.1211776,-0.086474572,0.00,38.17,0.00,0.37,0.97%,56.04%,1.00,1.00
6/8/2020,ID-AC,Aceh,0,0,0,0,20,1,18,1,Province,,Aceh,Indonesia,Asia,Sumatera,UTC+07:00,Daerah Khusus,18,5,289,,6497,57956,5247257,90.54,96.91052174,4.225614628,0.00,3.81,0.00,0.19,5.00%,90.00%,1.00,1.00
6/8/2020,ID-MA,Maluku,38,0,13,25,307,8,79,220,Province,,Maluku,Indonesia,Asia,Maluku,UTC+09:00,,9,2,118,35,1198,46914,1847097,39.37,129.576792,-3.192572,20.57,166.21,0.00,4.33,2.61%,25.73%,4.75,1.00
6/8/2020,ID-JK,DKI Jakarta,89,0,76,13,7629,509,3167,3953,Province,,DKI Jakarta,Indonesia,Asia,Jawa,UTC+07:00,Daerah Khusus Ibu Kota,1,5,44,267,,664,10846145,16334.31,106.8361183,-6.204698991,8.21,703.38,0.00,46.93,6.67%,41.51%,0.55,0.00
6/8/2020,ID-SB,Sumatera Barat,0,0,11,-11,615,27,356,232,Province,,Sumatera Barat,Indonesia,Asia,Sumatera,UTC+07:00,,12,7,179,230,928,42013,5519245,131.37,100.4650624,-0.850253225,0.00,111.43,0.00,4.89,4.39%,57.89%,0.00,1.00
6/8/2020,ID-JT,Jawa Tengah,27,0,10,17,1631,88,413,1130,Province,,Jawa Tengah,Indonesia,Asia,Jawa,UTC+07:00,,29,6,576,753,7809,32801,36364072,1108.64,110.2011149,-7.259097177,0.74,44.85,0.00,2.42,5.40%,25.32%,0.53,0.00
6/8/2020,ID-BB,Kepulauan Bangka Belitung,0,0,1,-1,102,1,36,65,Province,,Kepulauan Bangka Belitung,Indonesia,Asia,Sumatera,UTC+07:00,,6,1,47,82,309,16424,1379767,84.01,106.5499324,-2.447444127,0.00,73.93,0.00,0.72,0.98%,35.29%,0.00,1.00
6/8/2020,ID-SR,Sulawesi Barat,0,0,1,-1,94,2,62,30,Province,,Sulawesi Barat,Indonesia,Asia,Sulawesi,UTC+08:00,,6,,69,73,575,16787,1559984,92.93,119.3450194,-2.461746053,0.00,60.26,0.00,1.28,2.13%,65.96%,0.00,1.00
6/8/2020,ID-SA,Sulawesi Utara,15,2,9,4,508,47,72,389,Province,,Sulawesi Utara,Indonesia,Asia,Sulawesi,UTC+08:00,,11,4,171,332,1507,13892,2641884,190.17,124.5212396,1.259638212,5.68,192.29,0.76,17.79,9.25%,14.17%,0.60,1.00
6/8/2020,ID-BE,Bengkulu,0,0,0,0,92,4,40,48,Province,,Bengkulu,Indonesia,Asia,Sumatera,UTC+07:00,,9,1,129,172,1341,19919,1999539,100.38,102.3384213,-3.533583627,0.00,46.01,0.00,2.00,4.35%,43.48%,1.00,1.00
6/8/2020,ID-BT,Banten,11,0,2,9,988,70,372,546,Province,,Banten,Indonesia,Asia,Jawa,UTC+07:00,,4,4,155,313,1238,9663,10722374,1109.64,106.1090043,-6.456736388,1.03,92.14,0.00,6.53,7.09%,37.65%,1.10,1.00
6/9/2020,ID-GO,Gorontalo,5,1,8,-4,139,7,62,70,Province,,Gorontalo,Indonesia,Asia,Sulawesi,UTC+08:00,,5,1,77,72,657,11257,1180651,104.88,122.3760581,0.687002604,4.23,117.73,0.85,5.93,5.04%,44.60%,,
6/9/2020,ID-SG,Sulawesi Tenggara,4,0,17,-13,260,5,172,83,Province,,Sulawesi Tenggara,Indonesia,Asia,Sulawesi,UTC+08:00,,15,2,219,377,1911,38068,2635461,69.23,122.070311,-4.124688793,1.52,98.65,0.00,1.90,1.92%,66.15%,,1.00
6/9/2020,ID-YO,Daerah Istimewa Yogyakarta,2,0,6,-4,234,8,194,32,Province,,Daerah Istimewa Yogyakarta,Indonesia,Asia,Jawa,UTC+07:00,Daerah Istimewa,4,1,78,46,392,3133,3631015,1158.90,110.4448783,-7.89450185,0.55,64.44,0.00,2.20,3.42%,82.91%,0.67,1.00
6/9/2020,ID-NB,Nusa Tenggara Barat,8,3,0,5,828,25,325,478,Province,,Nusa Tenggara Barat,Indonesia,Asia,Nusa Tenggara,UTC+08:00,,8,2,117,145,995,18572,5270247,283.77,117.5086257,-8.606998866,1.52,157.11,0.57,4.74,3.02%,39.25%,0.57,3.00
6/9/2020,ID-SU,Sumatera Utara,11,4,0,7,622,55,182,385,Province,,Sumatera Utara,Indonesia,Asia,Sumatera,UTC+07:00,,25,8,450,693,5417,72981,14874889,203.82,99.05196442,2.191894453,0.74,41.82,0.27,3.70,8.84%,29.26%,5.50,2.00
6/9/2020,ID-BE,Bengkulu,0,0,6,-6,92,4,46,42,Province,,Bengkulu,Indonesia,Asia,Sumatera,UTC+07:00,,9,1,129,172,1341,19919,1999539,100.38,102.3384213,-3.533583627,0.00,46.01,0.00,2.00,4.35%,50.00%,1.00,1.00
6/9/2020,ID-BT,Banten,15,1,19,-5,1003,71,391,541,Province,,Banten,Indonesia,Asia,Jawa,UTC+07:00,,4,4,155,313,1238,9663,10722374,1109.64,106.1090043,-6.456736388,1.40,93.54,0.09,6.62,7.08%,38.98%,1.36,
6/9/2020,ID-KT,Kalimantan Tengah,18,0,0,18,518,27,162,329,Province,,Kalimantan Tengah,Indonesia,Asia,Kalimantan,UTC+07:00,,13,1,136,139,1432,153565,2570289,16.74,113.4176536,-1.602484653,7.00,201.53,0.00,10.50,5.21%,31.27%,2.25,0.00
6/9/2020,ID-KR,Kepulauan Riau,0,1,2,-3,223,15,120,88,Province,,Kepulauan Riau,Indonesia,Asia,Sumatera,UTC+07:00,,5,2,75,142,275,8202,1929400,235.24,108.261746,3.916346,0.00,115.58,0.52,7.77,6.73%,53.81%,1.00,
6/9/2020,ID-NT,Nusa Tenggara Timur,0,0,0,0,103,1,30,72,Province,,Nusa Tenggara Timur,Indonesia,Asia,Nusa Tenggara,UTC+08:00,,21,1,309,327,3026,48718,5411321,111.07,121.592271,-8.682205,0.00,19.03,0.00,0.18,0.97%,29.13%,0.00,1.00
6/9/2020,ID-BA,Bali,14,0,32,-18,599,3,412,184,Province,,Bali,Indonesia,Asia,Nusa Tenggara,UTC+08:00,,8,1,57,80,636,5780,4216171,729.43,115.1317136,-8.369471688,3.32,142.07,0.00,0.71,0.50%,68.78%,1.17,1.00
6/9/2020,ID-SS,Sumatera Selatan,30,0,11,19,1186,40,401,745,Province,,Sumatera Selatan,Indonesia,Asia,Sumatera,UTC+07:00,,13,4,241,387,2853,91592,8217551,89.72,104.1694647,-3.216211808,3.65,144.33,0.00,4.87,3.37%,33.81%,1.03,1.00
6/9/2020,ID-KU,Kalimantan Utara,1,0,1,0,170,2,130,38,Province,,Kalimantan Utara,Indonesia,Asia,Kalimantan,UTC+08:00,,4,1,53,35,447,75468,648407,8.59,116.2188791,2.891012621,1.54,262.18,0.00,3.08,1.18%,76.47%,,1.00
6/9/2020,ID-KS,Kalimantan Selatan,91,4,1,86,1437,104,118,1215,Province,,Kalimantan Selatan,Indonesia,Asia,Kalimantan,UTC+08:00,,11,2,153,144,1864,38744,4023049,103.84,115.4385783,-2.993594979,22.62,357.19,0.99,25.85,7.24%,8.21%,1.47,1.33
6/9/2020,ID-JB,Jawa Barat,25,0,10,15,2377,156,958,1263,Province,,Jawa Barat,Indonesia,Asia,Jawa,UTC+07:00,,18,9,627,645,5312,35378,45161325,1276.55,107.6037083,-6.920432083,0.55,52.63,0.00,3.45,6.56%,40.30%,1.25,0.00
6/9/2020,ID-MU,Maluku Utara,4,0,0,4,190,19,33,138,Province,,Maluku Utara,Indonesia,Asia,Maluku,UTC+09:00,,8,2,116,118,1063,31983,1307803,40.89,127.5391072,0.212036949,3.06,145.28,0.00,14.53,10.00%,17.37%,,1.00
6/9/2020,ID-ST,Sulawesi Tengah,0,0,0,0,159,4,93,62,Province,,Sulawesi Tengah,Indonesia,Asia,Sulawesi,UTC+08:00,,12,1,175,175,1842,61841,2955567,47.79,121.2010927,-1.00413668,0.00,53.80,0.00,1.35,2.52%,58.49%,1.00,1.00
6/9/2020,ID-RI,Riau,2,0,4,-2,119,6,107,6,Province,,Riau,Indonesia,Asia,Sumatera,UTC+07:00,,10,2,169,268,1591,87024,6074100,69.80,101.8051092,0.511647851,0.33,19.59,0.00,0.99,5.04%,89.92%,,1.00
6/9/2020,ID-JA,Jambi,0,0,0,0,102,0,27,75,Province,,Jambi,Indonesia,Asia,Sumatera,UTC+07:00,,9,2,141,163,1399,50058,3493357,69.79,102.7236404,-1.69769766,0.00,29.20,0.00,0.00,0.00%,26.47%,1.00,1.00
6/9/2020,ID-PA,Papua,18,0,0,18,1107,7,78,1022,Province,,Papua,Indonesia,Asia,Papua,UTC+09:00,Daerah Khusus,28,1,560,110,5411,319036,4340348,13.60,138.69603,-4.66620953,4.15,255.05,0.00,1.61,0.63%,7.05%,0.69,1.00
6/9/2020,IDN,Indonesia,1043,40,510,493,33076,1923,11414,19739,Country,,,Indonesia,Asia,,,,416,98,7230,8488,74953,1916907,265185520,138.34,113.921327,-0.789275,3.93,124.73,0.15,7.25,5.81%,34.51%,1.23,1.25
6/9/2020,ID-PB,Papua Barat,4,0,1,3,183,1,75,107,Province,,Papua Barat,Indonesia,Asia,Papua,UTC+09:00,Daerah Khusus,12,1,218,95,1742,102955,1140701,11.08,132.9762624,-2.045160182,3.51,160.43,0.00,0.88,0.55%,40.98%,,1.00
6/9/2020,ID-KB,Kalimantan Barat,24,0,0,24,231,2,116,113,Province,,Kalimantan Barat,Indonesia,Asia,Kalimantan,UTC+07:00,,12,2,174,99,2031,147307,5422814,36.81,111.1211776,-0.086474572,4.43,42.60,0.00,0.37,0.87%,50.22%,,1.00
6/9/2020,ID-SA,Sulawesi Utara,41,0,0,41,549,47,72,430,Province,,Sulawesi Utara,Indonesia,Asia,Sulawesi,UTC+08:00,,11,4,171,332,1507,13892,2641884,190.17,124.5212396,1.259638212,15.52,207.81,0.00,17.79,8.56%,13.11%,2.73,0.00
6/9/2020,ID-LA,Lampung,3,0,3,0,147,11,98,38,Province,,Lampung,Indonesia,Asia,Sumatera,UTC+07:00,,13,2,228,205,2435,34624,9095591,262.70,105.0214366,-4.916792975,0.33,16.16,0.00,1.21,7.48%,66.67%,3.00,1.00
6/9/2020,ID-SN,Sulawesi Selatan,180,3,31,146,2185,96,703,1386,Province,,Sulawesi Selatan,Indonesia,Asia,Sulawesi,UTC+08:00,,21,3,311,792,2255,46717,9426885,201.78,120.1620559,-3.731080714,19.09,231.78,0.32,10.18,4.39%,32.17%,1.64,
6/9/2020,ID-KI,Kalimantan Timur,13,0,3,10,348,3,214,131,Province,,Kalimantan Timur,Indonesia,Asia,Kalimantan,UTC+08:00,,7,3,103,197,841,129067,3552191,27.52,116.4684405,0.45385803,3.66,97.97,0.00,0.84,0.86%,61.49%,1.44,1.00
6/9/2020,ID-JI,Jawa Timur,220,12,85,123,6484,513,1572,4399,Province,,Jawa Timur,Indonesia,Asia,Jawa,UTC+07:00,,29,9,666,777,7724,47803,40479023,846.78,112.7329414,-7.723345579,5.43,160.18,0.30,12.67,7.91%,24.24%,0.60,0.63
6/9/2020,ID-AC,Aceh,0,0,0,0,20,1,18,1,Province,,Aceh,Indonesia,Asia,Sumatera,UTC+07:00,Daerah Khusus,18,5,289,,6497,57956,5247257,90.54,96.91052174,4.225614628,0.00,3.81,0.00,0.19,5.00%,90.00%,1.00,1.00
6/9/2020,ID-JK,DKI Jakarta,232,4,165,63,7861,513,3332,4016,Province,,DKI Jakarta,Indonesia,Asia,Jawa,UTC+07:00,Daerah Khusus Ibu Kota,1,5,44,267,,664,10846145,16334.31,106.8361183,-6.204698991,21.39,724.77,0.37,47.30,6.53%,42.39%,2.61,
6/9/2020,ID-SR,Sulawesi Barat,0,0,1,-1,94,2,63,29,Province,,Sulawesi Barat,Indonesia,Asia,Sulawesi,UTC+08:00,,6,,69,73,575,16787,1559984,92.93,119.3450194,-2.461746053,0.00,60.26,0.00,1.28,2.13%,67.02%,1.00,1.00
6/9/2020,ID-MA,Maluku,8,0,9,-1,315,8,88,219,Province,,Maluku,Indonesia,Asia,Maluku,UTC+09:00,,9,2,118,35,1198,46914,1847097,39.37,129.576792,-3.192572,4.33,170.54,0.00,4.33,2.54%,27.94%,0.21,1.00
6/9/2020,ID-SB,Sumatera Barat,19,2,10,7,634,29,366,239,Province,,Sumatera Barat,Indonesia,Asia,Sumatera,UTC+07:00,,12,7,179,230,928,42013,5519245,131.37,100.4650624,-0.850253225,3.44,114.87,0.36,5.25,4.57%,57.73%,,
6/9/2020,ID-BB,Kepulauan Bangka Belitung,19,0,5,14,121,1,41,79,Province,,Kepulauan Bangka Belitung,Indonesia,Asia,Sumatera,UTC+07:00,,6,1,47,82,309,16424,1379767,84.01,106.5499324,-2.447444127,13.77,87.70,0.00,0.72,0.83%,33.88%,,1.00
6/9/2020,ID-JT,Jawa Tengah,32,5,80,-53,1663,93,493,1077,Province,,Jawa Tengah,Indonesia,Asia,Jawa,UTC+07:00,,29,6,576,753,7809,32801,36364072,1108.64,110.2011149,-7.259097177,0.88,45.73,0.14,2.56,5.59%,29.65%,1.19,
6/10/2020,ID-GO,Gorontalo,6,0,7,-1,145,7,69,69,Province,,Gorontalo,Indonesia,Asia,Sulawesi,UTC+08:00,,5,1,77,72,657,11257,1180651,104.88,122.3760581,0.687002604,5.08,122.81,0.00,5.93,4.83%,47.59%,1.20,0.00
6/10/2020,ID-YO,Daerah Istimewa Yogyakarta,1,0,3,-2,235,8,197,30,Province,,Daerah Istimewa Yogyakarta,Indonesia,Asia,Jawa,UTC+07:00,Daerah Istimewa,4,1,78,46,392,3133,3631015,1158.90,110.4448783,-7.89450185,0.28,64.72,0.00,2.20,3.40%,83.83%,0.50,1.00
6/10/2020,ID-BE,Bengkulu,0,0,1,-1,92,4,47,41,Province,,Bengkulu,Indonesia,Asia,Sumatera,UTC+07:00,,9,1,129,172,1341,19919,1999539,100.38,102.3384213,-3.533583627,0.00,46.01,0.00,2.00,4.35%,51.09%,1.00,1.00
6/10/2020,ID-NT,Nusa Tenggara Timur,2,0,7,-5,105,1,37,67,Province,,Nusa Tenggara Timur,Indonesia,Asia,Nusa Tenggara,UTC+08:00,,21,1,309,327,3026,48718,5411321,111.07,121.592271,-8.682205,0.37,19.40,0.00,0.18,0.95%,35.24%,,1.00
6/10/2020,ID-RI,Riau,0,0,0,0,119,6,107,6,Province,,Riau,Indonesia,Asia,Sumatera,UTC+07:00,,10,2,169,268,1591,87024,6074100,69.80,101.8051092,0.511647851,0.00,19.59,0.00,0.99,5.04%,89.92%,0.00,1.00
6/10/2020,ID-BB,Kepulauan Bangka Belitung,2,0,1,1,123,1,42,80,Province,,Kepulauan Bangka Belitung,Indonesia,Asia,Sumatera,UTC+07:00,,6,1,47,82,309,16424,1379767,84.01,106.5499324,-2.447444127,1.45,89.15,0.00,0.72,0.81%,34.15%,0.11,1.00
6/10/2020,ID-JT,Jawa Tengah,139,0,118,21,1802,93,611,1098,Province,,Jawa Tengah,Indonesia,Asia,Jawa,UTC+07:00,,29,6,576,753,7809,32801,36364072,1108.64,110.2011149,-7.259097177,3.82,49.55,0.00,2.56,5.16%,33.91%,4.34,0.00
6/10/2020,ID-SU,Sumatera Utara,17,1,4,12,639,56,186,397,Province,,Sumatera Utara,Indonesia,Asia,Sumatera,UTC+07:00,,25,8,450,693,5417,72981,14874889,203.82,99.05196442,2.191894453,1.14,42.96,0.07,3.76,8.76%,29.11%,1.55,0.25
6/10/2020,ID-SG,Sulawesi Tenggara,1,0,2,-1,261,5,174,82,Province,,Sulawesi Tenggara,Indonesia,Asia,Sulawesi,UTC+08:00,,15,2,219,377,1911,38068,2635461,69.23,122.070311,-4.124688793,0.38,99.03,0.00,1.90,1.92%,66.67%,0.25,1.00
6/10/2020,ID-JK,DKI Jakarta,157,2,146,9,8018,515,3478,4025,Province,,DKI Jakarta,Indonesia,Asia,Jawa,UTC+07:00,Daerah Khusus Ibu Kota,1,5,44,267,,664,10846145,16334.31,106.8361183,-6.204698991,14.48,739.25,0.18,47.48,6.42%,43.38%,0.68,0.50
6/10/2020,ID-SR,Sulawesi Barat,1,0,0,1,95,2,63,30,Province,,Sulawesi Barat,Indonesia,Asia,Sulawesi,UTC+08:00,,6,,69,73,575,16787,1559984,92.93,119.3450194,-2.461746053,0.64,60.90,0.00,1.28,2.11%,66.32%,,1.00
6/10/2020,ID-KI,Kalimantan Timur,11,0,5,6,359,3,219,137,Province,,Kalimantan Timur,Indonesia,Asia,Kalimantan,UTC+08:00,,7,3,103,197,841,129067,3552191,27.52,116.4684405,0.45385803,3.10,101.06,0.00,0.84,0.84%,61.00%,0.85,1.00
6/10/2020,ID-MA,Maluku,13,0,0,13,328,8,88,232,Province,,Maluku,Indonesia,Asia,Maluku,UTC+09:00,,9,2,118,35,1198,46914,1847097,39.37,129.576792,-3.192572,7.04,177.58,0.00,4.33,2.44%,26.83%,1.63,1.00
6/10/2020,ID-KB,Kalimantan Barat,11,0,23,-12,242,2,139,101,Province,,Kalimantan Barat,Indonesia,Asia,Kalimantan,UTC+07:00,,12,2,174,99,2031,147307,5422814,36.81,111.1211776,-0.086474572,2.03,44.63,0.00,0.37,0.83%,57.44%,0.46,1.00
6/10/2020,ID-SA,Sulawesi Utara,19,3,7,9,568,50,79,439,Province,,Sulawesi Utara,Indonesia,Asia,Sulawesi,UTC+08:00,,11,4,171,332,1507,13892,2641884,190.17,124.5212396,1.259638212,7.19,215.00,1.14,18.93,8.80%,13.91%,0.46,
6/10/2020,ID-PA,Papua,29,0,0,29,1136,7,78,1051,Province,,Papua,Indonesia,Asia,Papua,UTC+09:00,Daerah Khusus,28,1,560,110,5411,319036,4340348,13.60,138.69603,-4.66620953,6.68,261.73,0.00,1.61,0.62%,6.87%,1.61,1.00
6/10/2020,ID-SB,Sumatera Barat,14,0,28,-14,648,29,394,225,Province,,Sumatera Barat,Indonesia,Asia,Sumatera,UTC+07:00,,12,7,179,230,928,42013,5519245,131.37,100.4650624,-0.850253225,2.54,117.41,0.00,5.25,4.48%,60.80%,0.74,0.00
6/10/2020,ID-JB,Jawa Barat,50,0,33,17,2427,156,991,1280,Province,,Jawa Barat,Indonesia,Asia,Jawa,UTC+07:00,,18,9,627,645,5312,35378,45161325,1276.55,107.6037083,-6.920432083,1.11,53.74,0.00,3.45,6.43%,40.83%,2.00,1.00
6/10/2020,ID-MU,Maluku Utara,13,0,4,9,203,19,37,147,Province,,Maluku Utara,Indonesia,Asia,Maluku,UTC+09:00,,8,2,116,118,1063,31983,1307803,40.89,127.5391072,0.212036949,9.94,155.22,0.00,14.53,9.36%,18.23%,3.25,1.00
6/10/2020,ID-SS,Sumatera Selatan,41,4,48,-11,1227,44,449,734,Province,,Sumatera Selatan,Indonesia,Asia,Sumatera,UTC+07:00,,13,4,241,387,2853,91592,8217551,89.72,104.1694647,-3.216211808,4.99,149.31,0.49,5.35,3.59%,36.59%,1.37,
6/10/2020,ID-ST,Sulawesi Tengah,0,0,1,-1,159,4,94,61,Province,,Sulawesi Tengah,Indonesia,Asia,Sulawesi,UTC+08:00,,12,1,175,175,1842,61841,2955567,47.79,121.2010927,-1.00413668,0.00,53.80,0.00,1.35,2.52%,59.12%,1.00,1.00
6/10/2020,ID-KT,Kalimantan Tengah,15,1,11,3,533,28,173,332,Province,,Kalimantan Tengah,Indonesia,Asia,Kalimantan,UTC+07:00,,13,1,136,139,1432,153565,2570289,16.74,113.4176536,-1.602484653,5.84,207.37,0.39,10.89,5.25%,32.46%,0.83,
6/10/2020,ID-KR,Kepulauan Riau,0,0,1,-1,223,15,121,87,Province,,Kepulauan Riau,Indonesia,Asia,Sumatera,UTC+07:00,,5,2,75,142,275,8202,1929400,235.24,108.261746,3.916346,0.00,115.58,0.00,7.77,6.73%,54.26%,1.00,0.00
6/10/2020,ID-NB,Nusa Tenggara Barat,27,3,79,-55,855,28,404,423,Province,,Nusa Tenggara Barat,Indonesia,Asia,Nusa Tenggara,UTC+08:00,,8,2,117,145,995,18572,5270247,283.77,117.5086257,-8.606998866,5.12,162.23,0.57,5.31,3.27%,47.25%,3.38,1.00
6/10/2020,ID-AC,Aceh,2,0,0,2,22,1,18,3,Province,,Aceh,Indonesia,Asia,Sumatera,UTC+07:00,Daerah Khusus,18,5,289,,6497,57956,5247257,90.54,96.91052174,4.225614628,0.38,4.19,0.00,0.19,4.55%,81.82%,,1.00
6/10/2020,ID-JI,Jawa Timur,273,16,97,160,6757,529,1669,4559,Province,,Jawa Timur,Indonesia,Asia,Jawa,UTC+07:00,,29,9,666,777,7724,47803,40479023,846.78,112.7329414,-7.723345579,6.74,166.93,0.40,13.07,7.83%,24.70%,1.24,1.33
6/10/2020,ID-PB,Papua Barat,8,0,9,-1,191,1,84,106,Province,,Papua Barat,Indonesia,Asia,Papua,UTC+09:00,Daerah Khusus,12,1,218,95,1742,102955,1140701,11.08,132.9762624,-2.045160182,7.01,167.44,0.00,0.88,0.52%,43.98%,2.00,1.00
6/10/2020,ID-LA,Lampung,2,0,3,-1,149,11,101,37,Province,,Lampung,Indonesia,Asia,Sumatera,UTC+07:00,,13,2,228,205,2435,34624,9095591,262.70,105.0214366,-4.916792975,0.22,16.38,0.00,1.21,7.38%,67.79%,0.67,1.00
6/10/2020,ID-KS,Kalimantan Selatan,127,4,10,113,1564,108,128,1328,Province,,Kalimantan Selatan,Indonesia,Asia,Kalimantan,UTC+08:00,,11,2,153,144,1864,38744,4023049,103.84,115.4385783,-2.993594979,31.57,388.76,0.99,26.85,6.91%,8.18%,1.40,1.00
6/10/2020,ID-KU,Kalimantan Utara,0,0,3,-3,170,2,133,35,Province,,Kalimantan Utara,Indonesia,Asia,Kalimantan,UTC+08:00,,4,1,53,35,447,75468,648407,8.59,116.2188791,2.891012621,0.00,262.18,0.00,3.08,1.18%,78.24%,0.00,1.00
6/10/2020,ID-BT,Banten,35,1,10,24,1038,72,401,565,Province,,Banten,Indonesia,Asia,Jawa,UTC+07:00,,4,4,155,313,1238,9663,10722374,1109.64,106.1090043,-6.456736388,3.26,96.81,0.09,6.71,6.94%,38.63%,2.33,1.00
6/10/2020,ID-SN,Sulawesi Selatan,189,1,53,135,2374,97,756,1521,Province,,Sulawesi Selatan,Indonesia,Asia,Sulawesi,UTC+08:00,,21,3,311,792,2255,46717,9426885,201.78,120.1620559,-3.731080714,20.05,251.83,0.11,10.29,4.09%,31.84%,1.05,0.33
6/10/2020,IDN,Indonesia,1241,36,715,490,34317,1959,12129,20229,Country,,,Indonesia,Asia,,,,416,98,7230,8488,74953,1916907,265185520,138.34,113.921327,-0.789275,4.68,129.41,0.14,7.39,5.71%,35.34%,1.19,0.90
6/10/2020,ID-BA,Bali,32,0,3,29,631,3,415,213,Province,,Bali,Indonesia,Asia,Nusa Tenggara,UTC+08:00,,8,1,57,80,636,5780,4216171,729.43,115.1317136,-8.369471688,7.59,149.66,0.00,0.71,0.48%,65.77%,2.29,1.00
6/10/2020,ID-JA,Jambi,2,0,0,2,104,0,27,77,Province,,Jambi,Indonesia,Asia,Sumatera,UTC+07:00,,9,2,141,163,1399,50058,3493357,69.79,102.7236404,-1.69769766,0.57,29.77,0.00,0.00,0.00%,25.96%,,1.00
